iamfloc,repair_date,project_type,avg_crashes_before,avg_crashes_after,crashes_per_mile_before,crashes_per_mile_after,crash_reduction,crash_reduction_pct
SS-020778-PV1,2017-01-03,OVERLAY,0.0,0.0,0.0,0.0,0.0,
SS-030502-PV1,2017-01-04,OVERLAY,0.0,0.0,0.0,0.0,0.0,
SS-020779-PV1,2017-01-04,OVERLAY,0.0,0.5,0.0,1.4417130959265105,-0.5,
SS-020773-PV1,2017-01-04,OVERLAY,0.0,0.0,0.0,0.0,0.0,
SS-007561-PV1,2017-01-17,OVERLAY,0.0,0.0,0.0,0.0,0.0,
SS-007560-PV1,2017-01-17,OVERLAY,2.0,2.5,51.26216080687418,64.07770100859273,-0.5,-25.0
SS-006516-PV1,2017-01-18,OVERLAY,0.0,0.0,0.0,0.0,0.0,
SS-001401-PV1,2017-01-18,OVERLAY,0.0,0.0,0.0,0.0,0.0,
SS-001402-PV1,2017-01-18,OVERLAY,0.0,0.0,0.0,0.0,0.0,
SS-001432-PV1,2017-01-18,OVERLAY,0.0,2.0,0.0,36.47303033547589,-2.0,
SS-025039-PV1,2017-01-25,SLURRY,0.0,0.0,0.0,0.0,0.0,
SS-025038-PV1,2017-01-25,SLURRY,0.0,0.0,0.0,0.0,0.0,
SS-025036-PV1,2017-01-25,SLURRY,0.0,0.0,0.0,0.0,0.0,
SS-025040-PV1,2017-01-25,SLURRY,0.0,0.0,0.0,0.0,0.0,
SS-001837-PV1,2017-01-25,SLURRY,0.0,0.0,0.0,0.0,0.0,
SS-006324-PV1,2017-01-25,OVERLAY,0.0,0.0,0.0,0.0,0.0,
SS-026184-PV1,2017-01-25,OVERLAY,0.0,0.0,0.0,0.0,0.0,
SS-026187-PV1,2017-01-25,OVERLAY,0.0,0.0,0.0,0.0,0.0,
SS-027954-PV1,2017-01-25,OVERLAY,0.0,0.0,0.0,0.0,0.0,
SS-006791-PV1,2017-01-26,OVERLAY,0.0,0.0,0.0,0.0,0.0,
SS-006322-PV1,2017-01-26,OVERLAY,0.0,0.0,0.0,0.0,0.0,
SS-001834-PV1,2017-01-27,SLURRY,0.0,0.0,0.0,0.0,0.0,
SS-001835-PV1,2017-01-27,SLURRY,0.0,0.0,0.0,0.0,0.0,
SS-001836-PV1,2017-01-27,SLURRY,0.0,0.0,0.0,0.0,0.0,
SS-022655-PV1,2017-01-27,SLURRY,0.0,0.0,0.0,0.0,0.0,
SS-022219-PV1,2017-01-27,SLURRY,0.0,0.0,0.0,0.0,0.0,
SS-009817-PV1,2017-01-27,SLURRY,0.0,0.0,0.0,0.0,0.0,
SS-022656-PV1,2017-01-27,SLURRY,0.0,0.0,0.0,0.0,0.0,
SS-022660-PV1,2017-01-27,SLURRY,0.0,0.0,0.0,0.0,0.0,
SS-022661-PV1,2017-01-27,SLURRY,0.0,0.0,0.0,0.0,0.0,
SS-009816-PV1,2017-01-27,SLURRY,0.0,0.0,0.0,0.0,0.0,
SS-020588-PV1,2017-01-29,SLURRY,0.0,3.0,0.0,193.15683383756536,-3.0,
SS-020589-PV1,2017-01-29,SLURRY,0.0,0.0,0.0,0.0,0.0,
SS-020586-PV1,2017-01-29,SLURRY,0.0,3.5,0.0,51.819559135566756,-3.5,
SS-020584-PV1,2017-01-29,SLURRY,0.0,0.0,0.0,0.0,0.0,
SS-020583-PV1,2017-01-29,SLURRY,0.0,0.0,0.0,0.0,0.0,
SS-020582-PV1,2017-01-29,SLURRY,2.0,0.5,88.7268950880085,22.181723772002126,1.5,75.0
SS-020581-PV1,2017-01-29,SLURRY,0.0,0.0,0.0,0.0,0.0,
SS-020591-PV1,2017-01-29,SLURRY,0.0,0.0,0.0,0.0,0.0,
SS-020592-PV1,2017-01-29,SLURRY,0.0,3.0,0.0,216.904293719087,-3.0,
SS-020605-PV1,2017-01-29,SLURRY,0.0,0.0,0.0,0.0,0.0,
SS-020606-PV1,2017-01-29,SLURRY,0.0,0.0,0.0,0.0,0.0,
SS-020607-PV1,2017-01-29,SLURRY,0.0,0.0,0.0,0.0,0.0,
SS-020608-PV1,2017-01-29,SLURRY,0.0,0.0,0.0,0.0,0.0,
SS-020609-PV1,2017-01-29,SLURRY,0.0,0.5,0.0,7.039100872181925,-0.5,
SS-020610-PV1,2017-01-29,SLURRY,0.0,2.0,0.0,27.713109481741235,-2.0,
SS-020611-PV1,2017-01-29,SLURRY,0.0,0.0,0.0,0.0,0.0,
SS-007078-PV1,2017-01-30,SLURRY,0.0,0.0,0.0,0.0,0.0,
SS-008293-PV1,2017-01-30,SLURRY,0.0,0.0,0.0,0.0,0.0,
SS-000947-PV1,2017-01-30,SLURRY,1.0,1.0,7.9869836369698115,7.9869836369698115,0.0,0.0
SS-007075-PV1,2017-01-30,SLURRY,0.0,0.5,0.0,3.738923439311041,-0.5,
SS-000915-PV1,2017-01-30,SLURRY,0.0,0.0,0.0,0.0,0.0,
SS-022663-PV1,2017-01-30,SLURRY,0.0,0.5,0.0,10.658299363368474,-0.5,
SS-000914-PV1,2017-01-30,SLURRY,0.0,0.0,0.0,0.0,0.0,
SS-028869-PV1,2017-01-30,SLURRY,1.0,0.0,7.763497973403549,0.0,1.0,100.0
SS-022662-PV1,2017-01-30,SLURRY,0.0,0.0,0.0,0.0,0.0,
SS-014643-PV1,2017-01-30,SLURRY,0.0,0.0,0.0,0.0,0.0,
SS-014642-PV1,2017-01-30,SLURRY,0.0,0.0,0.0,0.0,0.0,
SS-000948-PV1,2017-01-30,SLURRY,0.0,1.0,0.0,7.775298583246352,-1.0,
SS-025041-PV1,2017-01-30,SLURRY,0.0,0.0,0.0,0.0,0.0,
SS-013109-PV1,2017-01-31,SLURRY,0.0,0.0,0.0,0.0,0.0,
SS-007076-PV1,2017-01-31,SLURRY,1.0,0.0,8.366157561683378,0.0,1.0,100.0
SS-007077-PV1,2017-01-31,SLURRY,0.0,0.5,0.0,4.005290624798029,-0.5,
SS-002247-PV1,2017-01-31,SLURRY,1.0,5.0,2.6175071070523224,13.087535535261614,-4.0,-400.0
SS-003106-PV1,2017-01-31,SLURRY,0.0,0.0,0.0,0.0,0.0,
SS-002246-PV1,2017-01-31,SLURRY,0.0,0.0,0.0,0.0,0.0,
SS-000922-PV1,2017-01-31,SLURRY,1.0,1.5,8.354430379746836,12.531645569620254,-0.5,-50.0
SS-022664-PV1,2017-01-31,SLURRY,0.0,0.0,0.0,0.0,0.0,
SS-009483-PV1,2017-01-31,SLURRY,0.0,0.0,0.0,0.0,0.0,
SS-000923-PV1,2017-01-31,SLURRY,0.0,1.5,0.0,12.0,-1.5,
SS-000924-PV1,2017-01-31,SLURRY,0.0,0.5,0.0,3.8880706921944035,-0.5,
SS-000869-PV1,2017-01-31,SLURRY,1.0,0.0,7.48936170212766,0.0,1.0,100.0
SS-005924-PV1,2017-01-31,OVERLAY,0.0,0.0,0.0,0.0,0.0,
SS-024039-PV1,2017-01-31,OVERLAY,3.0,1.5,2.034761955459677,1.0173809777298386,1.5,50.0
SS-002241-PV1,2017-01-31,SLURRY,0.0,0.5,0.0,2.060306739091651,-0.5,
SS-024037-PV1,2017-01-31,OVERLAY,0.0,0.5,0.0,0.6968367596805606,-0.5,
SS-002083-PV1,2017-01-31,SLURRY,0.0,0.0,0.0,0.0,0.0,
SS-000131-PV1,2017-01-31,OVERLAY,0.0,2.0,0.0,28.160007509335333,-2.0,
SS-024036-PV1,2017-01-31,OVERLAY,0.0,0.0,0.0,0.0,0.0,
SS-007562-PV1,2017-01-31,OVERLAY,0.0,0.0,0.0,0.0,0.0,
SS-030241-PV1,2017-02-01,SLURRY,0.0,0.5,0.0,2.3967312942839234,-0.5,
SS-030242-PV1,2017-02-01,SLURRY,0.0,0.0,0.0,0.0,0.0,
SS-030243-PV1,2017-02-01,SLURRY,0.0,0.0,0.0,0.0,0.0,
SS-016578-PV1,2017-02-01,SLURRY,0.0,0.0,0.0,0.0,0.0,
SS-007563-PV1,2017-02-01,OVERLAY,0.0,0.0,0.0,0.0,0.0,
SS-030244-PV1,2017-02-01,SLURRY,0.0,0.0,0.0,0.0,0.0,
SS-021784-PV1,2017-02-02,SLURRY,0.0,0.0,0.0,0.0,0.0,
SS-022254-PV1,2017-02-02,SLURRY,0.0,0.0,0.0,0.0,0.0,
SS-016582-PV1,2017-02-03,SLURRY,0.0,0.0,0.0,0.0,0.0,
SS-016580-PV1,2017-02-03,SLURRY,0.0,0.0,0.0,0.0,0.0,
SS-016581-PV1,2017-02-03,SLURRY,0.0,0.0,0.0,0.0,0.0,
SS-016577-PV1,2017-02-03,SLURRY,1.0,0.0,20.464949703897762,0.0,1.0,100.0
SS-016583-PV1,2017-02-03,SLURRY,0.0,2.0,0.0,44.38022759996268,-2.0,
SS-016576-PV1,2017-02-03,SLURRY,0.0,2.0,0.0,25.445770869508014,-2.0,
SS-016575-PV1,2017-02-03,SLURRY,0.0,0.0,0.0,0.0,0.0,
SS-016574-PV1,2017-02-03,SLURRY,0.0,0.0,0.0,0.0,0.0,
SS-014644-PV1,2017-02-03,SLURRY,0.0,0.5,0.0,10.476115646793,-0.5,
SS-007031-PV1,2017-02-08,OVERLAY,0.0,0.0,0.0,0.0,0.0,
SS-007035-PV1,2017-02-08,OVERLAY,1.0,1.5,11.061536711417705,16.592305067126556,-0.5,-50.0
SS-007036-PV1,2017-02-08,OVERLAY,0.0,0.0,0.0,0.0,0.0,
SS-003084-PV1,2017-02-09,OVERLAY,0.0,0.0,0.0,0.0,0.0,
SS-000706-PV1,2017-02-09,SLURRY,0.0,0.0,0.0,0.0,0.0,
SS-000742-PV1,2017-02-09,SLURRY,0.0,0.0,0.0,0.0,0.0,
SS-023606-PV1,2017-02-09,OVERLAY,0.0,0.0,0.0,0.0,0.0,
SS-023602-PV1,2017-02-09,OVERLAY,0.0,0.0,0.0,0.0,0.0,
SS-019914-PV1,2017-02-09,SLURRY,0.0,0.0,0.0,0.0,0.0,
SS-008631-PV1,2017-02-09,SLURRY,0.0,0.0,0.0,0.0,0.0,
SS-027971-PV1,2017-02-09,OVERLAY,0.0,0.0,0.0,0.0,0.0,
SS-028139-PV1,2017-02-09,OVERLAY,0.0,1.0,0.0,24.393252493724972,-1.0,
SS-028141-PV1,2017-02-09,OVERLAY,0.0,0.0,0.0,0.0,0.0,
SS-028142-PV1,2017-02-09,OVERLAY,0.0,1.5,0.0,22.11004661534828,-1.5,
SS-028143-PV1,2017-02-09,OVERLAY,0.0,0.0,0.0,0.0,0.0,
SS-008632-PV1,2017-02-09,SLURRY,0.0,0.0,0.0,0.0,0.0,
SS-028150-PV1,2017-02-09,OVERLAY,1.0,3.5,10.32841423044218,36.14944980654763,-2.5,-250.0
SS-023604-PV1,2017-02-09,OVERLAY,0.0,0.0,0.0,0.0,0.0,
SS-016956-PV1,2017-02-09,OVERLAY,0.0,0.0,0.0,0.0,0.0,
SS-016602-PV1,2017-02-09,OVERLAY,0.0,0.0,0.0,0.0,0.0,
SS-023603-PV1,2017-02-09,OVERLAY,0.0,0.0,0.0,0.0,0.0,
SS-008618-PV1,2017-02-09,SLURRY,1.0,0.0,7.927705333198603,0.0,1.0,100.0
SS-012468-PV1,2017-02-09,SLURRY,0.0,0.0,0.0,0.0,0.0,
SS-019915-PV1,2017-02-09,SLURRY,0.0,0.0,0.0,0.0,0.0,
SS-027045-PV1,2017-02-10,OVERLAY,0.0,0.0,0.0,0.0,0.0,
SS-027046-PV1,2017-02-10,OVERLAY,0.0,0.5,0.0,4.22700083243096,-0.5,
SS-027420-PV1,2017-02-10,SLURRY,0.0,0.0,0.0,0.0,0.0,
SS-028137-PV1,2017-02-10,OVERLAY,1.0,1.5,9.334961765552436,14.002442648328653,-0.5,-50.0
SS-010098-PV1,2017-02-10,OVERLAY,0.0,0.5,0.0,9.54711937370897,-0.5,
SS-010099-PV1,2017-02-10,OVERLAY,0.0,0.0,0.0,0.0,0.0,
SS-016579-PV1,2017-02-10,SLURRY,0.0,2.0,0.0,9.254982660053795,-2.0,
SS-011037-PV1,2017-02-10,SLURRY,0.0,1.0,0.0,4.60274637507571,-1.0,
SS-001436-PV1,2017-02-10,SLURRY,0.0,1.5,0.0,6.583157540030295,-1.5,
SS-014484-PV1,2017-02-10,SLURRY,0.0,1.5,0.0,49.17815968123611,-1.5,
SS-014483-PV1,2017-02-10,SLURRY,0.0,0.5,0.0,2.8983216083050087,-0.5,
SS-025655-PV1,2017-02-10,SLURRY,0.0,0.0,0.0,0.0,0.0,
SS-029108-PV1,2017-02-10,SLURRY,1.0,0.5,3.1577759425198657,1.5788879712599329,0.5,50.0
SS-001428-PV1,2017-02-10,SLURRY,0.0,0.0,0.0,0.0,0.0,
SS-000870-PV1,2017-02-10,SLURRY,0.0,0.5,0.0,4.183835182250396,-0.5,
SS-001429-PV1,2017-02-10,SLURRY,0.0,0.5,0.0,5.301204819277109,-0.5,
SS-001430-PV1,2017-02-10,SLURRY,0.0,0.0,0.0,0.0,0.0,
SS-000871-PV1,2017-02-10,SLURRY,0.0,1.5,0.0,12.018209408194233,-1.5,
SS-025580-PV1,2017-02-10,OVERLAY,0.0,1.0,0.0,13.894309043642602,-1.0,
SS-012469-PV1,2017-02-10,SLURRY,0.0,0.0,0.0,0.0,0.0,
SS-005032-PV1,2017-02-10,SLURRY,0.0,0.5,0.0,6.751721305312326,-0.5,
SS-005033-PV1,2017-02-10,SLURRY,1.0,0.5,14.873004820205653,7.436502410102826,0.5,50.0
SS-005484-PV1,2017-02-10,OVERLAY,0.0,0.0,0.0,0.0,0.0,
SS-005037-PV1,2017-02-10,SLURRY,0.0,0.5,0.0,3.916691380890373,-0.5,
SS-005036-PV1,2017-02-10,SLURRY,1.0,0.0,12.571290885861726,0.0,1.0,100.0
SS-005035-PV1,2017-02-10,SLURRY,0.0,0.5,0.0,6.054788959642766,-0.5,
SS-005034-PV1,2017-02-10,SLURRY,0.0,0.0,0.0,0.0,0.0,
SS-005031-PV1,2017-02-10,SLURRY,0.0,0.0,0.0,0.0,0.0,
SS-005030-PV1,2017-02-10,SLURRY,0.0,0.5,0.0,8.598617511670833,-0.5,
SS-005485-PV1,2017-02-10,OVERLAY,0.0,0.0,0.0,0.0,0.0,
SS-005029-PV1,2017-02-10,SLURRY,0.0,0.0,0.0,0.0,0.0,
SS-022919-PV1,2017-02-10,SLURRY,0.0,0.0,0.0,0.0,0.0,
SS-022920-PV1,2017-02-10,SLURRY,0.0,0.0,0.0,0.0,0.0,
SS-019596-PV1,2017-02-10,SLURRY,0.0,0.0,0.0,0.0,0.0,
SS-019577-PV1,2017-02-10,SLURRY,0.0,0.0,0.0,0.0,0.0,
SS-019562-PV1,2017-02-10,SLURRY,0.0,0.0,0.0,0.0,0.0,
SS-019561-PV1,2017-02-10,SLURRY,0.0,0.0,0.0,0.0,0.0,
SS-005486-PV1,2017-02-10,OVERLAY,0.0,0.0,0.0,0.0,0.0,
SS-021383-PV1,2017-02-10,OVERLAY,0.0,0.0,0.0,0.0,0.0,
SS-021384-PV1,2017-02-10,OVERLAY,0.0,0.0,0.0,0.0,0.0,
SS-021413-PV1,2017-02-10,OVERLAY,0.0,0.0,0.0,0.0,0.0,
SS-021415-PV1,2017-02-10,OVERLAY,0.0,0.0,0.0,0.0,0.0,
SS-021414-PV1,2017-02-10,OVERLAY,0.0,0.5,0.0,9.983893408323466,-0.5,
SS-019544-PV1,2017-02-10,SLURRY,0.0,0.0,0.0,0.0,0.0,
SS-027425-PV1,2017-02-13,SLURRY,0.0,0.0,0.0,0.0,0.0,
SS-027426-PV1,2017-02-13,SLURRY,0.0,0.0,0.0,0.0,0.0,
SS-012480-PV1,2017-02-13,SLURRY,0.0,0.0,0.0,0.0,0.0,
SS-000618-PV1,2017-02-13,SLURRY,0.0,0.0,0.0,0.0,0.0,
SS-028164-PV1,2017-02-13,OVERLAY,0.0,0.0,0.0,0.0,0.0,
SS-028166-PV1,2017-02-13,OVERLAY,0.0,0.0,0.0,0.0,0.0,
SS-028167-PV1,2017-02-13,OVERLAY,1.0,0.5,10.999163605267517,5.499581802633759,0.5,50.0
SS-027421-PV1,2017-02-13,SLURRY,0.0,0.5,0.0,3.878789588447202,-0.5,
SS-027419-PV1,2017-02-13,SLURRY,0.0,0.0,0.0,0.0,0.0,
SS-027418-PV1,2017-02-13,SLURRY,0.0,0.5,0.0,22.27923305428031,-0.5,
SS-012479-PV1,2017-02-13,SLURRY,0.0,0.0,0.0,0.0,0.0,
SS-013374-PV1,2017-02-13,SLURRY,0.0,0.0,0.0,0.0,0.0,
SS-013209-PV1,2017-02-13,OVERLAY,0.0,0.5,0.0,7.0026525198939,-0.5,
SS-013208-PV1,2017-02-13,OVERLAY,0.0,0.0,0.0,0.0,0.0,
SS-026274-PV1,2017-02-13,OVERLAY,0.0,0.5,0.0,7.085532577077981,-0.5,
SS-000619-PV1,2017-02-13,SLURRY,0.0,0.0,0.0,0.0,0.0,
SS-000617-PV1,2017-02-14,SLURRY,0.0,0.0,0.0,0.0,0.0,
SS-000743-PV1,2017-02-14,SLURRY,0.0,0.5,0.0,7.6297711357665765,-0.5,
SS-012470-PV1,2017-02-14,SLURRY,0.0,0.0,0.0,0.0,0.0,
SS-019916-PV1,2017-02-14,SLURRY,0.0,0.0,0.0,0.0,0.0,
SS-008619-PV1,2017-02-14,SLURRY,0.0,0.0,0.0,0.0,0.0,
SS-026427-PV1,2017-02-14,SLURRY,0.0,0.0,0.0,0.0,0.0,
SS-022538-PV1,2017-02-14,SLURRY,0.0,0.0,0.0,0.0,0.0,
SS-022517-PV1,2017-02-14,SLURRY,0.0,0.0,0.0,0.0,0.0,
SS-026441-PV1,2017-02-14,SLURRY,0.0,0.5,0.0,7.209023731614601,-0.5,
SS-019913-PV1,2017-02-14,SLURRY,0.0,1.0,0.0,7.78747508524188,-1.0,
SS-026424-PV1,2017-02-14,SLURRY,0.0,0.0,0.0,0.0,0.0,
SS-019560-PV1,2017-02-15,SLURRY,0.0,0.0,0.0,0.0,0.0,
SS-020413-PV1,2017-02-15,SLURRY,0.0,0.0,0.0,0.0,0.0,
SS-020414-PV1,2017-02-15,SLURRY,0.0,0.0,0.0,0.0,0.0,
SS-020411-PV1,2017-02-15,SLURRY,0.0,0.0,0.0,0.0,0.0,
SS-020420-PV1,2017-02-15,SLURRY,0.0,0.0,0.0,0.0,0.0,
SS-020430-PV1,2017-02-15,SLURRY,0.0,0.0,0.0,0.0,0.0,
SS-020436-PV1,2017-02-15,SLURRY,0.0,0.0,0.0,0.0,0.0,
SS-020412-PV1,2017-02-15,SLURRY,0.0,0.0,0.0,0.0,0.0,
SS-020410-PV1,2017-02-15,SLURRY,0.0,0.0,0.0,0.0,0.0,
SS-000910-PV1,2017-02-15,SLURRY,0.0,1.5,0.0,12.549236342525068,-1.5,
SS-000913-PV1,2017-02-15,SLURRY,0.0,0.0,0.0,0.0,0.0,
SS-000912-PV1,2017-02-15,SLURRY,0.0,1.0,0.0,7.774716973797435,-1.0,
SS-000911-PV1,2017-02-15,SLURRY,0.0,0.0,0.0,0.0,0.0,
SS-020409-PV1,2017-02-15,SLURRY,0.0,0.0,0.0,0.0,0.0,
SS-023382-PV1,2017-02-16,OVERLAY,0.0,1.0,0.0,30.171428571428574,-1.0,
SS-023381-PV1,2017-02-16,OVERLAY,0.0,0.0,0.0,0.0,0.0,
SS-023379-PV1,2017-02-16,OVERLAY,0.0,0.0,0.0,0.0,0.0,
SS-009740-PV1,2017-02-16,SLURRY,0.0,0.0,0.0,0.0,0.0,
SS-009741-PV1,2017-02-16,SLURRY,0.0,0.0,0.0,0.0,0.0,
SS-009742-PV1,2017-02-16,SLURRY,0.0,0.0,0.0,0.0,0.0,
SS-026744-PV1,2017-02-16,SLURRY,0.0,0.5,0.0,3.9874606445941585,-0.5,
SS-004967-PV1,2017-02-16,SLURRY,0.0,0.0,0.0,0.0,0.0,
SS-022465-PV1,2017-02-16,SLURRY,0.0,0.5,0.0,7.0552430878661045,-0.5,
SS-028462-PV1,2017-02-16,SLURRY,0.0,0.0,0.0,0.0,0.0,
SS-028463-PV1,2017-02-16,SLURRY,0.0,0.0,0.0,0.0,0.0,
SS-028464-PV1,2017-02-16,SLURRY,0.0,0.0,0.0,0.0,0.0,
SS-009743-PV1,2017-02-16,SLURRY,0.0,0.0,0.0,0.0,0.0,
SS-023380-PV1,2017-02-16,OVERLAY,0.0,0.0,0.0,0.0,0.0,
SS-020395-PV1,2017-02-16,SLURRY,0.0,0.0,0.0,0.0,0.0,
SS-010744-PV1,2017-02-16,SLURRY,0.0,0.0,0.0,0.0,0.0,
SS-008798-PV1,2017-02-16,SLURRY,0.0,0.5,0.0,7.6544946670787715,-0.5,
SS-008795-PV1,2017-02-16,SLURRY,0.0,0.0,0.0,0.0,0.0,
SS-000936-PV1,2017-02-16,SLURRY,0.0,0.0,0.0,0.0,0.0,
SS-008799-PV1,2017-02-16,SLURRY,0.0,0.0,0.0,0.0,0.0,
SS-008800-PV1,2017-02-16,SLURRY,0.0,0.5,0.0,8.302659618631168,-0.5,
SS-005258-PV1,2017-02-16,SLURRY,0.0,1.5,0.0,38.25909523036613,-1.5,
SS-009079-PV1,2017-02-16,SLURRY,0.0,0.0,0.0,0.0,0.0,
SS-010752-PV1,2017-02-16,SLURRY,0.0,0.0,0.0,0.0,0.0,
SS-010751-PV1,2017-02-16,SLURRY,0.0,0.0,0.0,0.0,0.0,
SS-010749-PV1,2017-02-16,SLURRY,0.0,0.5,0.0,8.198757763975156,-0.5,
SS-008797-PV1,2017-02-16,SLURRY,0.0,0.5,0.0,7.086506379197883,-0.5,
SS-010742-PV1,2017-02-16,SLURRY,0.0,0.0,0.0,0.0,0.0,
SS-001010-PV1,2017-02-16,SLURRY,0.0,0.0,0.0,0.0,0.0,
SS-008796-PV1,2017-02-16,SLURRY,0.0,0.5,0.0,7.063401520129624,-0.5,
SS-010688-PV1,2017-02-16,SLURRY,0.0,0.0,0.0,0.0,0.0,
SS-004949-PV1,2017-02-16,SLURRY,0.0,0.0,0.0,0.0,0.0,
SS-031353-PV1,2017-02-16,OVERLAY,0.0,0.0,0.0,0.0,0.0,
SS-010686-PV1,2017-02-16,SLURRY,0.0,0.5,0.0,7.54314809285501,-0.5,
SS-010738-PV1,2017-02-16,SLURRY,0.0,0.0,0.0,0.0,0.0,
SS-010687-PV1,2017-02-16,SLURRY,0.0,0.0,0.0,0.0,0.0,
SS-025458-PV1,2017-02-21,SLURRY,0.0,0.5,0.0,9.530630870002195,-0.5,
SS-032189-PV1,2017-02-21,SLURRY,0.0,0.0,0.0,0.0,0.0,
SS-022759-PV1,2017-02-21,SLURRY,0.0,0.5,0.0,5.476423994702804,-0.5,
SS-026743-PV1,2017-02-21,SLURRY,1.0,0.0,7.718225141504449,0.0,1.0,100.0
SS-016070-PV1,2017-02-21,SLURRY,0.0,0.0,0.0,0.0,0.0,
SS-010741-PV1,2017-02-21,SLURRY,0.0,0.0,0.0,0.0,0.0,
SS-016071-PV1,2017-02-21,SLURRY,0.0,0.0,0.0,0.0,0.0,
SS-000011-PV1,2017-02-21,SLURRY,0.0,0.0,0.0,0.0,0.0,
SS-016640-PV1,2017-02-21,SLURRY,0.0,0.0,0.0,0.0,0.0,
SS-000008-PV1,2017-02-21,SLURRY,0.0,0.0,0.0,0.0,0.0,
SS-025461-PV1,2017-02-21,SLURRY,0.0,0.0,0.0,0.0,0.0,
SS-010740-PV1,2017-02-21,SLURRY,0.0,0.0,0.0,0.0,0.0,
SS-000012-PV1,2017-02-21,SLURRY,0.0,0.0,0.0,0.0,0.0,
SS-000014-PV1,2017-02-21,SLURRY,0.0,0.0,0.0,0.0,0.0,
SS-000015-PV1,2017-02-21,SLURRY,0.0,0.5,0.0,6.929130220929017,-0.5,
SS-004154-PV1,2017-02-21,SLURRY,0.0,0.0,0.0,0.0,0.0,
SS-000010-PV1,2017-02-21,SLURRY,0.0,0.0,0.0,0.0,0.0,
SS-001007-PV1,2017-02-21,SLURRY,0.0,0.0,0.0,0.0,0.0,
SS-005249-PV1,2017-02-21,SLURRY,0.0,0.0,0.0,0.0,0.0,
SS-028218-PV1,2017-02-21,SLURRY,0.0,0.0,0.0,0.0,0.0,
SS-032185-PV1,2017-02-21,SLURRY,0.0,0.0,0.0,0.0,0.0,
SS-027977-PV1,2017-02-21,OVERLAY,0.0,0.0,0.0,0.0,0.0,
SS-001026-PV1,2017-02-21,SLURRY,0.0,0.0,0.0,0.0,0.0,
SS-028707-PV1,2017-02-21,SLURRY,0.0,0.0,0.0,0.0,0.0,
SS-032183-PV1,2017-02-21,SLURRY,0.0,0.0,0.0,0.0,0.0,
SS-030027-PV1,2017-02-21,SLURRY,0.0,0.0,0.0,0.0,0.0,
SS-001008-PV1,2017-02-21,SLURRY,0.0,0.0,0.0,0.0,0.0,
SS-032170-PV1,2017-02-21,SLURRY,0.0,0.0,0.0,0.0,0.0,
SS-032176-PV1,2017-02-21,SLURRY,0.0,0.0,0.0,0.0,0.0,
SS-030022-PV1,2017-02-21,SLURRY,0.0,0.0,0.0,0.0,0.0,
SS-032182-PV1,2017-02-22,SLURRY,0.0,0.0,0.0,0.0,0.0,
SS-016075-PV1,2017-02-22,SLURRY,0.0,1.0,0.0,10.821644029834177,-1.0,
SS-011409-PV1,2017-02-22,SLURRY,0.0,0.0,0.0,0.0,0.0,
SS-029509-PV1,2017-02-22,SLURRY,0.0,0.0,0.0,0.0,0.0,
SS-009098-PV1,2017-02-22,OVERLAY,0.0,0.5,0.0,6.142511859235964,-0.5,
SS-000043-PV1,2017-02-22,SLURRY,0.0,0.0,0.0,0.0,0.0,
SS-000042-PV1,2017-02-22,SLURRY,0.0,0.0,0.0,0.0,0.0,
SS-000041-PV1,2017-02-22,SLURRY,0.0,0.0,0.0,0.0,0.0,
SS-028214-PV1,2017-02-22,SLURRY,0.0,0.0,0.0,0.0,0.0,
SS-028216-PV1,2017-02-22,SLURRY,0.0,0.0,0.0,0.0,0.0,
SS-028217-PV1,2017-02-22,SLURRY,0.0,0.5,0.0,13.469167850320812,-0.5,
SS-029520-PV1,2017-02-22,SLURRY,1.0,4.0,24.984999536263267,99.93999814505307,-3.0,-300.0
SS-029521-PV1,2017-02-22,SLURRY,1.0,2.0,18.202320864858454,36.40464172971691,-1.0,-100.0
SS-032181-PV1,2017-02-22,SLURRY,0.0,0.0,0.0,0.0,0.0,
SS-029523-PV1,2017-02-22,SLURRY,0.0,7.5,0.0,53.929881348813566,-7.5,
SS-004839-PV1,2017-02-22,SLURRY,0.0,0.0,0.0,0.0,0.0,
SS-032186-PV1,2017-02-22,SLURRY,0.0,0.0,0.0,0.0,0.0,
SS-032177-PV1,2017-02-22,SLURRY,0.0,0.0,0.0,0.0,0.0,
SS-022903-PV1,2017-02-22,SLURRY,0.0,0.5,0.0,9.462328284727192,-0.5,
SS-032187-PV1,2017-02-22,SLURRY,0.0,0.0,0.0,0.0,0.0,
SS-014393-PV1,2017-02-22,SLURRY,0.0,0.0,0.0,0.0,0.0,
SS-022513-PV1,2017-02-22,SLURRY,0.0,0.0,0.0,0.0,0.0,
SS-022514-PV1,2017-02-22,SLURRY,0.0,0.0,0.0,0.0,0.0,
SS-032192-PV1,2017-02-22,SLURRY,0.0,0.5,0.0,28.38709677419355,-0.5,
SS-014392-PV1,2017-02-22,SLURRY,0.0,0.0,0.0,0.0,0.0,
SS-014391-PV1,2017-02-22,SLURRY,0.0,0.0,0.0,0.0,0.0,
SS-032180-PV1,2017-02-22,SLURRY,0.0,0.0,0.0,0.0,0.0,
SS-022904-PV1,2017-02-22,SLURRY,0.0,0.0,0.0,0.0,0.0,
SS-000901-PV1,2017-02-22,SLURRY,0.0,0.0,0.0,0.0,0.0,
SS-011813-PV1,2017-02-22,SLURRY,0.0,1.5,0.0,18.6757303696144,-1.5,
SS-011566-PV1,2017-02-22,SLURRY,0.0,0.0,0.0,0.0,0.0,
SS-011565-PV1,2017-02-22,SLURRY,1.0,0.0,13.931398416886545,0.0,1.0,100.0
SS-011410-PV1,2017-02-22,SLURRY,0.0,0.0,0.0,0.0,0.0,
SS-000900-PV1,2017-02-22,SLURRY,0.0,0.0,0.0,0.0,0.0,
SS-026593-PV1,2017-02-22,SLURRY,0.0,0.0,0.0,0.0,0.0,
SS-026592-PV1,2017-02-22,SLURRY,0.0,0.0,0.0,0.0,0.0,
SS-026591-PV1,2017-02-22,SLURRY,1.0,0.0,18.85413292949304,0.0,1.0,100.0
SS-000899-PV1,2017-02-23,SLURRY,0.0,2.5,0.0,37.02637792823951,-2.5,
SS-027975-PV1,2017-02-23,OVERLAY,5.0,11.0,26.68905312092082,58.71591686602581,-6.0,-120.0
SS-027974-PV1,2017-02-23,OVERLAY,0.0,3.5,0.0,29.727534598072634,-3.5,
SS-027973-PV1,2017-02-23,OVERLAY,8.0,7.0,105.25510533359812,92.09821716689837,1.0,12.5
SS-013636-PV1,2017-02-23,OVERLAY,1.0,1.0,9.884179135770806,9.884179135770806,0.0,0.0
SS-027972-PV1,2017-02-23,OVERLAY,0.0,0.0,0.0,0.0,0.0,
SS-009080-PV1,2017-02-23,SLURRY,0.0,1.0,0.0,7.999409740523691,-1.0,
SS-009163-PV1,2017-02-23,OVERLAY,0.0,0.0,0.0,0.0,0.0,
SS-011423-PV1,2017-02-23,OVERLAY,0.0,0.0,0.0,0.0,0.0,
SS-000906-PV1,2017-02-23,SLURRY,0.0,0.5,0.0,6.96507069810587,-0.5,
SS-000905-PV1,2017-02-23,SLURRY,0.0,1.5,0.0,21.45950074688275,-1.5,
SS-001029-PV1,2017-02-23,SLURRY,0.0,0.5,0.0,4.003169782618783,-0.5,
SS-027976-PV1,2017-02-23,OVERLAY,0.0,0.5,0.0,3.7347881653617074,-0.5,
SS-031351-PV1,2017-02-23,SLURRY,0.0,1.0,0.0,5.038603047305135,-1.0,
SS-002086-PV1,2017-02-24,SLURRY,0.0,0.0,0.0,0.0,0.0,
SS-002085-PV1,2017-02-24,SLURRY,0.0,0.0,0.0,0.0,0.0,
SS-009787-PV1,2017-02-24,SLURRY,0.0,0.0,0.0,0.0,0.0,
SS-007700-PV1,2017-02-24,SLURRY,0.0,0.0,0.0,0.0,0.0,
SS-007701-PV1,2017-02-24,SLURRY,0.0,0.0,0.0,0.0,0.0,
SS-010268-PV1,2017-02-24,SLURRY,0.0,0.0,0.0,0.0,0.0,
SS-018717-PV1,2017-02-24,SLURRY,0.0,0.0,0.0,0.0,0.0,
SS-025060-PV1,2017-02-24,SLURRY,0.0,1.0,0.0,3.67786294987038,-1.0,
SS-018619-PV1,2017-02-24,SLURRY,0.0,0.0,0.0,0.0,0.0,
SS-028454-PV1,2017-02-24,SLURRY,0.0,0.0,0.0,0.0,0.0,
SS-018621-PV1,2017-02-24,SLURRY,0.0,0.0,0.0,0.0,0.0,
SS-031392-PV1,2017-02-24,SLURRY,0.0,0.0,0.0,0.0,0.0,
SS-025641-PV1,2017-02-24,SLURRY,0.0,0.5,0.0,3.3017804851266046,-0.5,
SS-029816-PV1,2017-02-28,SLURRY,1.0,1.0,19.19986734637106,19.19986734637106,0.0,0.0
SS-011680-PV1,2017-02-28,SLURRY,0.0,1.0,0.0,19.129921878906142,-1.0,
SS-011671-PV1,2017-02-28,SLURRY,0.0,1.5,0.0,28.184902927564444,-1.5,
SS-000045-PV1,2017-02-28,SLURRY,0.0,0.0,0.0,0.0,0.0,
SS-029711-PV1,2017-02-28,SLURRY,1.0,0.5,19.849497202461485,9.924748601230743,0.5,50.0
SS-000044-PV1,2017-02-28,SLURRY,0.0,0.0,0.0,0.0,0.0,
SS-020006-PV1,2017-02-28,SLURRY,0.0,0.0,0.0,0.0,0.0,
SS-000253-PV1,2017-02-28,SLURRY,0.0,0.0,0.0,0.0,0.0,
SS-029817-PV1,2017-02-28,SLURRY,0.0,0.5,0.0,9.705825259851412,-0.5,
SS-002138-PV1,2017-02-28,SLURRY,0.0,0.0,0.0,0.0,0.0,
SS-002137-PV1,2017-02-28,SLURRY,0.0,0.5,0.0,4.080249229041545,-0.5,
SS-011670-PV1,2017-02-28,SLURRY,0.0,3.0,0.0,55.77325355598505,-3.0,
SS-006161-PV1,2017-02-28,SLURRY,0.0,0.5,0.0,2.575717308000763,-0.5,
SS-020007-PV1,2017-02-28,SLURRY,0.0,0.0,0.0,0.0,0.0,
SS-029818-PV1,2017-02-28,SLURRY,0.0,0.0,0.0,0.0,0.0,
SS-000292-PV1,2017-02-28,SLURRY,0.0,1.5,0.0,20.787390662787054,-1.5,
SS-029815-PV1,2017-02-28,SLURRY,1.0,0.5,18.924236032533916,9.462118016266958,0.5,50.0
SS-029814-PV1,2017-02-28,SLURRY,0.0,0.5,0.0,9.670272994737028,-0.5,
SS-023363-PV1,2017-02-28,SLURRY,0.0,0.0,0.0,0.0,0.0,
SS-020228-PV1,2017-02-28,SLURRY,0.0,0.0,0.0,0.0,0.0,
SS-025977-PV1,2017-02-28,SLURRY,0.0,0.0,0.0,0.0,0.0,
SS-029819-PV1,2017-02-28,SLURRY,0.0,1.5,0.0,29.4421602813362,-1.5,
SS-029820-PV1,2017-02-28,SLURRY,0.0,0.0,0.0,0.0,0.0,
SS-023362-PV1,2017-02-28,SLURRY,0.0,0.0,0.0,0.0,0.0,
SS-026306-PV1,2017-03-01,SLURRY,0.0,0.0,0.0,0.0,0.0,
SS-026307-PV1,2017-03-01,SLURRY,0.0,0.0,0.0,0.0,0.0,
SS-015114-PV1,2017-03-01,SLURRY,0.0,0.0,0.0,0.0,0.0,
SS-028572-PV1,2017-03-01,SLURRY,0.0,0.0,0.0,0.0,0.0,
SS-015112-PV1,2017-03-01,SLURRY,0.0,0.0,0.0,0.0,0.0,
SS-028573-PV1,2017-03-01,SLURRY,0.0,0.0,0.0,0.0,0.0,
SS-009733-PV1,2017-03-01,SLURRY,0.0,0.0,0.0,0.0,0.0,
SS-015113-PV1,2017-03-01,SLURRY,0.0,0.0,0.0,0.0,0.0,
SS-015111-PV1,2017-03-01,SLURRY,0.0,0.0,0.0,0.0,0.0,
SS-023364-PV1,2017-03-01,SLURRY,0.0,0.0,0.0,0.0,0.0,
SS-020008-PV1,2017-03-01,SLURRY,0.0,0.0,0.0,0.0,0.0,
SS-017027-PV1,2017-03-01,SLURRY,0.0,0.0,0.0,0.0,0.0,
SS-015115-PV1,2017-03-01,SLURRY,0.0,0.0,0.0,0.0,0.0,
SS-021621-PV1,2017-03-02,OVERLAY,0.0,0.0,0.0,0.0,0.0,
SS-014164-PV1,2017-03-02,OVERLAY,0.0,0.0,0.0,0.0,0.0,
SS-018329-PV1,2017-03-03,OVERLAY,0.0,0.0,0.0,0.0,0.0,
SS-001020-PV1,2017-03-03,SLURRY,1.0,0.5,7.774716973797435,3.8873584868987177,0.5,50.0
SS-018330-PV1,2017-03-03,OVERLAY,0.0,0.0,0.0,0.0,0.0,
SS-020602-PV1,2017-03-03,SLURRY,1.0,4.0,4.481997014888125,17.9279880595525,-3.0,-300.0
SS-031339-PV1,2017-03-03,SLURRY,0.0,0.0,0.0,0.0,0.0,
SS-027396-PV1,2017-03-03,SLURRY,0.0,0.5,0.0,3.738642280900339,-0.5,
SS-018327-PV1,2017-03-03,OVERLAY,0.0,0.0,0.0,0.0,0.0,
SS-018331-PV1,2017-03-03,OVERLAY,0.0,0.0,0.0,0.0,0.0,
SS-018328-PV1,2017-03-03,OVERLAY,0.0,0.0,0.0,0.0,0.0,
SS-006900-PV1,2017-03-03,SLURRY,0.0,1.5,0.0,9.328621908127209,-1.5,
SS-001019-PV1,2017-03-03,SLURRY,0.0,2.0,0.0,15.948587553214818,-2.0,
SS-015116-PV1,2017-03-06,SLURRY,0.0,0.0,0.0,0.0,0.0,
SS-009734-PV1,2017-03-06,SLURRY,0.0,0.0,0.0,0.0,0.0,
SS-022160-PV1,2017-03-06,SLURRY,0.0,0.0,0.0,0.0,0.0,
SS-022161-PV1,2017-03-06,SLURRY,0.0,0.0,0.0,0.0,0.0,
SS-015118-PV1,2017-03-06,SLURRY,0.0,1.0,0.0,8.555331770256936,-1.0,
SS-022158-PV1,2017-03-06,SLURRY,0.0,0.0,0.0,0.0,0.0,
SS-022159-PV1,2017-03-06,SLURRY,0.0,0.5,0.0,8.097175925869127,-0.5,
SS-020010-PV1,2017-03-06,SLURRY,0.0,0.0,0.0,0.0,0.0,
SS-021235-PV1,2017-03-06,SLURRY,0.0,1.0,0.0,3.9028933523303713,-1.0,
SS-009735-PV1,2017-03-06,SLURRY,0.0,0.0,0.0,0.0,0.0,
SS-028574-PV1,2017-03-06,SLURRY,0.0,0.0,0.0,0.0,0.0,
SS-006162-PV1,2017-03-06,SLURRY,0.0,0.0,0.0,0.0,0.0,
SS-030116-PV1,2017-03-07,SLURRY,0.0,0.0,0.0,0.0,0.0,
SS-001745-PV1,2017-03-08,SLURRY,0.0,0.0,0.0,0.0,0.0,
SS-018615-PV1,2017-03-08,SLURRY,0.0,0.0,0.0,0.0,0.0,
SS-026379-PV1,2017-03-08,SLURRY,0.0,0.0,0.0,0.0,0.0,
SS-002903-PV1,2017-03-08,SLURRY,0.0,0.0,0.0,0.0,0.0,
SS-013550-PV1,2017-03-08,SLURRY,0.0,0.0,0.0,0.0,0.0,
SS-018635-PV1,2017-03-08,SLURRY,0.0,0.0,0.0,0.0,0.0,
SS-013551-PV1,2017-03-08,SLURRY,0.0,0.0,0.0,0.0,0.0,
SS-001831-PV1,2017-03-08,SLURRY,0.0,0.0,0.0,0.0,0.0,
SS-018242-PV1,2017-03-08,SLURRY,0.0,0.0,0.0,0.0,0.0,
SS-002902-PV1,2017-03-08,SLURRY,0.0,0.0,0.0,0.0,0.0,
SS-018636-PV1,2017-03-08,SLURRY,0.0,0.0,0.0,0.0,0.0,
SS-013548-PV1,2017-03-08,SLURRY,0.0,0.0,0.0,0.0,0.0,
SS-001371-PV1,2017-03-08,SLURRY,0.0,0.5,0.0,3.54998315775036,-0.5,
SS-003026-PV1,2017-03-09,SLURRY,0.0,0.0,0.0,0.0,0.0,
SS-001781-PV1,2017-03-09,SLURRY,0.0,0.0,0.0,0.0,0.0,
SS-009093-PV1,2017-03-09,OVERLAY,0.0,0.5,0.0,2.9817799690346667,-0.5,
SS-001752-PV1,2017-03-09,SLURRY,0.0,0.0,0.0,0.0,0.0,
SS-006853-PV1,2017-03-09,OVERLAY,0.0,0.0,0.0,0.0,0.0,
SS-002166-PV1,2017-03-09,SLURRY,0.0,0.0,0.0,0.0,0.0,
SS-019852-PV1,2017-03-09,OVERLAY,1.0,5.0,8.90080307832926,44.5040153916463,-4.0,-400.0
SS-019845-PV1,2017-03-09,OVERLAY,1.0,2.5,8.04621820886611,20.115545522165277,-1.5,-150.0
SS-019844-PV1,2017-03-09,OVERLAY,0.0,5.5,0.0,43.826844123128076,-5.5,
SS-007615-PV1,2017-03-09,SLURRY,0.0,0.0,0.0,0.0,0.0,
SS-002532-PV1,2017-03-09,SLURRY,0.0,0.0,0.0,0.0,0.0,
SS-018617-PV1,2017-03-10,SLURRY,0.0,0.0,0.0,0.0,0.0,
SS-008205-PV1,2017-03-10,SLURRY,0.0,0.0,0.0,0.0,0.0,
SS-010267-PV1,2017-03-10,SLURRY,0.0,0.0,0.0,0.0,0.0,
SS-017125-PV1,2017-03-10,SLURRY,0.0,0.0,0.0,0.0,0.0,
SS-018715-PV1,2017-03-10,SLURRY,0.0,0.0,0.0,0.0,0.0,
SS-008206-PV1,2017-03-10,SLURRY,0.0,0.0,0.0,0.0,0.0,
SS-028974-PV1,2017-03-10,SLURRY,0.0,0.0,0.0,0.0,0.0,
SS-020628-PV1,2017-03-10,SLURRY,0.0,0.0,0.0,0.0,0.0,
SS-008863-PV1,2017-03-10,SLURRY,0.0,0.5,0.0,2.6992156631395208,-0.5,
SS-018618-PV1,2017-03-10,SLURRY,0.0,0.0,0.0,0.0,0.0,
SS-011027-PV1,2017-03-10,SLURRY,0.0,0.0,0.0,0.0,0.0,
SS-020629-PV1,2017-03-10,SLURRY,1.0,1.5,15.853285052874309,23.779927579311465,-0.5,-50.0
SS-006189-PV1,2017-03-10,SLURRY,0.0,0.0,0.0,0.0,0.0,
SS-017628-PV1,2017-03-10,SLURRY,1.0,2.5,7.7749276254369715,19.43731906359243,-1.5,-150.0
SS-019846-PV1,2017-03-10,OVERLAY,1.0,1.0,8.00480530888391,8.00480530888391,0.0,0.0
SS-019847-PV1,2017-03-10,OVERLAY,0.0,0.0,0.0,0.0,0.0,
SS-019848-PV1,2017-03-10,OVERLAY,0.0,0.0,0.0,0.0,0.0,
SS-018637-PV1,2017-03-10,SLURRY,0.0,0.0,0.0,0.0,0.0,
SS-008875-PV1,2017-03-10,SLURRY,0.0,0.0,0.0,0.0,0.0,
SS-020618-PV1,2017-03-10,SLURRY,0.0,0.0,0.0,0.0,0.0,
SS-016938-PV1,2017-03-10,SLURRY,0.0,0.0,0.0,0.0,0.0,
SS-020619-PV1,2017-03-10,SLURRY,2.0,3.0,31.706570105748618,47.55985515862293,-1.0,-50.0
SS-020620-PV1,2017-03-10,SLURRY,0.0,0.0,0.0,0.0,0.0,
SS-001037-PV1,2017-03-10,SLURRY,4.0,2.0,31.84998656328692,15.92499328164346,2.0,50.0
SS-008876-PV1,2017-03-10,SLURRY,0.0,0.0,0.0,0.0,0.0,
SS-001756-PV1,2017-03-13,SLURRY,0.0,0.0,0.0,0.0,0.0,
SS-001794-PV1,2017-03-13,SLURRY,0.0,0.0,0.0,0.0,0.0,
SS-002982-PV1,2017-03-13,SLURRY,0.0,0.0,0.0,0.0,0.0,
SS-010516-PV1,2017-03-13,SLURRY,0.0,0.5,0.0,3.972636360366873,-0.5,
SS-007619-PV1,2017-03-13,SLURRY,0.0,0.0,0.0,0.0,0.0,
SS-007617-PV1,2017-03-13,SLURRY,0.0,0.0,0.0,0.0,0.0,
SS-008452-PV1,2017-03-13,OVERLAY,0.0,0.0,0.0,0.0,0.0,
SS-010515-PV1,2017-03-13,SLURRY,0.0,0.0,0.0,0.0,0.0,
SS-021866-PV1,2017-03-14,OVERLAY,0.0,0.0,0.0,0.0,0.0,
SS-001144-PV1,2017-03-14,SLURRY,0.0,0.0,0.0,0.0,0.0,
SS-031391-PV1,2017-03-14,SLURRY,0.0,0.0,0.0,0.0,0.0,
SS-010269-PV1,2017-03-14,SLURRY,0.0,0.0,0.0,0.0,0.0,
SS-023072-PV1,2017-03-14,SLURRY,0.0,0.0,0.0,0.0,0.0,
SS-018620-PV1,2017-03-14,SLURRY,0.0,0.0,0.0,0.0,0.0,
SS-013545-PV1,2017-03-14,SLURRY,0.0,0.0,0.0,0.0,0.0,
SS-001485-PV1,2017-03-14,SLURRY,0.0,0.0,0.0,0.0,0.0,
SS-009294-PV1,2017-03-14,SLURRY,0.0,0.0,0.0,0.0,0.0,
SS-001484-PV1,2017-03-14,SLURRY,0.0,0.0,0.0,0.0,0.0,
SS-001483-PV1,2017-03-14,SLURRY,0.0,0.5,0.0,3.3415056773953467,-0.5,
SS-008455-PV1,2017-03-14,OVERLAY,0.0,0.0,0.0,0.0,0.0,
SS-010510-PV1,2017-03-14,SLURRY,0.0,0.0,0.0,0.0,0.0,
SS-010511-PV1,2017-03-14,SLURRY,0.0,0.0,0.0,0.0,0.0,
SS-013621-PV1,2017-03-14,SLURRY,0.0,0.0,0.0,0.0,0.0,
SS-008204-PV1,2017-03-14,SLURRY,0.0,0.0,0.0,0.0,0.0,
SS-008454-PV1,2017-03-14,OVERLAY,0.0,0.0,0.0,0.0,0.0,
SS-008451-PV1,2017-03-14,OVERLAY,0.0,0.0,0.0,0.0,0.0,
SS-013553-PV1,2017-03-14,SLURRY,0.0,0.0,0.0,0.0,0.0,
SS-013552-PV1,2017-03-14,SLURRY,0.0,0.0,0.0,0.0,0.0,
SS-013547-PV1,2017-03-14,SLURRY,0.0,0.0,0.0,0.0,0.0,
SS-013546-PV1,2017-03-14,SLURRY,0.0,0.0,0.0,0.0,0.0,
SS-008453-PV1,2017-03-14,OVERLAY,0.0,0.0,0.0,0.0,0.0,
SS-028840-PV1,2017-03-15,OVERLAY,0.0,0.0,0.0,0.0,0.0,
SS-002634-PV1,2017-03-15,OVERLAY,0.0,0.0,0.0,0.0,0.0,
SS-002635-PV1,2017-03-15,OVERLAY,0.0,0.0,0.0,0.0,0.0,
SS-028839-PV1,2017-03-15,OVERLAY,0.0,0.5,0.0,9.530685920577618,-0.5,
SS-002633-PV1,2017-03-15,OVERLAY,0.0,0.0,0.0,0.0,0.0,
SS-003581-PV1,2017-03-15,OVERLAY,0.0,0.0,0.0,0.0,0.0,
SS-010417-PV1,2017-03-15,OVERLAY,0.0,0.0,0.0,0.0,0.0,
SS-008780-PV1,2017-03-15,OVERLAY,0.0,0.0,0.0,0.0,0.0,
SS-024266-PV1,2017-03-16,OVERLAY,0.0,0.0,0.0,0.0,0.0,
SS-006613-PV1,2017-03-16,OVERLAY,0.0,1.5,0.0,21.2040017734256,-1.5,
SS-003580-PV1,2017-03-16,OVERLAY,0.0,0.0,0.0,0.0,0.0,
SS-030316-PV1,2017-03-16,SLURRY,0.0,0.0,0.0,0.0,0.0,
SS-012825-PV1,2017-03-16,OVERLAY,0.0,0.0,0.0,0.0,0.0,
SS-031060-PV1,2017-03-16,OVERLAY,0.0,0.0,0.0,0.0,0.0,
SS-031057-PV1,2017-03-16,OVERLAY,0.0,0.0,0.0,0.0,0.0,
SS-010509-PV1,2017-03-16,SLURRY,0.0,0.5,0.0,8.743644297951603,-0.5,
SS-012822-PV1,2017-03-16,OVERLAY,0.0,0.0,0.0,0.0,0.0,
SS-024236-PV1,2017-03-16,OVERLAY,0.0,0.0,0.0,0.0,0.0,
SS-003881-PV1,2017-03-16,SLURRY,0.0,0.0,0.0,0.0,0.0,
SS-004423-PV1,2017-03-16,OVERLAY,0.0,0.0,0.0,0.0,0.0,
SS-014706-PV1,2017-03-16,SLURRY,0.0,0.5,0.0,5.56812014990898,-0.5,
SS-006102-PV1,2017-03-16,OVERLAY,0.0,0.0,0.0,0.0,0.0,
SS-028838-PV1,2017-03-16,OVERLAY,0.0,0.0,0.0,0.0,0.0,
SS-025318-PV1,2017-03-16,SLURRY,0.0,0.0,0.0,0.0,0.0,
SS-025319-PV1,2017-03-16,SLURRY,0.0,0.0,0.0,0.0,0.0,
SS-001152-PV1,2017-03-16,SLURRY,0.0,0.0,0.0,0.0,0.0,
SS-004424-PV1,2017-03-16,OVERLAY,0.0,0.0,0.0,0.0,0.0,
SS-012826-PV1,2017-03-16,OVERLAY,0.0,0.0,0.0,0.0,0.0,
SS-006611-PV1,2017-03-16,OVERLAY,0.0,0.0,0.0,0.0,0.0,
SS-013549-PV1,2017-03-16,SLURRY,0.0,0.0,0.0,0.0,0.0,
SS-006612-PV1,2017-03-16,OVERLAY,0.0,0.0,0.0,0.0,0.0,
SS-003880-PV1,2017-03-16,SLURRY,0.0,0.0,0.0,0.0,0.0,
SS-018616-PV1,2017-03-16,SLURRY,0.0,0.0,0.0,0.0,0.0,
SS-012823-PV1,2017-03-16,OVERLAY,0.0,0.0,0.0,0.0,0.0,
SS-004428-PV1,2017-03-16,OVERLAY,0.0,0.0,0.0,0.0,0.0,
SS-004427-PV1,2017-03-16,OVERLAY,1.0,0.0,10.647026666567188,0.0,1.0,100.0
SS-022497-PV1,2017-03-16,OVERLAY,0.0,0.0,0.0,0.0,0.0,
SS-012821-PV1,2017-03-16,OVERLAY,0.0,0.0,0.0,0.0,0.0,
SS-008656-PV1,2017-03-16,SLURRY,0.0,0.0,0.0,0.0,0.0,
SS-025757-PV1,2017-03-16,SLURRY,0.0,0.5,0.0,10.886126580086223,-0.5,
SS-004426-PV1,2017-03-16,OVERLAY,0.0,0.0,0.0,0.0,0.0,
SS-026408-PV1,2017-03-16,SLURRY,0.0,0.0,0.0,0.0,0.0,
SS-022496-PV1,2017-03-16,OVERLAY,0.0,0.0,0.0,0.0,0.0,
SS-004425-PV1,2017-03-16,OVERLAY,0.0,0.0,0.0,0.0,0.0,
SS-022498-PV1,2017-03-16,OVERLAY,0.0,0.0,0.0,0.0,0.0,
SS-028960-PV1,2017-03-16,SLURRY,0.0,0.0,0.0,0.0,0.0,
SS-028959-PV1,2017-03-16,SLURRY,0.0,0.0,0.0,0.0,0.0,
SS-002139-PV1,2017-03-16,SLURRY,0.0,0.0,0.0,0.0,0.0,
SS-012820-PV1,2017-03-16,OVERLAY,0.0,0.0,0.0,0.0,0.0,
SS-012824-PV1,2017-03-16,OVERLAY,0.0,0.0,0.0,0.0,0.0,
SS-003879-PV1,2017-03-16,SLURRY,0.0,0.0,0.0,0.0,0.0,
SS-030317-PV1,2017-03-16,SLURRY,0.0,0.0,0.0,0.0,0.0,
SS-010519-PV1,2017-03-16,SLURRY,0.0,0.0,0.0,0.0,0.0,
SS-002270-PV1,2017-03-17,SLURRY,0.0,0.0,0.0,0.0,0.0,
SS-021594-PV1,2017-03-17,OVERLAY,1.0,0.0,19.07220237340555,0.0,1.0,100.0
SS-030319-PV1,2017-03-17,SLURRY,0.0,0.5,0.0,5.522903942893174,-0.5,
SS-016055-PV1,2017-03-17,SLURRY,0.0,0.0,0.0,0.0,0.0,
SS-022897-PV1,2017-03-17,SLURRY,0.0,0.5,0.0,10.448146324706226,-0.5,
SS-016057-PV1,2017-03-17,SLURRY,0.0,0.0,0.0,0.0,0.0,
SS-016058-PV1,2017-03-17,SLURRY,0.0,0.0,0.0,0.0,0.0,
SS-016056-PV1,2017-03-17,SLURRY,0.0,0.0,0.0,0.0,0.0,
SS-018639-PV1,2017-03-17,SLURRY,0.0,0.0,0.0,0.0,0.0,
SS-002860-PV1,2017-03-17,SLURRY,0.0,0.0,0.0,0.0,0.0,
SS-018638-PV1,2017-03-17,SLURRY,0.0,0.0,0.0,0.0,0.0,
SS-030318-PV1,2017-03-17,SLURRY,0.0,0.0,0.0,0.0,0.0,
SS-009583-PV1,2017-03-17,SLURRY,0.0,0.0,0.0,0.0,0.0,
SS-022894-PV1,2017-03-17,SLURRY,0.0,0.5,0.0,12.165904223918998,-0.5,
SS-030320-PV1,2017-03-17,SLURRY,0.0,0.0,0.0,0.0,0.0,
SS-022895-PV1,2017-03-17,SLURRY,0.0,0.5,0.0,2.51065578424185,-0.5,
SS-001201-PV1,2017-03-17,SLURRY,0.0,0.0,0.0,0.0,0.0,
SS-017043-PV1,2017-03-17,SLURRY,0.0,0.0,0.0,0.0,0.0,
SS-017042-PV1,2017-03-17,SLURRY,0.0,1.0,0.0,15.053551298112204,-1.0,
SS-030321-PV1,2017-03-17,SLURRY,0.0,0.0,0.0,0.0,0.0,
SS-025320-PV1,2017-03-17,SLURRY,0.0,0.0,0.0,0.0,0.0,
SS-022896-PV1,2017-03-17,SLURRY,0.0,0.0,0.0,0.0,0.0,
SS-002636-PV1,2017-03-17,OVERLAY,0.0,0.5,0.0,2.2159811017102586,-0.5,
SS-002269-PV1,2017-03-17,SLURRY,0.0,0.5,0.0,7.329324599961854,-0.5,
SS-021595-PV1,2017-03-17,OVERLAY,0.0,0.0,0.0,0.0,0.0,
SS-025157-PV1,2017-03-20,OVERLAY,0.0,0.0,0.0,0.0,0.0,
SS-025745-PV1,2017-03-20,OVERLAY,0.0,0.0,0.0,0.0,0.0,
SS-002637-PV1,2017-03-20,OVERLAY,0.0,0.0,0.0,0.0,0.0,
SS-025744-PV1,2017-03-20,OVERLAY,0.0,0.0,0.0,0.0,0.0,
SS-025743-PV1,2017-03-20,OVERLAY,0.0,0.0,0.0,0.0,0.0,
SS-008634-PV1,2017-03-20,OVERLAY,0.0,0.0,0.0,0.0,0.0,
SS-025746-PV1,2017-03-20,OVERLAY,0.0,0.0,0.0,0.0,0.0,
SS-022892-PV1,2017-03-21,SLURRY,0.0,0.5,0.0,7.849326236432408,-0.5,
SS-022893-PV1,2017-03-21,SLURRY,0.0,0.0,0.0,0.0,0.0,
SS-026945-PV1,2017-03-21,OVERLAY,0.0,0.0,0.0,0.0,0.0,
SS-015552-PV1,2017-03-21,OVERLAY,0.0,0.5,0.0,1.6650445096670972,-0.5,
SS-018529-PV1,2017-03-21,OVERLAY,3.0,3.0,81.14363345207761,81.14363345207761,0.0,0.0
SS-024187-PV1,2017-03-21,OVERLAY,0.0,0.0,0.0,0.0,0.0,
SS-024188-PV1,2017-03-21,OVERLAY,0.0,0.0,0.0,0.0,0.0,
SS-014707-PV1,2017-03-21,SLURRY,1.0,0.0,8.362292522495043,0.0,1.0,100.0
SS-008635-PV1,2017-03-21,OVERLAY,0.0,0.0,0.0,0.0,0.0,
SS-004754-PV1,2017-03-21,OVERLAY,0.0,0.0,0.0,0.0,0.0,
SS-027399-PV1,2017-03-21,SLURRY,0.0,1.0,0.0,7.776141384388807,-1.0,
SS-027400-PV1,2017-03-21,SLURRY,0.0,0.5,0.0,3.893805309734513,-0.5,
SS-018528-PV1,2017-03-21,OVERLAY,0.0,0.0,0.0,0.0,0.0,
SS-027401-PV1,2017-03-21,SLURRY,0.0,0.0,0.0,0.0,0.0,
SS-018527-PV1,2017-03-21,OVERLAY,0.0,0.0,0.0,0.0,0.0,
SS-027404-PV1,2017-03-21,SLURRY,0.0,0.5,0.0,3.8709677419354835,-0.5,
SS-024189-PV1,2017-03-21,OVERLAY,0.0,0.5,0.0,2.615364573400851,-0.5,
SS-018526-PV1,2017-03-21,OVERLAY,0.0,0.0,0.0,0.0,0.0,
SS-002078-PV1,2017-03-21,SLURRY,0.0,0.0,0.0,0.0,0.0,
SS-018530-PV1,2017-03-21,OVERLAY,0.0,0.0,0.0,0.0,0.0,
SS-001417-PV1,2017-03-21,SLURRY,0.0,0.0,0.0,0.0,0.0,
SS-001416-PV1,2017-03-21,SLURRY,0.0,0.0,0.0,0.0,0.0,
SS-035338-PV1,2017-03-21,OVERLAY,0.0,0.0,0.0,0.0,0.0,
SS-023652-PV1,2017-03-21,SLURRY,0.0,0.0,0.0,0.0,0.0,
SS-001415-PV1,2017-03-21,SLURRY,0.0,0.0,0.0,0.0,0.0,
SS-001414-PV1,2017-03-21,SLURRY,0.0,0.0,0.0,0.0,0.0,
SS-035336-PV1,2017-03-21,OVERLAY,0.0,0.0,0.0,0.0,0.0,
SS-022918-PV1,2017-03-21,SLURRY,0.0,0.5,0.0,4.30665610013367,-0.5,
SS-018533-PV1,2017-03-21,OVERLAY,1.0,2.5,27.624612902263802,69.06153225565951,-1.5,-150.0
SS-002079-PV1,2017-03-21,SLURRY,0.0,0.0,0.0,0.0,0.0,
SS-003882-PV1,2017-03-21,SLURRY,0.0,0.0,0.0,0.0,0.0,
SS-035337-PV1,2017-03-21,OVERLAY,0.0,0.0,0.0,0.0,0.0,
SS-013711-PV1,2017-03-21,OVERLAY,0.0,0.0,0.0,0.0,0.0,
SS-001586-PV1,2017-03-21,SLURRY,0.0,0.5,0.0,4.671836242229754,-0.5,
SS-018531-PV1,2017-03-21,OVERLAY,0.0,0.0,0.0,0.0,0.0,
SS-018532-PV1,2017-03-21,OVERLAY,0.0,0.0,0.0,0.0,0.0,
SS-013713-PV1,2017-03-21,OVERLAY,0.0,0.0,0.0,0.0,0.0,
SS-013712-PV1,2017-03-21,OVERLAY,0.0,0.0,0.0,0.0,0.0,
SS-013707-PV1,2017-03-21,OVERLAY,0.0,0.0,0.0,0.0,0.0,
SS-007534-PV1,2017-03-22,OVERLAY,0.0,0.0,0.0,0.0,0.0,
SS-007532-PV1,2017-03-22,OVERLAY,0.0,0.0,0.0,0.0,0.0,
SS-007531-PV1,2017-03-22,OVERLAY,0.0,0.0,0.0,0.0,0.0,
SS-007530-PV1,2017-03-22,OVERLAY,0.0,0.0,0.0,0.0,0.0,
SS-007535-PV1,2017-03-22,OVERLAY,0.0,0.0,0.0,0.0,0.0,
SS-007533-PV1,2017-03-22,OVERLAY,0.0,0.0,0.0,0.0,0.0,
SS-024304-PV1,2017-03-27,SLURRY,0.0,0.0,0.0,0.0,0.0,
SS-006998-PV1,2017-03-27,OVERLAY,0.0,0.5,0.0,2.4171693738048057,-0.5,
SS-016095-PV1,2017-03-27,SLURRY,0.0,0.0,0.0,0.0,0.0,
SS-006988-PV1,2017-03-27,OVERLAY,0.0,0.0,0.0,0.0,0.0,
SS-016077-PV1,2017-03-27,SLURRY,0.0,0.0,0.0,0.0,0.0,
SS-006989-PV1,2017-03-27,OVERLAY,1.0,1.0,6.646913918436323,6.646913918436323,0.0,0.0
SS-006990-PV1,2017-03-27,OVERLAY,0.0,0.0,0.0,0.0,0.0,
SS-006991-PV1,2017-03-27,OVERLAY,0.0,0.5,0.0,3.414498815595723,-0.5,
SS-006992-PV1,2017-03-27,OVERLAY,1.0,0.5,8.129986160546286,4.064993080273143,0.5,50.0
SS-006997-PV1,2017-03-27,OVERLAY,0.0,0.0,0.0,0.0,0.0,
SS-006993-PV1,2017-03-27,OVERLAY,0.0,0.0,0.0,0.0,0.0,
SS-024303-PV1,2017-03-27,SLURRY,0.0,0.0,0.0,0.0,0.0,
SS-006996-PV1,2017-03-27,OVERLAY,0.0,2.0,0.0,13.089678552945951,-2.0,
SS-009865-PV1,2017-03-27,SLURRY,0.0,0.0,0.0,0.0,0.0,
SS-006994-PV1,2017-03-27,OVERLAY,0.0,0.0,0.0,0.0,0.0,
SS-032168-PV1,2017-03-27,SLURRY,0.0,0.0,0.0,0.0,0.0,
SS-028455-PV1,2017-03-27,SLURRY,0.0,0.0,0.0,0.0,0.0,
SS-024085-PV1,2017-03-27,SLURRY,0.0,0.0,0.0,0.0,0.0,
SS-016902-PV1,2017-03-27,SLURRY,0.0,0.5,0.0,2.8470966731675373,-0.5,
SS-028456-PV1,2017-03-27,SLURRY,1.0,1.0,4.238798153007929,4.238798153007929,0.0,0.0
SS-028457-PV1,2017-03-27,SLURRY,0.0,0.0,0.0,0.0,0.0,
SS-032184-PV1,2017-03-27,SLURRY,0.0,0.0,0.0,0.0,0.0,
SS-030328-PV1,2017-03-28,SLURRY,0.0,1.5,0.0,5.7249317742821315,-1.5,
SS-024277-PV1,2017-03-28,SLURRY,0.0,0.0,0.0,0.0,0.0,
SS-028453-PV1,2017-03-28,SLURRY,0.0,2.0,0.0,9.877144596065472,-2.0,
SS-030323-PV1,2017-03-28,SLURRY,0.0,1.0,0.0,19.483854969268645,-1.0,
SS-008639-PV1,2017-03-28,SLURRY,0.0,1.0,0.0,3.1434931388797054,-1.0,
SS-028452-PV1,2017-03-28,SLURRY,0.0,1.0,0.0,3.6695944423992164,-1.0,
SS-008638-PV1,2017-03-28,SLURRY,0.0,0.0,0.0,0.0,0.0,
SS-008637-PV1,2017-03-28,SLURRY,0.0,0.0,0.0,0.0,0.0,
SS-013896-PV1,2017-03-28,SLURRY,0.0,1.0,0.0,10.999875047148565,-1.0,
SS-012537-PV1,2017-03-28,SLURRY,0.0,1.5,0.0,4.828981203861355,-1.5,
SS-017078-PV1,2017-03-28,SLURRY,0.0,0.0,0.0,0.0,0.0,
SS-001266-PV1,2017-03-28,SLURRY,0.0,0.0,0.0,0.0,0.0,
SS-032169-PV1,2017-03-28,SLURRY,0.0,0.0,0.0,0.0,0.0,
SS-030324-PV1,2017-03-28,SLURRY,0.0,0.0,0.0,0.0,0.0,
SS-001267-PV1,2017-03-28,SLURRY,0.0,0.0,0.0,0.0,0.0,
SS-024083-PV1,2017-03-28,SLURRY,0.0,1.0,0.0,13.171050032029598,-1.0,
SS-024081-PV1,2017-03-28,SLURRY,0.0,0.0,0.0,0.0,0.0,
SS-008655-PV1,2017-03-30,SLURRY,0.0,0.0,0.0,0.0,0.0,
SS-002578-PV1,2017-03-30,SLURRY,0.0,0.0,0.0,0.0,0.0,
SS-002576-PV1,2017-03-30,SLURRY,0.0,0.0,0.0,0.0,0.0,
SS-024929-PV1,2017-03-30,SLURRY,0.0,0.0,0.0,0.0,0.0,
SS-026299-PV1,2017-03-30,SLURRY,0.0,0.5,0.0,5.019843593842935,-0.5,
SS-026300-PV1,2017-03-30,SLURRY,0.0,0.0,0.0,0.0,0.0,
SS-005046-PV1,2017-03-30,SLURRY,0.0,0.0,0.0,0.0,0.0,
SS-029661-PV1,2017-03-30,SLURRY,0.0,0.0,0.0,0.0,0.0,
SS-029660-PV1,2017-03-30,SLURRY,0.0,0.0,0.0,0.0,0.0,
SS-010424-PV1,2017-03-30,SLURRY,0.0,0.0,0.0,0.0,0.0,
SS-027447-PV1,2017-03-30,SLURRY,0.0,0.0,0.0,0.0,0.0,
SS-010425-PV1,2017-03-30,SLURRY,0.0,0.0,0.0,0.0,0.0,
SS-027448-PV1,2017-03-30,SLURRY,0.0,0.0,0.0,0.0,0.0,
SS-027511-PV1,2017-03-30,SLURRY,0.0,0.0,0.0,0.0,0.0,
SS-011154-PV1,2017-03-30,SLURRY,0.0,0.0,0.0,0.0,0.0,
SS-002099-PV1,2017-03-30,SLURRY,0.0,0.0,0.0,0.0,0.0,
SS-002100-PV1,2017-03-30,SLURRY,0.0,0.0,0.0,0.0,0.0,
SS-026455-PV1,2017-03-30,SLURRY,0.0,0.0,0.0,0.0,0.0,
SS-026458-PV1,2017-03-30,SLURRY,1.0,0.5,20.744287757845015,10.372143878922508,0.5,50.0
SS-021931-PV1,2017-03-30,SLURRY,0.0,0.0,0.0,0.0,0.0,
SS-029668-PV1,2017-03-30,SLURRY,0.0,0.5,0.0,8.0965948298335,-0.5,
SS-005049-PV1,2017-03-30,SLURRY,0.0,0.0,0.0,0.0,0.0,
SS-017962-PV1,2017-03-30,SLURRY,0.0,0.0,0.0,0.0,0.0,
SS-026605-PV1,2017-03-30,SLURRY,0.0,0.0,0.0,0.0,0.0,
SS-026606-PV1,2017-03-30,SLURRY,0.0,0.0,0.0,0.0,0.0,
SS-026154-PV1,2017-03-30,SLURRY,0.0,0.0,0.0,0.0,0.0,
SS-026153-PV1,2017-03-30,SLURRY,0.0,0.0,0.0,0.0,0.0,
SS-026604-PV1,2017-03-30,SLURRY,0.0,0.0,0.0,0.0,0.0,
SS-005047-PV1,2017-03-30,SLURRY,0.0,0.0,0.0,0.0,0.0,
SS-008654-PV1,2017-03-30,SLURRY,0.0,0.0,0.0,0.0,0.0,
SS-008653-PV1,2017-03-30,SLURRY,0.0,0.0,0.0,0.0,0.0,
SS-026151-PV1,2017-03-30,SLURRY,0.0,0.0,0.0,0.0,0.0,
SS-023448-PV1,2017-03-30,SLURRY,0.0,0.0,0.0,0.0,0.0,
SS-005050-PV1,2017-03-30,SLURRY,0.0,0.0,0.0,0.0,0.0,
SS-011155-PV1,2017-03-31,SLURRY,0.0,0.0,0.0,0.0,0.0,
SS-023447-PV1,2017-03-31,SLURRY,0.0,0.0,0.0,0.0,0.0,
SS-031720-PV1,2017-03-31,SLURRY,0.0,0.5,0.0,3.596730245231608,-0.5,
SS-010426-PV1,2017-03-31,SLURRY,0.0,0.0,0.0,0.0,0.0,
SS-006643-PV1,2017-04-01,SLURRY,1.0,0.0,9.996942223164694,0.0,1.0,100.0
SS-006644-PV1,2017-04-01,SLURRY,0.0,0.0,0.0,0.0,0.0,
SS-029109-PV1,2017-04-03,SLURRY,0.0,0.0,0.0,0.0,0.0,
SS-031636-PV1,2017-04-03,SLURRY,0.0,0.0,0.0,0.0,0.0,
SS-013412-PV1,2017-04-03,OVERLAY,0.0,0.0,0.0,0.0,0.0,
SS-019668-PV1,2017-04-03,SLURRY,0.0,1.5,0.0,13.459883429251997,-1.5,
SS-026457-PV1,2017-04-03,SLURRY,0.0,0.0,0.0,0.0,0.0,
SS-026456-PV1,2017-04-03,SLURRY,0.0,0.0,0.0,0.0,0.0,
SS-002577-PV1,2017-04-03,SLURRY,0.0,0.0,0.0,0.0,0.0,
SS-032188-PV1,2017-04-03,SLURRY,0.0,0.0,0.0,0.0,0.0,
SS-023615-PV1,2017-04-03,SLURRY,0.0,0.5,0.0,3.773674986238236,-0.5,
SS-012116-PV1,2017-04-03,OVERLAY,0.0,0.0,0.0,0.0,0.0,
SS-026301-PV1,2017-04-03,SLURRY,0.0,0.5,0.0,4.351672501039704,-0.5,
SS-004116-PV1,2017-04-03,SLURRY,0.0,0.5,0.0,4.9773080003438865,-0.5,
SS-005048-PV1,2017-04-03,SLURRY,0.0,0.0,0.0,0.0,0.0,
SS-029662-PV1,2017-04-03,SLURRY,1.0,0.0,9.079072531472399,0.0,1.0,100.0
SS-004117-PV1,2017-04-03,SLURRY,0.0,0.0,0.0,0.0,0.0,
SS-002500-PV1,2017-04-04,SLURRY,0.0,0.0,0.0,0.0,0.0,
SS-014677-PV1,2017-04-04,OVERLAY,0.0,0.0,0.0,0.0,0.0,
SS-024455-PV1,2017-04-04,SLURRY,0.0,0.0,0.0,0.0,0.0,
SS-029663-PV1,2017-04-04,SLURRY,0.0,0.5,0.0,2.895369251704978,-0.5,
SS-013413-PV1,2017-04-04,OVERLAY,0.0,0.0,0.0,0.0,0.0,
SS-013414-PV1,2017-04-04,OVERLAY,0.0,0.0,0.0,0.0,0.0,
SS-013415-PV1,2017-04-04,OVERLAY,0.0,0.0,0.0,0.0,0.0,
SS-014678-PV1,2017-04-04,OVERLAY,0.0,0.0,0.0,0.0,0.0,
SS-004536-PV1,2017-04-04,SLURRY,0.0,0.0,0.0,0.0,0.0,
SS-014676-PV1,2017-04-04,OVERLAY,0.0,0.0,0.0,0.0,0.0,
SS-004535-PV1,2017-04-04,SLURRY,0.0,0.0,0.0,0.0,0.0,
SS-012113-PV1,2017-04-04,OVERLAY,0.0,0.0,0.0,0.0,0.0,
SS-003115-PV1,2017-04-04,CONCRETE,0.0,0.0,0.0,0.0,0.0,
SS-012573-PV1,2017-04-04,SLURRY,0.0,0.0,0.0,0.0,0.0,
SS-012114-PV1,2017-04-04,OVERLAY,0.0,0.0,0.0,0.0,0.0,
SS-012115-PV1,2017-04-04,OVERLAY,0.0,0.5,0.0,6.720046918145756,-0.5,
SS-017059-PV1,2017-04-04,OVERLAY,0.0,0.0,0.0,0.0,0.0,
SS-012112-PV1,2017-04-04,OVERLAY,0.0,0.5,0.0,3.2827013946631483,-0.5,
SS-004537-PV1,2017-04-04,SLURRY,0.0,0.0,0.0,0.0,0.0,
SS-012111-PV1,2017-04-04,OVERLAY,0.0,0.0,0.0,0.0,0.0,
SS-029471-PV1,2017-04-05,SLURRY,0.0,0.5,0.0,4.909941627489424,-0.5,
SS-029470-PV1,2017-04-05,SLURRY,0.0,0.0,0.0,0.0,0.0,
SS-009071-PV1,2017-04-05,SLURRY,1.0,0.0,7.9878886663811395,0.0,1.0,100.0
SS-009450-PV1,2017-04-05,SLURRY,0.0,0.0,0.0,0.0,0.0,
SS-009449-PV1,2017-04-05,SLURRY,0.0,0.0,0.0,0.0,0.0,
SS-009451-PV1,2017-04-05,SLURRY,0.0,0.0,0.0,0.0,0.0,
SS-007478-PV1,2017-04-05,OVERLAY,0.0,0.0,0.0,0.0,0.0,
SS-014246-PV1,2017-04-05,OVERLAY,0.0,0.5,0.0,5.018250082972203,-0.5,
SS-009452-PV1,2017-04-05,SLURRY,0.0,0.0,0.0,0.0,0.0,
SS-029492-PV1,2017-04-06,SLURRY,0.0,0.5,0.0,12.452830188679245,-0.5,
SS-027712-PV1,2017-04-06,CONCRETE,0.0,0.0,0.0,0.0,0.0,
SS-029480-PV1,2017-04-06,SLURRY,0.0,0.0,0.0,0.0,0.0,
SS-009073-PV1,2017-04-06,SLURRY,1.0,0.5,8.011908609615201,4.0059543048076005,0.5,50.0
SS-009074-PV1,2017-04-06,SLURRY,0.0,0.5,0.0,6.300072450833184,-0.5,
SS-029469-PV1,2017-04-06,SLURRY,0.0,0.0,0.0,0.0,0.0,
SS-017820-PV1,2017-04-07,SLURRY,0.0,0.0,0.0,0.0,0.0,
SS-017819-PV1,2017-04-07,SLURRY,0.0,0.0,0.0,0.0,0.0,
SS-010410-PV1,2017-04-07,SLURRY,0.0,0.5,0.0,3.9999103050416442,-0.5,
SS-017821-PV1,2017-04-07,SLURRY,0.0,0.0,0.0,0.0,0.0,
SS-010409-PV1,2017-04-07,SLURRY,0.0,0.5,0.0,5.869994301213866,-0.5,
SS-007503-PV1,2017-04-07,SLURRY,0.0,0.0,0.0,0.0,0.0,
SS-015310-PV1,2017-04-07,OVERLAY,0.0,0.5,0.0,5.514802649444886,-0.5,
SS-007500-PV1,2017-04-07,SLURRY,0.0,0.0,0.0,0.0,0.0,
SS-007504-PV1,2017-04-07,SLURRY,0.0,0.0,0.0,0.0,0.0,
SS-005584-PV1,2017-04-07,OVERLAY,0.0,0.0,0.0,0.0,0.0,
SS-010407-PV1,2017-04-07,SLURRY,0.0,1.0,0.0,8.048629576000328,-1.0,
SS-008157-PV1,2017-04-07,OVERLAY,1.0,0.5,3.099446807446515,1.5497234037232575,0.5,50.0
SS-016688-PV1,2017-04-07,SLURRY,0.0,0.0,0.0,0.0,0.0,
SS-008156-PV1,2017-04-07,OVERLAY,3.0,1.5,12.40329113186609,6.201645565933045,1.5,50.0
SS-028170-PV1,2017-04-07,OVERLAY,0.0,0.5,0.0,8.488745980707396,-0.5,
SS-008155-PV1,2017-04-07,OVERLAY,1.0,0.5,11.786835087443583,5.8934175437217915,0.5,50.0
SS-028169-PV1,2017-04-07,OVERLAY,0.0,1.0,0.0,7.405329593267882,-1.0,
SS-007509-PV1,2017-04-07,SLURRY,0.0,0.0,0.0,0.0,0.0,
SS-022439-PV1,2017-04-10,SLURRY,0.0,0.0,0.0,0.0,0.0,
SS-011790-PV1,2017-04-10,SLURRY,0.0,0.0,0.0,0.0,0.0,
SS-009490-PV1,2017-04-10,SLURRY,0.0,0.0,0.0,0.0,0.0,
SS-022438-PV1,2017-04-10,SLURRY,0.0,0.0,0.0,0.0,0.0,
SS-010408-PV1,2017-04-10,SLURRY,0.0,0.5,0.0,3.9999503036477426,-0.5,
SS-007506-PV1,2017-04-10,SLURRY,0.0,0.5,0.0,5.047789565301188,-0.5,
SS-020816-PV1,2017-04-10,SLURRY,0.0,0.0,0.0,0.0,0.0,
SS-020815-PV1,2017-04-10,SLURRY,0.0,0.0,0.0,0.0,0.0,
SS-020814-PV1,2017-04-10,SLURRY,0.0,0.0,0.0,0.0,0.0,
SS-009072-PV1,2017-04-10,SLURRY,0.0,1.5,0.0,12.017800912381736,-1.5,
SS-029490-PV1,2017-04-10,SLURRY,0.0,0.5,0.0,6.965699208443272,-0.5,
SS-004258-PV1,2017-04-10,SLURRY,0.0,0.0,0.0,0.0,0.0,
SS-004157-PV1,2017-04-10,SLURRY,0.0,0.0,0.0,0.0,0.0,
SS-011809-PV1,2017-04-10,SLURRY,0.0,0.0,0.0,0.0,0.0,
SS-019787-PV1,2017-04-10,SLURRY,0.0,0.0,0.0,0.0,0.0,
SS-004259-PV1,2017-04-11,SLURRY,0.0,0.0,0.0,0.0,0.0,
SS-022440-PV1,2017-04-11,SLURRY,0.0,0.0,0.0,0.0,0.0,
SS-001640-PV1,2017-04-11,SLURRY,0.0,0.0,0.0,0.0,0.0,
SS-013991-PV1,2017-04-11,SLURRY,0.0,0.0,0.0,0.0,0.0,
SS-013988-PV1,2017-04-11,SLURRY,0.0,0.0,0.0,0.0,0.0,
SS-013990-PV1,2017-04-11,SLURRY,0.0,0.0,0.0,0.0,0.0,
SS-013989-PV1,2017-04-11,SLURRY,0.0,0.5,0.0,15.712059839141835,-0.5,
SS-021853-PV1,2017-04-11,SLURRY,0.0,0.0,0.0,0.0,0.0,
SS-022288-PV1,2017-04-11,SLURRY,0.0,0.0,0.0,0.0,0.0,
SS-009489-PV1,2017-04-11,SLURRY,0.0,0.0,0.0,0.0,0.0,
SS-029451-PV1,2017-04-11,SLURRY,0.0,0.0,0.0,0.0,0.0,
SS-029452-PV1,2017-04-11,SLURRY,0.0,0.0,0.0,0.0,0.0,
SS-018325-PV1,2017-04-11,SLURRY,0.0,0.0,0.0,0.0,0.0,
SS-029491-PV1,2017-04-11,SLURRY,0.0,0.0,0.0,0.0,0.0,
SS-011858-PV1,2017-04-11,SLURRY,0.0,0.0,0.0,0.0,0.0,
SS-018324-PV1,2017-04-11,SLURRY,0.0,1.0,0.0,12.981900820736422,-1.0,
SS-029503-PV1,2017-04-11,SLURRY,0.0,0.0,0.0,0.0,0.0,
SS-021854-PV1,2017-04-11,SLURRY,0.0,0.0,0.0,0.0,0.0,
SS-009488-PV1,2017-04-11,SLURRY,0.0,0.0,0.0,0.0,0.0,
SS-020131-PV1,2017-04-11,SLURRY,0.0,0.0,0.0,0.0,0.0,
SS-020133-PV1,2017-04-11,SLURRY,0.0,0.0,0.0,0.0,0.0,
SS-018323-PV1,2017-04-11,SLURRY,0.0,0.0,0.0,0.0,0.0,
SS-018322-PV1,2017-04-11,SLURRY,0.0,0.5,0.0,8.791197081322569,-0.5,
SS-018320-PV1,2017-04-11,SLURRY,0.0,0.0,0.0,0.0,0.0,
SS-004152-PV1,2017-04-11,SLURRY,0.0,0.5,0.0,3.9822187897373396,-0.5,
SS-011789-PV1,2017-04-11,SLURRY,0.0,0.0,0.0,0.0,0.0,
SS-007120-PV1,2017-04-11,SLURRY,0.0,0.0,0.0,0.0,0.0,
SS-011788-PV1,2017-04-11,SLURRY,0.0,0.0,0.0,0.0,0.0,
SS-020132-PV1,2017-04-11,SLURRY,0.0,0.0,0.0,0.0,0.0,
SS-007117-PV1,2017-04-11,SLURRY,0.0,0.0,0.0,0.0,0.0,
SS-004257-PV1,2017-04-11,SLURRY,0.0,0.0,0.0,0.0,0.0,
SS-007115-PV1,2017-04-11,SLURRY,0.0,0.0,0.0,0.0,0.0,
SS-010772-PV1,2017-04-11,SLURRY,0.0,0.0,0.0,0.0,0.0,
SS-010773-PV1,2017-04-11,SLURRY,0.0,0.0,0.0,0.0,0.0,
SS-006746-PV1,2017-04-11,SLURRY,0.0,0.0,0.0,0.0,0.0,
SS-018948-PV1,2017-04-11,SLURRY,0.0,0.0,0.0,0.0,0.0,
SS-003021-PV1,2017-04-11,SLURRY,0.0,0.0,0.0,0.0,0.0,
SS-017686-PV1,2017-04-11,SLURRY,0.0,0.0,0.0,0.0,0.0,
SS-003024-PV1,2017-04-11,SLURRY,0.0,0.0,0.0,0.0,0.0,
SS-003025-PV1,2017-04-11,SLURRY,0.0,0.0,0.0,0.0,0.0,
SS-016693-PV1,2017-04-11,SLURRY,0.0,0.0,0.0,0.0,0.0,
SS-007116-PV1,2017-04-11,SLURRY,0.0,0.0,0.0,0.0,0.0,
SS-016692-PV1,2017-04-11,SLURRY,0.0,0.0,0.0,0.0,0.0,
SS-009542-PV1,2017-04-11,SLURRY,0.0,0.0,0.0,0.0,0.0,
SS-010406-PV1,2017-04-11,SLURRY,0.0,0.0,0.0,0.0,0.0,
SS-006912-PV1,2017-04-11,SLURRY,0.0,0.0,0.0,0.0,0.0,
SS-016694-PV1,2017-04-11,SLURRY,0.0,0.0,0.0,0.0,0.0,
SS-009541-PV1,2017-04-11,SLURRY,0.0,0.5,0.0,3.580023630868103,-0.5,
SS-019784-PV1,2017-04-11,SLURRY,0.0,0.0,0.0,0.0,0.0,
SS-021620-PV1,2017-04-11,SLURRY,0.0,0.0,0.0,0.0,0.0,
SS-019786-PV1,2017-04-11,SLURRY,0.0,0.0,0.0,0.0,0.0,
SS-006854-PV1,2017-04-11,SLURRY,0.0,0.0,0.0,0.0,0.0,
SS-019785-PV1,2017-04-11,SLURRY,0.0,0.0,0.0,0.0,0.0,
SS-019783-PV1,2017-04-11,SLURRY,0.0,0.0,0.0,0.0,0.0,
SS-001637-PV1,2017-04-12,SLURRY,0.0,0.0,0.0,0.0,0.0,
SS-027714-PV1,2017-04-12,CONCRETE,0.0,0.0,0.0,0.0,0.0,
SS-011957-PV1,2017-04-12,SLURRY,0.0,0.0,0.0,0.0,0.0,
SS-007507-PV1,2017-04-12,SLURRY,0.0,0.0,0.0,0.0,0.0,
SS-002566-PV1,2017-04-12,SLURRY,0.0,0.0,0.0,0.0,0.0,
SS-007508-PV1,2017-04-12,SLURRY,0.0,0.0,0.0,0.0,0.0,
SS-011958-PV1,2017-04-12,SLURRY,0.0,0.0,0.0,0.0,0.0,
SS-001638-PV1,2017-04-12,SLURRY,0.0,0.0,0.0,0.0,0.0,
SS-004153-PV1,2017-04-12,SLURRY,0.0,0.0,0.0,0.0,0.0,
SS-011959-PV1,2017-04-12,SLURRY,0.0,0.0,0.0,0.0,0.0,
SS-011960-PV1,2017-04-12,SLURRY,0.0,0.0,0.0,0.0,0.0,
SS-001639-PV1,2017-04-12,SLURRY,0.0,0.5,0.0,8.831995375246057,-0.5,
SS-002565-PV1,2017-04-12,SLURRY,0.0,0.0,0.0,0.0,0.0,
SS-006742-PV1,2017-04-12,SLURRY,0.0,0.0,0.0,0.0,0.0,
SS-007512-PV1,2017-04-12,SLURRY,0.0,0.0,0.0,0.0,0.0,
SS-029421-PV1,2017-04-12,SLURRY,0.0,0.0,0.0,0.0,0.0,
SS-016695-PV1,2017-04-12,SLURRY,0.0,0.0,0.0,0.0,0.0,
SS-017685-PV1,2017-04-12,SLURRY,0.0,0.0,0.0,0.0,0.0,
SS-007091-PV1,2017-04-12,SLURRY,0.0,0.0,0.0,0.0,0.0,
SS-028344-PV1,2017-04-12,SLURRY,0.0,0.0,0.0,0.0,0.0,
SS-014590-PV1,2017-04-13,SLURRY,0.0,0.0,0.0,0.0,0.0,
SS-002562-PV1,2017-04-13,SLURRY,0.0,1.0,0.0,20.623445185577808,-1.0,
SS-030668-PV1,2017-04-13,SLURRY,0.0,0.0,0.0,0.0,0.0,
SS-005545-PV1,2017-04-13,SLURRY,0.0,0.0,0.0,0.0,0.0,
SS-014591-PV1,2017-04-13,SLURRY,0.0,0.0,0.0,0.0,0.0,
SS-030666-PV1,2017-04-13,SLURRY,0.0,0.0,0.0,0.0,0.0,
SS-005546-PV1,2017-04-13,SLURRY,0.0,0.0,0.0,0.0,0.0,
SS-007505-PV1,2017-04-13,SLURRY,0.0,0.0,0.0,0.0,0.0,
SS-030655-PV1,2017-04-13,SLURRY,0.0,0.0,0.0,0.0,0.0,
SS-002559-PV1,2017-04-13,SLURRY,0.0,0.0,0.0,0.0,0.0,
SS-030653-PV1,2017-04-13,SLURRY,0.0,0.0,0.0,0.0,0.0,
SS-030667-PV1,2017-04-13,SLURRY,0.0,0.0,0.0,0.0,0.0,
SS-016697-PV1,2017-04-13,SLURRY,0.0,0.0,0.0,0.0,0.0,
SS-006743-PV1,2017-04-13,SLURRY,0.0,0.0,0.0,0.0,0.0,
SS-016698-PV1,2017-04-13,SLURRY,0.0,0.0,0.0,0.0,0.0,
SS-002555-PV1,2017-04-13,SLURRY,0.0,0.0,0.0,0.0,0.0,
SS-014589-PV1,2017-04-13,SLURRY,0.0,0.0,0.0,0.0,0.0,
SS-027502-PV1,2017-04-13,SLURRY,0.0,0.0,0.0,0.0,0.0,
SS-006744-PV1,2017-04-13,SLURRY,0.0,0.0,0.0,0.0,0.0,
SS-030660-PV1,2017-04-13,SLURRY,0.0,0.0,0.0,0.0,0.0,
SS-005547-PV1,2017-04-13,SLURRY,0.0,0.0,0.0,0.0,0.0,
SS-002564-PV1,2017-04-13,SLURRY,0.0,0.0,0.0,0.0,0.0,
SS-024765-PV1,2017-04-13,SLURRY,0.0,0.0,0.0,0.0,0.0,
SS-030662-PV1,2017-04-13,SLURRY,0.0,0.0,0.0,0.0,0.0,
SS-009487-PV1,2017-04-13,SLURRY,0.0,0.0,0.0,0.0,0.0,
SS-030664-PV1,2017-04-13,SLURRY,0.0,0.0,0.0,0.0,0.0,
SS-008358-PV1,2017-04-13,SLURRY,0.0,0.0,0.0,0.0,0.0,
SS-003133-PV1,2017-04-13,CONCRETE,0.0,0.0,0.0,0.0,0.0,
SS-011956-PV1,2017-04-13,SLURRY,0.0,0.0,0.0,0.0,0.0,
SS-024767-PV1,2017-04-13,SLURRY,0.0,0.0,0.0,0.0,0.0,
SS-024766-PV1,2017-04-13,SLURRY,0.0,0.0,0.0,0.0,0.0,
SS-011955-PV1,2017-04-13,SLURRY,0.0,0.0,0.0,0.0,0.0,
SS-009749-PV1,2017-04-14,SLURRY,0.0,0.0,0.0,0.0,0.0,
SS-026176-PV1,2017-04-14,OVERLAY,0.0,0.0,0.0,0.0,0.0,
SS-007706-PV1,2017-04-14,SLURRY,0.0,0.0,0.0,0.0,0.0,
SS-009557-PV1,2017-04-14,OVERLAY,0.0,0.0,0.0,0.0,0.0,
SS-026177-PV1,2017-04-14,OVERLAY,0.0,0.0,0.0,0.0,0.0,
SS-030659-PV1,2017-04-14,SLURRY,0.0,0.0,0.0,0.0,0.0,
SS-005560-PV1,2017-04-14,SLURRY,0.0,0.0,0.0,0.0,0.0,
SS-005561-PV1,2017-04-14,SLURRY,0.0,0.0,0.0,0.0,0.0,
SS-030665-PV1,2017-04-14,SLURRY,0.0,0.0,0.0,0.0,0.0,
SS-026178-PV1,2017-04-14,OVERLAY,0.0,0.5,0.0,4.075033090349195,-0.5,
SS-005559-PV1,2017-04-14,SLURRY,0.0,0.0,0.0,0.0,0.0,
SS-026179-PV1,2017-04-14,OVERLAY,0.0,0.0,0.0,0.0,0.0,
SS-007707-PV1,2017-04-14,SLURRY,0.0,0.0,0.0,0.0,0.0,
SS-009819-PV1,2017-04-14,SLURRY,1.0,3.0,3.5597315881479545,10.679194764443864,-2.0,-200.0
SS-024431-PV1,2017-04-14,OVERLAY,0.0,0.0,0.0,0.0,0.0,
SS-030663-PV1,2017-04-14,SLURRY,0.0,0.0,0.0,0.0,0.0,
SS-005556-PV1,2017-04-14,SLURRY,0.0,0.0,0.0,0.0,0.0,
SS-009818-PV1,2017-04-14,SLURRY,1.0,0.0,54.32926001078354,0.0,1.0,100.0
SS-028469-PV1,2017-04-14,SLURRY,0.0,0.5,0.0,1.9199824059794068,-0.5,
SS-030661-PV1,2017-04-14,SLURRY,0.0,0.0,0.0,0.0,0.0,
SS-030658-PV1,2017-04-14,SLURRY,0.0,0.0,0.0,0.0,0.0,
SS-024432-PV1,2017-04-14,OVERLAY,0.0,0.0,0.0,0.0,0.0,
SS-023209-PV1,2017-04-14,SLURRY,0.0,0.5,0.0,5.692818121792668,-0.5,
SS-023208-PV1,2017-04-14,SLURRY,0.0,0.0,0.0,0.0,0.0,
SS-027057-PV1,2017-04-14,SLURRY,0.0,0.0,0.0,0.0,0.0,
SS-023210-PV1,2017-04-14,SLURRY,0.0,0.0,0.0,0.0,0.0,
SS-021204-PV1,2017-04-14,SLURRY,0.0,0.0,0.0,0.0,0.0,
SS-016775-PV1,2017-04-14,OVERLAY,0.0,0.0,0.0,0.0,0.0,
SS-008369-PV1,2017-04-14,SLURRY,0.0,0.0,0.0,0.0,0.0,
SS-007708-PV1,2017-04-14,SLURRY,0.0,0.0,0.0,0.0,0.0,
SS-005562-PV1,2017-04-14,SLURRY,0.0,0.0,0.0,0.0,0.0,
SS-005563-PV1,2017-04-14,SLURRY,0.0,0.0,0.0,0.0,0.0,
SS-009556-PV1,2017-04-14,OVERLAY,0.0,0.0,0.0,0.0,0.0,
SS-009555-PV1,2017-04-14,OVERLAY,0.0,0.0,0.0,0.0,0.0,
SS-027503-PV1,2017-04-14,SLURRY,0.0,0.0,0.0,0.0,0.0,
SS-007709-PV1,2017-04-14,SLURRY,0.0,0.0,0.0,0.0,0.0,
SS-027504-PV1,2017-04-14,SLURRY,0.0,0.0,0.0,0.0,0.0,
SS-016774-PV1,2017-04-14,OVERLAY,0.0,0.0,0.0,0.0,0.0,
SS-027499-PV1,2017-04-17,SLURRY,0.0,0.0,0.0,0.0,0.0,
SS-030650-PV1,2017-04-17,SLURRY,0.0,0.0,0.0,0.0,0.0,
SS-008040-PV1,2017-04-17,SLURRY,0.0,0.0,0.0,0.0,0.0,
SS-008041-PV1,2017-04-17,SLURRY,0.0,0.0,0.0,0.0,0.0,
SS-027797-PV1,2017-04-17,SLURRY,0.0,0.0,0.0,0.0,0.0,
SS-005557-PV1,2017-04-17,SLURRY,0.0,0.0,0.0,0.0,0.0,
SS-027798-PV1,2017-04-17,SLURRY,0.0,0.0,0.0,0.0,0.0,
SS-005558-PV1,2017-04-17,SLURRY,0.0,0.0,0.0,0.0,0.0,
SS-030656-PV1,2017-04-17,SLURRY,0.0,0.0,0.0,0.0,0.0,
SS-030652-PV1,2017-04-17,SLURRY,0.0,0.0,0.0,0.0,0.0,
SS-027500-PV1,2017-04-17,SLURRY,0.0,0.0,0.0,0.0,0.0,
SS-031349-PV1,2017-04-17,SLURRY,0.0,0.0,0.0,0.0,0.0,
SS-030654-PV1,2017-04-17,SLURRY,0.0,0.0,0.0,0.0,0.0,
SS-030657-PV1,2017-04-17,SLURRY,0.0,0.0,0.0,0.0,0.0,
SS-003114-PV1,2017-04-18,CONCRETE,0.0,0.0,0.0,0.0,0.0,
SS-010589-PV1,2017-04-18,SLURRY,0.0,0.0,0.0,0.0,0.0,
SS-012421-PV1,2017-04-18,SLURRY,0.0,0.0,0.0,0.0,0.0,
SS-003132-PV1,2017-04-18,CONCRETE,0.0,0.0,0.0,0.0,0.0,
SS-009748-PV1,2017-04-18,SLURRY,0.0,0.5,0.0,2.4204754620632647,-0.5,
SS-023206-PV1,2017-04-19,SLURRY,0.0,0.5,0.0,10.278512652498671,-0.5,
SS-022349-PV1,2017-04-19,SLURRY,0.0,0.0,0.0,0.0,0.0,
SS-022350-PV1,2017-04-19,SLURRY,0.0,0.0,0.0,0.0,0.0,
SS-011662-PV1,2017-04-19,SLURRY,0.0,0.0,0.0,0.0,0.0,
SS-023205-PV1,2017-04-19,SLURRY,0.0,0.0,0.0,0.0,0.0,
SS-018293-PV1,2017-04-19,SLURRY,0.0,0.0,0.0,0.0,0.0,
SS-018296-PV1,2017-04-19,SLURRY,0.0,0.0,0.0,0.0,0.0,
SS-018295-PV1,2017-04-19,SLURRY,0.0,0.0,0.0,0.0,0.0,
SS-003993-PV1,2017-04-20,SLURRY,1.0,0.5,19.539352366685552,9.769676183342776,0.5,50.0
SS-003991-PV1,2017-04-20,SLURRY,0.0,0.0,0.0,0.0,0.0,
SS-018294-PV1,2017-04-20,SLURRY,0.0,0.0,0.0,0.0,0.0,
SS-003285-PV1,2017-04-20,SLURRY,0.0,0.0,0.0,0.0,0.0,
SS-018292-PV1,2017-04-20,SLURRY,0.0,0.5,0.0,5.9774243550155335,-0.5,
SS-011659-PV1,2017-04-20,SLURRY,0.0,0.0,0.0,0.0,0.0,
SS-031450-PV1,2017-04-21,SLURRY,0.0,0.0,0.0,0.0,0.0,
SS-031449-PV1,2017-04-21,SLURRY,0.0,0.0,0.0,0.0,0.0,
SS-003286-PV1,2017-04-21,SLURRY,1.0,0.0,19.627946329462514,0.0,1.0,100.0
SS-027711-PV1,2017-04-21,CONCRETE,0.0,0.0,0.0,0.0,0.0,
SS-005070-PV1,2017-04-21,SLURRY,0.0,0.0,0.0,0.0,0.0,
SS-010593-PV1,2017-04-21,SLURRY,0.0,0.0,0.0,0.0,0.0,
SS-003914-PV1,2017-04-21,SLURRY,0.0,0.0,0.0,0.0,0.0,
SS-010591-PV1,2017-04-21,SLURRY,0.0,0.0,0.0,0.0,0.0,
SS-023774-PV1,2017-04-21,OVERLAY,0.0,1.5,0.0,17.836950007668538,-1.5,
SS-031966-PV1,2017-04-21,SLURRY,0.0,0.0,0.0,0.0,0.0,
SS-023775-PV1,2017-04-21,SLURRY,0.0,0.0,0.0,0.0,0.0,
SS-023776-PV1,2017-04-21,OVERLAY,0.0,0.0,0.0,0.0,0.0,
SS-031967-PV1,2017-04-21,SLURRY,0.0,0.0,0.0,0.0,0.0,
SS-020718-PV1,2017-04-24,SLURRY,0.0,0.0,0.0,0.0,0.0,
SS-011666-PV1,2017-04-24,SLURRY,0.0,3.0,0.0,15.028621269161373,-3.0,
SS-016184-PV1,2017-04-24,SLURRY,1.0,0.0,11.40324979660965,0.0,1.0,100.0
SS-003284-PV1,2017-04-24,SLURRY,0.0,0.0,0.0,0.0,0.0,
SS-018297-PV1,2017-04-24,SLURRY,1.0,1.0,11.381282446354929,11.381282446354929,0.0,0.0
SS-020214-PV1,2017-04-24,SLURRY,0.0,0.5,0.0,2.0478289057565866,-0.5,
SS-011658-PV1,2017-04-24,SLURRY,0.0,0.0,0.0,0.0,0.0,
SS-010592-PV1,2017-04-24,SLURRY,0.0,0.0,0.0,0.0,0.0,
SS-031964-PV1,2017-04-25,SLURRY,0.0,0.0,0.0,0.0,0.0,
SS-031963-PV1,2017-04-25,SLURRY,0.0,0.0,0.0,0.0,0.0,
SS-031965-PV1,2017-04-25,SLURRY,0.0,0.0,0.0,0.0,0.0,
SS-030476-PV1,2017-04-26,SLURRY,0.0,0.0,0.0,0.0,0.0,
SS-005954-PV1,2017-04-26,SLURRY,0.0,0.0,0.0,0.0,0.0,
SS-023501-PV1,2017-04-26,SLURRY,0.0,0.5,0.0,2.4555713658799476,-0.5,
SS-027713-PV1,2017-04-26,CONCRETE,0.0,0.0,0.0,0.0,0.0,
SS-005953-PV1,2017-04-26,SLURRY,0.0,0.0,0.0,0.0,0.0,
SS-013282-PV1,2017-04-26,SLURRY,0.0,0.0,0.0,0.0,0.0,
SS-025161-PV1,2017-04-26,SLURRY,0.0,0.0,0.0,0.0,0.0,
SS-003572-PV1,2017-04-26,SLURRY,0.0,0.0,0.0,0.0,0.0,
SS-030477-PV1,2017-04-26,SLURRY,0.0,0.0,0.0,0.0,0.0,
SS-030478-PV1,2017-04-26,SLURRY,0.0,0.0,0.0,0.0,0.0,
SS-030481-PV1,2017-04-26,SLURRY,0.0,0.0,0.0,0.0,0.0,
SS-015124-PV1,2017-04-26,SLURRY,0.0,0.0,0.0,0.0,0.0,
SS-030479-PV1,2017-04-26,SLURRY,0.0,0.0,0.0,0.0,0.0,
SS-015125-PV1,2017-04-26,SLURRY,0.0,0.0,0.0,0.0,0.0,
SS-030480-PV1,2017-04-26,SLURRY,0.0,0.5,0.0,3.6142881022974964,-0.5,
SS-015123-PV1,2017-04-26,SLURRY,0.0,0.0,0.0,0.0,0.0,
SS-030471-PV1,2017-04-27,SLURRY,0.0,0.0,0.0,0.0,0.0,
SS-030470-PV1,2017-04-27,SLURRY,0.0,0.0,0.0,0.0,0.0,
SS-030469-PV1,2017-04-27,SLURRY,0.0,0.0,0.0,0.0,0.0,
SS-023500-PV1,2017-04-27,SLURRY,0.0,0.0,0.0,0.0,0.0,
SS-015126-PV1,2017-04-27,SLURRY,0.0,0.0,0.0,0.0,0.0,
SS-015127-PV1,2017-04-27,SLURRY,0.0,0.0,0.0,0.0,0.0,
SS-010488-PV1,2017-04-27,SLURRY,0.0,0.0,0.0,0.0,0.0,
SS-030482-PV1,2017-04-27,SLURRY,0.0,0.0,0.0,0.0,0.0,
SS-028050-PV1,2017-04-27,CONCRETE,0.0,0.5,0.0,3.2113233206542824,-0.5,
SS-030484-PV1,2017-04-27,SLURRY,0.0,0.0,0.0,0.0,0.0,
SS-010847-PV1,2017-04-27,SLURRY,0.0,0.0,0.0,0.0,0.0,
SS-030485-PV1,2017-04-27,SLURRY,0.0,0.0,0.0,0.0,0.0,
SS-007342-PV1,2017-04-27,SLURRY,0.0,0.0,0.0,0.0,0.0,
SS-030472-PV1,2017-04-27,SLURRY,0.0,0.0,0.0,0.0,0.0,
SS-030486-PV1,2017-04-27,SLURRY,0.0,0.0,0.0,0.0,0.0,
SS-017031-PV1,2017-04-27,SLURRY,0.0,0.0,0.0,0.0,0.0,
SS-030483-PV1,2017-04-27,SLURRY,0.0,0.0,0.0,0.0,0.0,
SS-029850-PV1,2017-04-28,SLURRY,0.0,1.0,0.0,18.857014898827472,-1.0,
SS-029852-PV1,2017-04-28,SLURRY,0.0,0.5,0.0,12.054794520547944,-0.5,
SS-029858-PV1,2017-04-28,SLURRY,0.0,0.0,0.0,0.0,0.0,
SS-029849-PV1,2017-04-28,SLURRY,0.0,0.5,0.0,9.428578163270117,-0.5,
SS-012550-PV1,2017-04-28,SLURRY,0.0,0.0,0.0,0.0,0.0,
SS-014774-PV1,2017-04-28,SLURRY,0.0,0.5,0.0,9.428507449413736,-0.5,
SS-000809-PV1,2017-04-28,SLURRY,0.0,0.5,0.0,7.00176104899111,-0.5,
SS-000755-PV1,2017-04-28,SLURRY,1.0,0.5,6.786491078206341,3.3932455391031704,0.5,50.0
SS-011136-PV1,2017-04-28,SLURRY,0.0,0.0,0.0,0.0,0.0,
SS-000709-PV1,2017-04-28,SLURRY,0.0,1.0,0.0,6.949990213413402,-1.0,
SS-000769-PV1,2017-04-28,SLURRY,0.0,0.0,0.0,0.0,0.0,
SS-014777-PV1,2017-04-28,SLURRY,0.0,0.0,0.0,0.0,0.0,
SS-013241-PV1,2017-05-01,SLURRY,0.0,0.0,0.0,0.0,0.0,
SS-014351-PV1,2017-05-01,SLURRY,0.0,0.0,0.0,0.0,0.0,
SS-016441-PV1,2017-05-01,SLURRY,0.0,1.0,0.0,9.959969599456427,-1.0,
SS-000304-PV1,2017-05-01,SLURRY,0.0,0.0,0.0,0.0,0.0,
SS-013240-PV1,2017-05-01,SLURRY,0.0,0.5,0.0,4.067212535888529,-0.5,
SS-029851-PV1,2017-05-01,SLURRY,0.0,0.5,0.0,9.46230115278785,-0.5,
SS-012568-PV1,2017-05-01,SLURRY,0.0,0.0,0.0,0.0,0.0,
SS-012567-PV1,2017-05-01,SLURRY,0.0,0.0,0.0,0.0,0.0,
SS-000305-PV1,2017-05-01,SLURRY,0.0,0.0,0.0,0.0,0.0,
SS-003486-PV1,2017-05-01,SLURRY,0.0,0.0,0.0,0.0,0.0,
SS-026086-PV1,2017-05-01,OVERLAY,0.0,0.0,0.0,0.0,0.0,
SS-000082-PV1,2017-05-01,SLURRY,0.0,0.0,0.0,0.0,0.0,
SS-016440-PV1,2017-05-01,SLURRY,0.0,0.5,0.0,4.569426727338499,-0.5,
SS-000083-PV1,2017-05-01,SLURRY,0.0,0.5,0.0,6.892946792194886,-0.5,
SS-000084-PV1,2017-05-01,SLURRY,0.0,0.5,0.0,6.965677153528802,-0.5,
SS-000085-PV1,2017-05-01,SLURRY,0.0,0.0,0.0,0.0,0.0,
SS-014866-PV1,2017-05-01,SLURRY,0.0,0.0,0.0,0.0,0.0,
SS-002724-PV1,2017-05-02,SLURRY,0.0,0.0,0.0,0.0,0.0,
SS-018645-PV1,2017-05-02,SLURRY,0.0,0.0,0.0,0.0,0.0,
SS-002726-PV1,2017-05-02,SLURRY,0.0,0.0,0.0,0.0,0.0,
SS-026331-PV1,2017-05-02,SLURRY,0.0,1.5,0.0,11.612704004931292,-1.5,
SS-018644-PV1,2017-05-02,SLURRY,0.0,1.0,0.0,7.76449692603861,-1.0,
SS-014668-PV1,2017-05-02,SLURRY,0.0,0.5,0.0,3.3913785761219972,-0.5,
SS-011242-PV1,2017-05-02,SLURRY,0.0,0.5,0.0,3.9053254437869827,-0.5,
SS-012957-PV1,2017-05-02,SLURRY,0.0,1.0,0.0,7.798977802159431,-1.0,
SS-028334-PV1,2017-05-02,OVERLAY,0.0,0.0,0.0,0.0,0.0,
SS-023589-PV1,2017-05-03,SLURRY,0.0,0.0,0.0,0.0,0.0,
SS-007967-PV1,2017-05-03,SLURRY,0.0,0.0,0.0,0.0,0.0,
SS-023586-PV1,2017-05-03,SLURRY,0.0,0.0,0.0,0.0,0.0,
SS-023584-PV1,2017-05-03,SLURRY,0.0,0.0,0.0,0.0,0.0,
SS-023588-PV1,2017-05-03,SLURRY,0.0,0.0,0.0,0.0,0.0,
SS-021787-PV1,2017-05-03,SLURRY,0.0,0.0,0.0,0.0,0.0,
SS-021786-PV1,2017-05-03,SLURRY,0.0,0.0,0.0,0.0,0.0,
SS-018793-PV1,2017-05-03,SLURRY,0.0,0.0,0.0,0.0,0.0,
SS-023585-PV1,2017-05-03,SLURRY,0.0,0.5,0.0,7.627064290951701,-0.5,
SS-000306-PV1,2017-05-03,SLURRY,0.0,0.0,0.0,0.0,0.0,
SS-011637-PV1,2017-05-03,SLURRY,0.0,0.0,0.0,0.0,0.0,
SS-018794-PV1,2017-05-03,SLURRY,0.0,0.0,0.0,0.0,0.0,
SS-011243-PV1,2017-05-03,SLURRY,1.0,2.0,7.764697889281583,15.529395778563167,-1.0,-100.0
SS-005361-PV1,2017-05-03,SLURRY,0.0,0.0,0.0,0.0,0.0,
SS-023583-PV1,2017-05-03,SLURRY,0.0,0.0,0.0,0.0,0.0,
SS-003565-PV1,2017-05-03,SLURRY,0.0,0.0,0.0,0.0,0.0,
SS-018796-PV1,2017-05-03,SLURRY,0.0,0.5,0.0,6.984075250236242,-0.5,
SS-018792-PV1,2017-05-03,SLURRY,1.0,0.0,14.11744699874574,0.0,1.0,100.0
SS-023579-PV1,2017-05-03,SLURRY,0.0,1.0,0.0,8.06385473332237,-1.0,
SS-014353-PV1,2017-05-03,SLURRY,0.0,1.0,0.0,18.9246023055757,-1.0,
SS-025240-PV1,2017-05-03,SLURRY,0.0,0.0,0.0,0.0,0.0,
SS-018799-PV1,2017-05-03,SLURRY,0.0,0.0,0.0,0.0,0.0,
SS-018272-PV1,2017-05-03,OVERLAY,0.0,0.0,0.0,0.0,0.0,
SS-012834-PV1,2017-05-03,SLURRY,0.0,0.0,0.0,0.0,0.0,
SS-018268-PV1,2017-05-03,OVERLAY,0.0,0.0,0.0,0.0,0.0,
SS-018275-PV1,2017-05-03,OVERLAY,0.0,0.5,0.0,6.990834856620361,-0.5,
SS-023587-PV1,2017-05-03,SLURRY,0.0,0.5,0.0,7.6056712955627255,-0.5,
SS-018274-PV1,2017-05-03,OVERLAY,0.0,0.0,0.0,0.0,0.0,
SS-002776-PV1,2017-05-03,SLURRY,0.0,0.0,0.0,0.0,0.0,
SS-013540-PV1,2017-05-03,SLURRY,0.0,0.0,0.0,0.0,0.0,
SS-023598-PV1,2017-05-03,SLURRY,0.0,1.5,0.0,6.748359880148446,-1.5,
SS-013539-PV1,2017-05-03,SLURRY,0.0,0.0,0.0,0.0,0.0,
SS-002775-PV1,2017-05-03,SLURRY,0.0,0.5,0.0,8.3277026707321,-0.5,
SS-023580-PV1,2017-05-03,SLURRY,0.0,0.0,0.0,0.0,0.0,
SS-018270-PV1,2017-05-03,OVERLAY,0.0,0.5,0.0,7.81955314808101,-0.5,
SS-002777-PV1,2017-05-03,SLURRY,0.0,0.0,0.0,0.0,0.0,
SS-014867-PV1,2017-05-03,SLURRY,0.0,0.0,0.0,0.0,0.0,
SS-018267-PV1,2017-05-03,OVERLAY,0.0,0.0,0.0,0.0,0.0,
SS-018273-PV1,2017-05-03,OVERLAY,0.0,0.0,0.0,0.0,0.0,
SS-018271-PV1,2017-05-03,OVERLAY,0.0,0.0,0.0,0.0,0.0,
SS-000708-PV1,2017-05-03,SLURRY,0.0,0.0,0.0,0.0,0.0,
SS-000048-PV1,2017-05-04,SLURRY,0.0,0.0,0.0,0.0,0.0,
SS-002722-PV1,2017-05-04,SLURRY,0.0,0.5,0.0,4.014336655957207,-0.5,
SS-024619-PV1,2017-05-04,OVERLAY,0.0,0.0,0.0,0.0,0.0,
SS-020742-PV1,2017-05-04,SLURRY,0.0,0.0,0.0,0.0,0.0,
SS-011385-PV1,2017-05-04,OVERLAY,0.0,0.0,0.0,0.0,0.0,
SS-002720-PV1,2017-05-04,SLURRY,0.0,0.0,0.0,0.0,0.0,
SS-014352-PV1,2017-05-04,SLURRY,0.0,0.0,0.0,0.0,0.0,
SS-002718-PV1,2017-05-04,SLURRY,0.0,0.5,0.0,7.698804119093501,-0.5,
SS-000051-PV1,2017-05-04,SLURRY,0.0,0.0,0.0,0.0,0.0,
SS-002716-PV1,2017-05-04,SLURRY,0.0,0.0,0.0,0.0,0.0,
SS-011382-PV1,2017-05-04,OVERLAY,0.0,0.0,0.0,0.0,0.0,
SS-020743-PV1,2017-05-04,SLURRY,0.0,0.0,0.0,0.0,0.0,
SS-016929-PV1,2017-05-04,SLURRY,0.0,0.5,0.0,3.8765853802511763,-0.5,
SS-011384-PV1,2017-05-04,OVERLAY,0.0,0.5,0.0,9.294220156839964,-0.5,
SS-001949-PV1,2017-05-04,SLURRY,0.0,0.0,0.0,0.0,0.0,
SS-011383-PV1,2017-05-04,OVERLAY,0.0,0.0,0.0,0.0,0.0,
SS-000050-PV1,2017-05-04,SLURRY,0.0,0.0,0.0,0.0,0.0,
SS-027998-PV1,2017-05-04,OVERLAY,0.0,0.0,0.0,0.0,0.0,
SS-000049-PV1,2017-05-04,SLURRY,0.0,0.0,0.0,0.0,0.0,
SS-011378-PV1,2017-05-04,OVERLAY,0.0,0.0,0.0,0.0,0.0,
SS-011379-PV1,2017-05-04,OVERLAY,0.0,0.0,0.0,0.0,0.0,
SS-003824-PV1,2017-05-04,OVERLAY,0.0,0.0,0.0,0.0,0.0,
SS-011129-PV1,2017-05-04,SLURRY,0.0,0.0,0.0,0.0,0.0,
SS-007968-PV1,2017-05-04,SLURRY,0.0,0.0,0.0,0.0,0.0,
SS-002124-PV1,2017-05-04,SLURRY,0.0,0.0,0.0,0.0,0.0,
SS-011373-PV1,2017-05-04,OVERLAY,0.0,0.0,0.0,0.0,0.0,
SS-011374-PV1,2017-05-04,OVERLAY,0.0,0.0,0.0,0.0,0.0,
SS-011375-PV1,2017-05-04,OVERLAY,0.0,0.0,0.0,0.0,0.0,
SS-007528-PV1,2017-05-04,OVERLAY,0.0,0.0,0.0,0.0,0.0,
SS-011376-PV1,2017-05-04,OVERLAY,0.0,0.0,0.0,0.0,0.0,
SS-011377-PV1,2017-05-04,OVERLAY,0.0,0.0,0.0,0.0,0.0,
SS-002123-PV1,2017-05-04,SLURRY,0.0,0.0,0.0,0.0,0.0,
SS-003564-PV1,2017-05-04,SLURRY,0.0,0.0,0.0,0.0,0.0,
SS-002125-PV1,2017-05-04,SLURRY,0.0,0.0,0.0,0.0,0.0,
SS-000086-PV1,2017-05-04,SLURRY,1.0,0.0,13.858213156641115,0.0,1.0,100.0
SS-014869-PV1,2017-05-04,SLURRY,0.0,0.0,0.0,0.0,0.0,
SS-014868-PV1,2017-05-04,SLURRY,0.0,0.5,0.0,9.428568061225693,-0.5,
SS-003938-PV1,2017-05-04,OVERLAY,0.0,0.5,0.0,3.971689675637821,-0.5,
SS-003563-PV1,2017-05-04,SLURRY,0.0,0.0,0.0,0.0,0.0,
SS-017109-PV1,2017-05-05,SLURRY,0.0,0.0,0.0,0.0,0.0,
SS-025908-PV1,2017-05-05,SLURRY,1.0,2.5,4.476509516313147,11.191273790782867,-1.5,-150.0
SS-017143-PV1,2017-05-05,SLURRY,0.0,0.0,0.0,0.0,0.0,
SS-025907-PV1,2017-05-05,SLURRY,0.0,0.0,0.0,0.0,0.0,
SS-027519-PV1,2017-05-05,SLURRY,0.0,0.0,0.0,0.0,0.0,
SS-025884-PV1,2017-05-05,SLURRY,0.0,0.5,0.0,3.786335916838295,-0.5,
SS-013258-PV1,2017-05-05,SLURRY,0.0,0.0,0.0,0.0,0.0,
SS-025883-PV1,2017-05-05,SLURRY,0.0,0.0,0.0,0.0,0.0,
SS-027518-PV1,2017-05-05,SLURRY,0.0,0.0,0.0,0.0,0.0,
SS-013533-PV1,2017-05-05,SLURRY,1.0,0.0,12.147433958105617,0.0,1.0,100.0
SS-017142-PV1,2017-05-05,SLURRY,0.0,0.0,0.0,0.0,0.0,
SS-013534-PV1,2017-05-05,SLURRY,0.0,0.0,0.0,0.0,0.0,
SS-027513-PV1,2017-05-05,SLURRY,0.0,0.0,0.0,0.0,0.0,
SS-000123-PV1,2017-05-05,SLURRY,0.0,1.0,0.0,13.785846791722747,-1.0,
SS-002779-PV1,2017-05-05,SLURRY,0.0,0.0,0.0,0.0,0.0,
SS-002778-PV1,2017-05-05,SLURRY,0.0,0.0,0.0,0.0,0.0,
SS-025882-PV1,2017-05-05,SLURRY,0.0,0.0,0.0,0.0,0.0,
SS-023590-PV1,2017-05-05,OVERLAY,1.0,1.5,13.943542911649434,20.91531436747415,-0.5,-50.0
SS-025881-PV1,2017-05-05,SLURRY,0.0,0.0,0.0,0.0,0.0,
SS-017141-PV1,2017-05-05,SLURRY,1.0,1.0,14.19343773932945,14.19343773932945,0.0,0.0
SS-020925-PV1,2017-05-05,OVERLAY,1.0,2.0,2.0237638942123417,4.047527788424683,-1.0,-100.0
SS-020744-PV1,2017-05-05,SLURRY,0.0,0.0,0.0,0.0,0.0,
SS-000122-PV1,2017-05-05,SLURRY,0.0,1.0,0.0,14.00511186583103,-1.0,
SS-014776-PV1,2017-05-05,SLURRY,0.0,0.5,0.0,9.46236219987018,-0.5,
SS-000127-PV1,2017-05-05,SLURRY,2.0,0.5,27.499914062768553,6.874978515692138,1.5,75.0
SS-023533-PV1,2017-05-05,OVERLAY,0.0,0.0,0.0,0.0,0.0,
SS-012565-PV1,2017-05-05,SLURRY,0.0,0.0,0.0,0.0,0.0,
SS-012566-PV1,2017-05-05,SLURRY,0.0,0.0,0.0,0.0,0.0,
SS-000087-PV1,2017-05-05,SLURRY,0.0,0.5,0.0,6.910996573559312,-0.5,
SS-020740-PV1,2017-05-05,SLURRY,0.0,0.0,0.0,0.0,0.0,
SS-001945-PV1,2017-05-05,SLURRY,0.0,0.0,0.0,0.0,0.0,
SS-020741-PV1,2017-05-05,SLURRY,0.0,0.0,0.0,0.0,0.0,
SS-014775-PV1,2017-05-05,SLURRY,0.0,0.0,0.0,0.0,0.0,
SS-016454-PV1,2017-05-05,SLURRY,0.0,0.0,0.0,0.0,0.0,
SS-016455-PV1,2017-05-05,SLURRY,0.0,0.5,0.0,6.9288992577416675,-0.5,
SS-021231-PV1,2017-05-05,SLURRY,0.0,0.0,0.0,0.0,0.0,
SS-000088-PV1,2017-05-05,SLURRY,1.0,0.0,13.894546706202966,0.0,1.0,100.0
SS-016451-PV1,2017-05-05,SLURRY,0.0,0.5,0.0,6.984030907511325,-0.5,
SS-020745-PV1,2017-05-05,SLURRY,0.0,0.0,0.0,0.0,0.0,
SS-016456-PV1,2017-05-05,SLURRY,0.0,1.0,0.0,13.8942578558476,-1.0,
SS-025476-PV1,2017-05-08,SLURRY,0.0,0.0,0.0,0.0,0.0,
SS-027416-PV1,2017-05-09,SLURRY,0.0,0.0,0.0,0.0,0.0,
SS-014400-PV1,2017-05-09,OVERLAY,0.0,0.5,0.0,4.118564742589704,-0.5,
SS-000512-PV1,2017-05-09,OVERLAY,0.0,0.0,0.0,0.0,0.0,
SS-023534-PV1,2017-05-09,OVERLAY,0.0,0.0,0.0,0.0,0.0,
SS-000513-PV1,2017-05-09,OVERLAY,0.0,0.0,0.0,0.0,0.0,
SS-014380-PV1,2017-05-09,OVERLAY,0.0,0.0,0.0,0.0,0.0,
SS-023591-PV1,2017-05-09,OVERLAY,0.0,6.5,0.0,99.18842940382032,-6.5,
SS-027408-PV1,2017-05-09,SLURRY,0.0,0.0,0.0,0.0,0.0,
SS-008868-PV1,2017-05-10,SLURRY,0.0,0.0,0.0,0.0,0.0,
SS-017580-PV1,2017-05-10,OVERLAY,0.0,5.5,0.0,42.70032503122756,-5.5,
SS-021087-PV1,2017-05-10,SLURRY,0.0,0.0,0.0,0.0,0.0,
SS-010411-PV1,2017-05-10,OVERLAY,0.0,0.0,0.0,0.0,0.0,
SS-006103-PV1,2017-05-10,SLURRY,0.0,0.0,0.0,0.0,0.0,
SS-017614-PV1,2017-05-10,OVERLAY,0.0,1.5,0.0,12.259625431292694,-1.5,
SS-018049-PV1,2017-05-11,OVERLAY,0.0,0.0,0.0,0.0,0.0,
SS-018045-PV1,2017-05-11,OVERLAY,0.0,0.0,0.0,0.0,0.0,
SS-016946-PV1,2017-05-11,SLURRY,0.0,0.0,0.0,0.0,0.0,
SS-016949-PV1,2017-05-11,SLURRY,0.0,0.0,0.0,0.0,0.0,
SS-018048-PV1,2017-05-11,OVERLAY,0.0,0.0,0.0,0.0,0.0,
SS-016950-PV1,2017-05-11,SLURRY,0.0,0.0,0.0,0.0,0.0,
SS-018044-PV1,2017-05-11,OVERLAY,0.0,0.0,0.0,0.0,0.0,
SS-018050-PV1,2017-05-11,OVERLAY,0.0,0.0,0.0,0.0,0.0,
SS-018046-PV1,2017-05-11,OVERLAY,0.0,0.0,0.0,0.0,0.0,
SS-018047-PV1,2017-05-11,OVERLAY,0.0,0.0,0.0,0.0,0.0,
SS-025504-PV1,2017-05-11,SLURRY,0.0,0.0,0.0,0.0,0.0,
SS-018042-PV1,2017-05-11,OVERLAY,1.0,0.0,18.979308599603808,0.0,1.0,100.0
SS-025505-PV1,2017-05-11,SLURRY,0.0,0.0,0.0,0.0,0.0,
SS-010668-PV1,2017-05-11,SLURRY,1.0,0.0,19.091739423791058,0.0,1.0,100.0
SS-027415-PV1,2017-05-11,SLURRY,0.0,0.0,0.0,0.0,0.0,
SS-006101-PV1,2017-05-11,SLURRY,0.0,0.0,0.0,0.0,0.0,
SS-027414-PV1,2017-05-11,SLURRY,0.0,0.0,0.0,0.0,0.0,
SS-027413-PV1,2017-05-11,SLURRY,0.0,0.0,0.0,0.0,0.0,
SS-027406-PV1,2017-05-11,SLURRY,0.0,0.0,0.0,0.0,0.0,
SS-015566-PV1,2017-05-11,SLURRY,0.0,0.0,0.0,0.0,0.0,
SS-035562-PV1,2017-05-11,SLURRY,0.0,0.0,0.0,0.0,0.0,
SS-021978-PV1,2017-05-11,SLURRY,0.0,0.0,0.0,0.0,0.0,
SS-018035-PV1,2017-05-11,OVERLAY,0.0,0.0,0.0,0.0,0.0,
SS-018036-PV1,2017-05-11,OVERLAY,0.0,0.0,0.0,0.0,0.0,
SS-018037-PV1,2017-05-11,OVERLAY,0.0,0.0,0.0,0.0,0.0,
SS-018038-PV1,2017-05-11,OVERLAY,0.0,0.0,0.0,0.0,0.0,
SS-018039-PV1,2017-05-11,OVERLAY,0.0,0.0,0.0,0.0,0.0,
SS-018040-PV1,2017-05-11,OVERLAY,0.0,0.0,0.0,0.0,0.0,
SS-018041-PV1,2017-05-11,OVERLAY,0.0,0.0,0.0,0.0,0.0,
SS-018043-PV1,2017-05-11,OVERLAY,0.0,0.0,0.0,0.0,0.0,
SS-018031-PV1,2017-05-11,SLURRY,0.0,0.0,0.0,0.0,0.0,
SS-022595-PV1,2017-05-11,SLURRY,0.0,0.5,0.0,4.991741881565251,-0.5,
SS-004857-PV1,2017-05-11,SLURRY,0.0,0.0,0.0,0.0,0.0,
SS-014321-PV1,2017-05-11,SLURRY,0.0,0.0,0.0,0.0,0.0,
SS-014322-PV1,2017-05-11,SLURRY,0.0,0.0,0.0,0.0,0.0,
SS-004858-PV1,2017-05-11,SLURRY,0.0,0.0,0.0,0.0,0.0,
SS-003918-PV1,2017-05-11,OVERLAY,0.0,0.0,0.0,0.0,0.0,
SS-014323-PV1,2017-05-11,SLURRY,0.0,0.0,0.0,0.0,0.0,
SS-028343-PV1,2017-05-11,SLURRY,0.0,0.0,0.0,0.0,0.0,
SS-004856-PV1,2017-05-11,SLURRY,1.0,0.5,31.46775627745979,15.733878138729896,0.5,50.0
SS-019833-PV1,2017-05-11,SLURRY,0.0,0.0,0.0,0.0,0.0,
SS-021086-PV1,2017-05-11,SLURRY,0.0,0.0,0.0,0.0,0.0,
SS-026068-PV1,2017-05-12,SLURRY,0.0,0.0,0.0,0.0,0.0,
SS-029245-PV1,2017-05-12,SLURRY,0.0,0.0,0.0,0.0,0.0,
SS-026066-PV1,2017-05-12,SLURRY,0.0,0.0,0.0,0.0,0.0,
SS-020157-PV1,2017-05-12,SLURRY,0.0,0.0,0.0,0.0,0.0,
SS-001686-PV1,2017-05-15,OVERLAY,0.0,0.0,0.0,0.0,0.0,
SS-026062-PV1,2017-05-15,SLURRY,0.0,0.0,0.0,0.0,0.0,
SS-026067-PV1,2017-05-15,SLURRY,0.0,0.0,0.0,0.0,0.0,
SS-028049-PV1,2017-05-15,CONCRETE,0.0,0.0,0.0,0.0,0.0,
SS-026063-PV1,2017-05-15,SLURRY,0.0,0.0,0.0,0.0,0.0,
SS-026065-PV1,2017-05-15,SLURRY,0.0,0.0,0.0,0.0,0.0,
SS-005353-PV1,2017-05-16,SLURRY,0.0,0.5,0.0,5.662459502153987,-0.5,
SS-007421-PV1,2017-05-16,SLURRY,0.0,0.0,0.0,0.0,0.0,
SS-026064-PV1,2017-05-16,SLURRY,1.0,0.0,3.427420571962492,0.0,1.0,100.0
SS-024949-PV1,2017-05-16,SLURRY,0.0,0.5,0.0,18.77628413069716,-0.5,
SS-021002-PV1,2017-05-16,SLURRY,0.0,0.0,0.0,0.0,0.0,
SS-024947-PV1,2017-05-16,SLURRY,0.0,0.0,0.0,0.0,0.0,
SS-021005-PV1,2017-05-16,SLURRY,0.0,0.0,0.0,0.0,0.0,
SS-007422-PV1,2017-05-16,SLURRY,0.0,0.0,0.0,0.0,0.0,
SS-024948-PV1,2017-05-16,SLURRY,0.0,0.0,0.0,0.0,0.0,
SS-021004-PV1,2017-05-16,SLURRY,0.0,0.0,0.0,0.0,0.0,
SS-016969-PV1,2017-05-16,SLURRY,0.0,0.5,0.0,3.9030800180192187,-0.5,
SS-020450-PV1,2017-05-16,SLURRY,0.0,0.5,0.0,9.533962574863274,-0.5,
SS-028342-PV1,2017-05-16,SLURRY,0.0,0.5,0.0,4.600822048394025,-0.5,
SS-023021-PV1,2017-05-16,SLURRY,0.0,1.5,0.0,8.419084150340606,-1.5,
SS-030511-PV1,2017-05-16,SLURRY,0.0,0.5,0.0,6.908249549001209,-0.5,
SS-029247-PV1,2017-05-16,SLURRY,0.0,0.5,0.0,5.802197802197802,-0.5,
SS-023020-PV1,2017-05-16,SLURRY,0.0,1.0,0.0,6.322948170386688,-1.0,
SS-026703-PV1,2017-05-16,SLURRY,0.0,0.5,0.0,1.8484583437309114,-0.5,
SS-022417-PV1,2017-05-16,OVERLAY,0.0,2.0,0.0,32.228165646667605,-2.0,
SS-022416-PV1,2017-05-16,OVERLAY,1.0,0.5,8.472130580142238,4.236065290071119,0.5,50.0
SS-026704-PV1,2017-05-16,SLURRY,0.0,0.5,0.0,2.938797210413539,-0.5,
SS-018399-PV1,2017-05-16,CONCRETE,0.0,0.0,0.0,0.0,0.0,
SS-020449-PV1,2017-05-16,SLURRY,0.0,0.0,0.0,0.0,0.0,
SS-023019-PV1,2017-05-16,SLURRY,0.0,0.0,0.0,0.0,0.0,
SS-023017-PV1,2017-05-16,SLURRY,1.0,1.5,14.067583013393511,21.101374520090268,-0.5,-50.0
SS-020447-PV1,2017-05-16,SLURRY,0.0,0.0,0.0,0.0,0.0,
SS-022415-PV1,2017-05-16,OVERLAY,0.0,0.0,0.0,0.0,0.0,
SS-020448-PV1,2017-05-16,SLURRY,0.0,0.0,0.0,0.0,0.0,
SS-028575-PV1,2017-05-17,SLURRY,0.0,0.0,0.0,0.0,0.0,
SS-029246-PV1,2017-05-17,SLURRY,0.0,0.0,0.0,0.0,0.0,
SS-028577-PV1,2017-05-17,SLURRY,0.0,0.0,0.0,0.0,0.0,
SS-028576-PV1,2017-05-17,SLURRY,0.0,0.0,0.0,0.0,0.0,
SS-003134-PV1,2017-05-17,CONCRETE,0.0,0.0,0.0,0.0,0.0,
SS-006230-PV1,2017-05-17,SLURRY,0.0,0.0,0.0,0.0,0.0,
SS-008893-PV1,2017-05-17,SLURRY,0.0,0.0,0.0,0.0,0.0,
SS-022065-PV1,2017-05-17,SLURRY,0.0,1.0,0.0,8.012139605462822,-1.0,
SS-026958-PV1,2017-05-17,SLURRY,0.0,0.0,0.0,0.0,0.0,
SS-028590-PV1,2017-05-17,SLURRY,0.0,0.0,0.0,0.0,0.0,
SS-028588-PV1,2017-05-17,SLURRY,0.0,0.0,0.0,0.0,0.0,
SS-022067-PV1,2017-05-17,SLURRY,0.0,0.0,0.0,0.0,0.0,
SS-028587-PV1,2017-05-17,SLURRY,0.0,0.0,0.0,0.0,0.0,
SS-006227-PV1,2017-05-17,SLURRY,0.0,0.0,0.0,0.0,0.0,
SS-008892-PV1,2017-05-17,SLURRY,0.0,0.0,0.0,0.0,0.0,
SS-019799-PV1,2017-05-17,SLURRY,0.0,0.0,0.0,0.0,0.0,
SS-022066-PV1,2017-05-17,SLURRY,0.0,0.0,0.0,0.0,0.0,
SS-006228-PV1,2017-05-17,SLURRY,0.0,0.0,0.0,0.0,0.0,
SS-030141-PV1,2017-05-17,SLURRY,0.0,0.0,0.0,0.0,0.0,
SS-027671-PV1,2017-05-18,OVERLAY,0.0,0.0,0.0,0.0,0.0,
SS-003421-PV1,2017-05-18,OVERLAY,1.0,1.0,4.818554061438754,4.818554061438754,0.0,0.0
SS-027670-PV1,2017-05-18,OVERLAY,0.0,0.0,0.0,0.0,0.0,
SS-027669-PV1,2017-05-18,OVERLAY,0.0,0.0,0.0,0.0,0.0,
SS-008331-PV1,2017-05-18,OVERLAY,0.0,0.0,0.0,0.0,0.0,
SS-008403-PV1,2017-05-18,OVERLAY,0.0,0.0,0.0,0.0,0.0,
SS-020525-PV1,2017-05-19,OVERLAY,1.0,1.0,13.098652451321017,13.098652451321017,0.0,0.0
SS-004385-PV1,2017-05-19,OVERLAY,0.0,0.0,0.0,0.0,0.0,
SS-020180-PV1,2017-05-19,OVERLAY,0.0,0.0,0.0,0.0,0.0,
SS-020524-PV1,2017-05-19,OVERLAY,0.0,0.0,0.0,0.0,0.0,
SS-019104-PV1,2017-05-19,OVERLAY,0.0,0.0,0.0,0.0,0.0,
SS-015929-PV1,2017-05-19,OVERLAY,0.0,0.0,0.0,0.0,0.0,
SS-003069-PV1,2017-05-19,OVERLAY,0.0,3.0,0.0,20.410682518276193,-3.0,
SS-015930-PV1,2017-05-19,OVERLAY,6.0,3.0,85.82044672143138,42.91022336071569,3.0,50.0
SS-015099-PV1,2017-05-19,OVERLAY,0.0,0.0,0.0,0.0,0.0,
SS-015098-PV1,2017-05-19,OVERLAY,0.0,0.0,0.0,0.0,0.0,
SS-009192-PV1,2017-05-22,OVERLAY,1.0,1.5,12.489940630202664,18.734910945303994,-0.5,-50.0
SS-020266-PV1,2017-05-22,OVERLAY,0.0,0.0,0.0,0.0,0.0,
SS-009189-PV1,2017-05-22,OVERLAY,0.0,0.0,0.0,0.0,0.0,
SS-009190-PV1,2017-05-22,OVERLAY,0.0,0.0,0.0,0.0,0.0,
SS-010165-PV1,2017-05-23,OVERLAY,0.0,0.0,0.0,0.0,0.0,
SS-010168-PV1,2017-05-23,OVERLAY,0.0,0.5,0.0,5.089842467447661,-0.5,
SS-019696-PV1,2017-05-23,SLURRY,0.0,2.0,0.0,15.999983030321026,-2.0,
SS-025115-PV1,2017-05-23,OVERLAY,1.0,1.0,10.945554985244229,10.945554985244229,0.0,0.0
SS-020562-PV1,2017-05-23,OVERLAY,0.0,0.0,0.0,0.0,0.0,
SS-025117-PV1,2017-05-23,OVERLAY,1.0,1.0,14.211105979322841,14.211105979322841,0.0,0.0
SS-010169-PV1,2017-05-23,OVERLAY,0.0,0.0,0.0,0.0,0.0,
SS-020560-PV1,2017-05-23,OVERLAY,0.0,0.0,0.0,0.0,0.0,
SS-010170-PV1,2017-05-23,OVERLAY,0.0,0.0,0.0,0.0,0.0,
SS-029399-PV1,2017-05-23,OVERLAY,0.0,0.0,0.0,0.0,0.0,
SS-029398-PV1,2017-05-23,SLURRY,0.0,0.5,0.0,6.965456612065227,-0.5,
SS-025116-PV1,2017-05-23,OVERLAY,0.0,0.0,0.0,0.0,0.0,
SS-020561-PV1,2017-05-23,OVERLAY,0.0,0.0,0.0,0.0,0.0,
SS-010166-PV1,2017-05-23,OVERLAY,0.0,0.0,0.0,0.0,0.0,
SS-014045-PV1,2017-05-23,SLURRY,1.0,0.0,8.02398198008168,0.0,1.0,100.0
SS-014063-PV1,2017-05-23,SLURRY,0.0,0.5,0.0,7.886171478824434,-0.5,
SS-014043-PV1,2017-05-23,SLURRY,0.0,0.0,0.0,0.0,0.0,
SS-014064-PV1,2017-05-23,SLURRY,0.0,0.0,0.0,0.0,0.0,
SS-014046-PV1,2017-05-23,SLURRY,1.0,0.0,8.023979541283678,0.0,1.0,100.0
SS-010167-PV1,2017-05-23,OVERLAY,0.0,0.0,0.0,0.0,0.0,
SS-013527-PV1,2017-05-23,OVERLAY,0.0,0.0,0.0,0.0,0.0,
SS-014062-PV1,2017-05-23,SLURRY,0.0,1.0,0.0,6.544114894826902,-1.0,
SS-014059-PV1,2017-05-23,SLURRY,1.0,1.0,5.8621404428958135,5.8621404428958135,0.0,0.0
SS-014058-PV1,2017-05-23,SLURRY,0.0,3.0,0.0,18.942764151105855,-3.0,
SS-019667-PV1,2017-05-24,OVERLAY,0.0,0.0,0.0,0.0,0.0,
SS-005113-PV1,2017-05-24,OVERLAY,0.0,0.0,0.0,0.0,0.0,
SS-008489-PV1,2017-05-24,OVERLAY,0.0,0.0,0.0,0.0,0.0,
SS-016265-PV1,2017-05-24,OVERLAY,0.0,0.5,0.0,4.476007076160277,-0.5,
SS-005114-PV1,2017-05-24,OVERLAY,0.0,0.5,0.0,15.364934658287346,-0.5,
SS-019666-PV1,2017-05-24,OVERLAY,0.0,0.0,0.0,0.0,0.0,
SS-008365-PV1,2017-05-25,SLURRY,0.0,0.0,0.0,0.0,0.0,
SS-027038-PV1,2017-05-25,OVERLAY,0.0,0.0,0.0,0.0,0.0,
SS-008333-PV1,2017-05-25,SLURRY,0.0,0.0,0.0,0.0,0.0,
SS-024184-PV1,2017-05-25,SLURRY,0.0,0.0,0.0,0.0,0.0,
SS-030909-PV1,2017-05-25,SLURRY,0.0,0.0,0.0,0.0,0.0,
SS-031119-PV1,2017-05-25,SLURRY,0.0,0.0,0.0,0.0,0.0,
SS-024185-PV1,2017-05-25,SLURRY,0.0,0.0,0.0,0.0,0.0,
SS-030504-PV1,2017-05-25,SLURRY,0.0,0.0,0.0,0.0,0.0,
SS-008366-PV1,2017-05-25,SLURRY,0.0,0.0,0.0,0.0,0.0,
SS-030913-PV1,2017-05-25,SLURRY,0.0,0.0,0.0,0.0,0.0,
SS-030995-PV1,2017-05-25,SLURRY,0.0,0.0,0.0,0.0,0.0,
SS-027615-PV1,2017-05-25,SLURRY,0.0,0.0,0.0,0.0,0.0,
SS-030911-PV1,2017-05-25,SLURRY,0.0,0.0,0.0,0.0,0.0,
SS-030912-PV1,2017-05-25,SLURRY,0.0,0.0,0.0,0.0,0.0,
SS-027616-PV1,2017-05-25,SLURRY,0.0,0.0,0.0,0.0,0.0,
SS-030503-PV1,2017-05-25,SLURRY,0.0,0.0,0.0,0.0,0.0,
SS-027618-PV1,2017-05-25,SLURRY,0.0,0.0,0.0,0.0,0.0,
SS-030506-PV1,2017-05-25,SLURRY,0.0,0.0,0.0,0.0,0.0,
SS-026696-PV1,2017-05-26,SLURRY,0.0,0.0,0.0,0.0,0.0,
SS-019602-PV1,2017-05-26,SLURRY,0.0,0.0,0.0,0.0,0.0,
SS-030914-PV1,2017-05-26,SLURRY,0.0,0.0,0.0,0.0,0.0,
SS-019604-PV1,2017-05-26,SLURRY,0.0,0.0,0.0,0.0,0.0,
SS-008207-PV1,2017-05-26,SLURRY,0.0,0.0,0.0,0.0,0.0,
SS-009028-PV1,2017-05-26,SLURRY,0.0,0.0,0.0,0.0,0.0,
SS-031223-PV1,2017-05-26,SLURRY,0.0,0.0,0.0,0.0,0.0,
SS-031227-PV1,2017-05-26,SLURRY,0.0,0.0,0.0,0.0,0.0,
SS-031234-PV1,2017-05-26,SLURRY,0.0,0.0,0.0,0.0,0.0,
SS-019603-PV1,2017-05-26,SLURRY,0.0,0.0,0.0,0.0,0.0,
SS-004195-PV1,2017-05-26,SLURRY,0.0,1.0,0.0,35.15004007637145,-1.0,
SS-031236-PV1,2017-05-26,SLURRY,0.0,0.0,0.0,0.0,0.0,
SS-031237-PV1,2017-05-26,SLURRY,1.0,1.0,3.5106382978723403,3.5106382978723403,0.0,0.0
SS-031238-PV1,2017-05-26,SLURRY,0.0,0.0,0.0,0.0,0.0,
SS-030508-PV1,2017-05-26,SLURRY,0.0,0.0,0.0,0.0,0.0,
SS-019601-PV1,2017-05-26,SLURRY,0.0,0.0,0.0,0.0,0.0,
SS-009046-PV1,2017-05-26,OVERLAY,0.0,1.5,0.0,11.726123938615519,-1.5,
SS-026695-PV1,2017-05-26,SLURRY,0.0,0.0,0.0,0.0,0.0,
SS-031239-PV1,2017-05-26,SLURRY,0.0,0.5,0.0,9.428571428571429,-0.5,
SS-014649-PV1,2017-05-26,SLURRY,0.0,0.5,0.0,4.915649136605331,-0.5,
SS-011991-PV1,2017-05-26,SLURRY,0.0,0.0,0.0,0.0,0.0,
SS-020115-PV1,2017-05-26,SLURRY,0.0,0.0,0.0,0.0,0.0,
SS-019600-PV1,2017-05-26,SLURRY,0.0,0.0,0.0,0.0,0.0,
SS-019599-PV1,2017-05-26,SLURRY,0.0,0.0,0.0,0.0,0.0,
SS-009378-PV1,2017-05-26,SLURRY,0.0,0.0,0.0,0.0,0.0,
SS-022347-PV1,2017-05-26,OVERLAY,0.0,0.0,0.0,0.0,0.0,
SS-031235-PV1,2017-05-26,SLURRY,0.0,0.0,0.0,0.0,0.0,
SS-020114-PV1,2017-05-26,SLURRY,0.0,0.0,0.0,0.0,0.0,
SS-007344-PV1,2017-05-26,SLURRY,0.0,0.0,0.0,0.0,0.0,
SS-005426-PV1,2017-05-26,SLURRY,0.0,0.0,0.0,0.0,0.0,
SS-031232-PV1,2017-05-26,SLURRY,0.0,0.0,0.0,0.0,0.0,
SS-005423-PV1,2017-05-26,SLURRY,1.0,0.5,4.24655668996348,2.12327834498174,0.5,50.0
SS-031233-PV1,2017-05-26,SLURRY,0.0,0.0,0.0,0.0,0.0,
SS-008399-PV1,2017-05-26,SLURRY,0.0,0.0,0.0,0.0,0.0,
SS-008368-PV1,2017-05-26,SLURRY,0.0,0.0,0.0,0.0,0.0,
SS-031228-PV1,2017-05-26,SLURRY,0.0,0.0,0.0,0.0,0.0,
SS-031231-PV1,2017-05-26,SLURRY,0.0,0.5,0.0,18.992805755395683,-0.5,
SS-027617-PV1,2017-05-26,SLURRY,0.0,0.0,0.0,0.0,0.0,
SS-031230-PV1,2017-05-26,SLURRY,0.0,0.5,0.0,2.9497206703910615,-0.5,
SS-024481-PV1,2017-05-26,SLURRY,0.0,0.0,0.0,0.0,0.0,
SS-031229-PV1,2017-05-26,SLURRY,0.0,0.0,0.0,0.0,0.0,
SS-030505-PV1,2017-05-26,SLURRY,0.0,0.0,0.0,0.0,0.0,
SS-002981-PV1,2017-05-30,OVERLAY,0.0,2.5,0.0,9.88555078469555,-2.5,
SS-011433-PV1,2017-05-30,OVERLAY,1.0,0.0,20.456442113305442,0.0,1.0,100.0
SS-026602-PV1,2017-05-30,OVERLAY,0.0,0.0,0.0,0.0,0.0,
SS-030541-PV1,2017-05-30,SLURRY,0.0,0.0,0.0,0.0,0.0,
SS-001596-PV1,2017-05-30,SLURRY,0.0,0.0,0.0,0.0,0.0,
SS-030538-PV1,2017-05-30,SLURRY,0.0,0.0,0.0,0.0,0.0,
SS-011432-PV1,2017-05-30,OVERLAY,0.0,0.0,0.0,0.0,0.0,
SS-030539-PV1,2017-05-30,SLURRY,0.0,0.0,0.0,0.0,0.0,
SS-011431-PV1,2017-05-30,OVERLAY,0.0,0.0,0.0,0.0,0.0,
SS-030540-PV1,2017-05-30,SLURRY,0.0,0.0,0.0,0.0,0.0,
SS-011992-PV1,2017-05-31,SLURRY,0.0,0.0,0.0,0.0,0.0,
SS-020120-PV1,2017-05-31,SLURRY,0.0,0.0,0.0,0.0,0.0,
SS-011801-PV1,2017-05-31,OVERLAY,0.0,0.0,0.0,0.0,0.0,
SS-020117-PV1,2017-05-31,SLURRY,0.0,0.0,0.0,0.0,0.0,
SS-024940-PV1,2017-05-31,OVERLAY,0.0,0.5,0.0,6.253802027368913,-0.5,
SS-016604-PV1,2017-05-31,OVERLAY,0.0,0.0,0.0,0.0,0.0,
SS-020122-PV1,2017-05-31,SLURRY,1.0,2.0,2.7759821811386205,5.551964362277241,-1.0,-100.0
SS-027799-PV1,2017-05-31,SLURRY,0.0,0.0,0.0,0.0,0.0,
SS-014654-PV1,2017-05-31,SLURRY,0.0,0.0,0.0,0.0,0.0,
SS-020979-PV1,2017-05-31,OVERLAY,0.0,0.0,0.0,0.0,0.0,
SS-003137-PV1,2017-05-31,OVERLAY,0.0,0.5,0.0,5.2579177968368445,-0.5,
SS-014652-PV1,2017-05-31,SLURRY,0.0,0.0,0.0,0.0,0.0,
SS-014653-PV1,2017-05-31,SLURRY,0.0,0.0,0.0,0.0,0.0,
SS-011844-PV1,2017-05-31,OVERLAY,0.0,0.0,0.0,0.0,0.0,
SS-014655-PV1,2017-05-31,SLURRY,0.0,0.5,0.0,6.717576054284121,-0.5,
SS-004212-PV1,2017-05-31,OVERLAY,0.0,0.0,0.0,0.0,0.0,
SS-009778-PV1,2017-05-31,SLURRY,0.0,0.0,0.0,0.0,0.0,
SS-009777-PV1,2017-05-31,SLURRY,0.0,0.0,0.0,0.0,0.0,
SS-020121-PV1,2017-05-31,SLURRY,0.0,1.5,0.0,6.061975432466839,-1.5,
SS-011800-PV1,2017-05-31,OVERLAY,0.0,0.0,0.0,0.0,0.0,
SS-030915-PV1,2017-05-31,SLURRY,0.0,0.0,0.0,0.0,0.0,
SS-027800-PV1,2017-05-31,SLURRY,0.0,0.0,0.0,0.0,0.0,
SS-008367-PV1,2017-05-31,SLURRY,0.0,0.0,0.0,0.0,0.0,
SS-030542-PV1,2017-05-31,SLURRY,0.0,0.0,0.0,0.0,0.0,
SS-020119-PV1,2017-05-31,SLURRY,0.0,0.0,0.0,0.0,0.0,
SS-016603-PV1,2017-05-31,OVERLAY,0.0,0.0,0.0,0.0,0.0,
SS-016608-PV1,2017-05-31,OVERLAY,0.0,0.0,0.0,0.0,0.0,
SS-011847-PV1,2017-05-31,OVERLAY,0.0,0.0,0.0,0.0,0.0,
SS-020123-PV1,2017-05-31,SLURRY,0.0,0.5,0.0,5.98277369093399,-0.5,
SS-016609-PV1,2017-05-31,OVERLAY,0.0,0.0,0.0,0.0,0.0,
SS-016610-PV1,2017-05-31,OVERLAY,0.0,0.0,0.0,0.0,0.0,
SS-016611-PV1,2017-05-31,OVERLAY,0.0,0.0,0.0,0.0,0.0,
SS-030534-PV1,2017-05-31,SLURRY,0.0,0.0,0.0,0.0,0.0,
SS-016599-PV1,2017-05-31,OVERLAY,0.0,0.0,0.0,0.0,0.0,
SS-016606-PV1,2017-05-31,OVERLAY,0.0,0.0,0.0,0.0,0.0,
SS-031038-PV1,2017-05-31,SLURRY,0.0,0.0,0.0,0.0,0.0,
SS-021421-PV1,2017-05-31,OVERLAY,0.0,0.0,0.0,0.0,0.0,
SS-031039-PV1,2017-05-31,SLURRY,0.0,0.0,0.0,0.0,0.0,
SS-020118-PV1,2017-05-31,SLURRY,0.0,0.0,0.0,0.0,0.0,
SS-011845-PV1,2017-05-31,OVERLAY,0.0,0.0,0.0,0.0,0.0,
SS-011846-PV1,2017-05-31,OVERLAY,0.0,0.0,0.0,0.0,0.0,
SS-016605-PV1,2017-05-31,OVERLAY,0.0,0.0,0.0,0.0,0.0,
SS-030543-PV1,2017-05-31,SLURRY,0.0,0.0,0.0,0.0,0.0,
SS-030669-PV1,2017-05-31,SLURRY,0.0,0.0,0.0,0.0,0.0,
SS-017368-PV1,2017-06-01,OVERLAY,0.0,0.0,0.0,0.0,0.0,
SS-028499-PV1,2017-06-01,SLURRY,0.0,0.0,0.0,0.0,0.0,
SS-017371-PV1,2017-06-01,OVERLAY,0.0,0.0,0.0,0.0,0.0,
SS-006207-PV1,2017-06-01,SLURRY,0.0,0.5,0.0,1.4758246505649726,-0.5,
SS-017367-PV1,2017-06-01,OVERLAY,0.0,0.0,0.0,0.0,0.0,
SS-028497-PV1,2017-06-01,SLURRY,0.0,0.0,0.0,0.0,0.0,
SS-017370-PV1,2017-06-01,OVERLAY,0.0,0.0,0.0,0.0,0.0,
SS-017369-PV1,2017-06-01,OVERLAY,0.0,0.0,0.0,0.0,0.0,
SS-017364-PV1,2017-06-01,OVERLAY,0.0,0.0,0.0,0.0,0.0,
SS-028498-PV1,2017-06-01,SLURRY,0.0,0.0,0.0,0.0,0.0,
SS-017365-PV1,2017-06-01,OVERLAY,0.0,0.0,0.0,0.0,0.0,
SS-005568-PV1,2017-06-01,SLURRY,0.0,0.0,0.0,0.0,0.0,
SS-020282-PV1,2017-06-01,SLURRY,0.0,0.5,0.0,3.534136546184739,-0.5,
SS-030533-PV1,2017-06-01,SLURRY,0.0,0.0,0.0,0.0,0.0,
SS-030537-PV1,2017-06-01,SLURRY,0.0,0.0,0.0,0.0,0.0,
SS-028500-PV1,2017-06-01,SLURRY,0.0,0.0,0.0,0.0,0.0,
SS-005567-PV1,2017-06-01,SLURRY,0.0,0.0,0.0,0.0,0.0,
SS-007151-PV1,2017-06-01,SLURRY,0.0,0.0,0.0,0.0,0.0,
SS-024939-PV1,2017-06-01,SLURRY,0.0,0.0,0.0,0.0,0.0,
SS-011290-PV1,2017-06-01,SLURRY,0.0,0.0,0.0,0.0,0.0,
SS-008359-PV1,2017-06-01,SLURRY,0.0,0.0,0.0,0.0,0.0,
SS-030536-PV1,2017-06-01,SLURRY,0.0,0.0,0.0,0.0,0.0,
SS-030535-PV1,2017-06-01,SLURRY,0.0,0.0,0.0,0.0,0.0,
SS-011293-PV1,2017-06-01,SLURRY,0.0,0.0,0.0,0.0,0.0,
SS-030910-PV1,2017-06-01,SLURRY,0.0,0.0,0.0,0.0,0.0,
SS-016109-PV1,2017-06-02,OVERLAY,0.0,0.0,0.0,0.0,0.0,
SS-028148-PV1,2017-06-02,SLURRY,0.0,0.0,0.0,0.0,0.0,
SS-027047-PV1,2017-06-02,SLURRY,0.0,0.5,0.0,4.170616113744075,-0.5,
SS-025614-PV1,2017-06-02,SLURRY,0.0,0.0,0.0,0.0,0.0,
SS-021973-PV1,2017-06-02,SLURRY,0.0,0.0,0.0,0.0,0.0,
SS-025617-PV1,2017-06-02,SLURRY,0.0,1.0,0.0,5.505735140771637,-1.0,
SS-029250-PV1,2017-06-02,SLURRY,0.0,0.0,0.0,0.0,0.0,
SS-029249-PV1,2017-06-02,SLURRY,0.0,0.0,0.0,0.0,0.0,
SS-026270-PV1,2017-06-02,SLURRY,0.0,0.0,0.0,0.0,0.0,
SS-005565-PV1,2017-06-03,SLURRY,0.0,0.5,0.0,1.749502982107356,-0.5,
SS-028502-PV1,2017-06-03,SLURRY,0.0,0.0,0.0,0.0,0.0,
SS-005564-PV1,2017-06-03,SLURRY,0.0,0.0,0.0,0.0,0.0,
SS-028501-PV1,2017-06-03,SLURRY,0.0,0.0,0.0,0.0,0.0,
SS-009779-PV1,2017-06-03,SLURRY,0.0,0.0,0.0,0.0,0.0,
SS-003256-PV1,2017-06-04,SLURRY,0.0,0.0,0.0,0.0,0.0,
SS-024937-PV1,2017-06-04,SLURRY,0.0,0.0,0.0,0.0,0.0,
SS-024936-PV1,2017-06-04,SLURRY,0.0,0.5,0.0,3.5199896746969537,-0.5,
SS-024935-PV1,2017-06-04,SLURRY,0.0,0.0,0.0,0.0,0.0,
SS-024934-PV1,2017-06-04,SLURRY,0.0,0.5,0.0,9.499242399436666,-0.5,
SS-003252-PV1,2017-06-04,SLURRY,0.0,0.0,0.0,0.0,0.0,
SS-024938-PV1,2017-06-04,SLURRY,0.0,0.0,0.0,0.0,0.0,
SS-023304-PV1,2017-06-05,OVERLAY,0.0,0.0,0.0,0.0,0.0,
SS-019095-PV1,2017-06-05,OVERLAY,0.0,0.0,0.0,0.0,0.0,
SS-019096-PV1,2017-06-05,OVERLAY,0.0,0.0,0.0,0.0,0.0,
SS-019091-PV1,2017-06-05,OVERLAY,0.0,0.0,0.0,0.0,0.0,
SS-007802-PV1,2017-06-06,SLURRY,0.0,0.0,0.0,0.0,0.0,
SS-013091-PV1,2017-06-06,SLURRY,1.0,1.0,15.102685389038598,15.102685389038598,0.0,0.0
SS-013092-PV1,2017-06-06,SLURRY,0.0,0.0,0.0,0.0,0.0,
SS-015017-PV1,2017-06-06,OVERLAY,0.0,0.0,0.0,0.0,0.0,
SS-013090-PV1,2017-06-06,SLURRY,0.0,0.0,0.0,0.0,0.0,
SS-015016-PV1,2017-06-06,OVERLAY,0.0,1.0,0.0,44.739317217011106,-1.0,
SS-026989-PV1,2017-06-06,SLURRY,0.0,1.0,0.0,25.65588941145487,-1.0,
SS-026988-PV1,2017-06-06,SLURRY,0.0,0.0,0.0,0.0,0.0,
SS-002399-PV1,2017-06-06,SLURRY,0.0,0.0,0.0,0.0,0.0,
SS-002400-PV1,2017-06-06,SLURRY,0.0,0.0,0.0,0.0,0.0,
SS-007773-PV1,2017-06-06,SLURRY,0.0,0.0,0.0,0.0,0.0,
SS-007774-PV1,2017-06-06,SLURRY,0.0,0.0,0.0,0.0,0.0,
SS-014068-PV1,2017-06-06,OVERLAY,0.0,0.5,0.0,3.7821851058696647,-0.5,
SS-006222-PV1,2017-06-06,SLURRY,0.0,0.0,0.0,0.0,0.0,
SS-006225-PV1,2017-06-06,SLURRY,0.0,0.0,0.0,0.0,0.0,
SS-007801-PV1,2017-06-06,SLURRY,0.0,0.0,0.0,0.0,0.0,
SS-029251-PV1,2017-06-06,SLURRY,0.0,0.0,0.0,0.0,0.0,
SS-013775-PV1,2017-06-06,SLURRY,0.0,0.0,0.0,0.0,0.0,
SS-005740-PV1,2017-06-06,SLURRY,6.0,11.5,9.814447765529374,18.8110248839313,-5.5,-91.66666666666666
SS-014048-PV1,2017-06-06,OVERLAY,0.0,0.0,0.0,0.0,0.0,
SS-014047-PV1,2017-06-06,OVERLAY,0.0,0.5,0.0,5.465088332595339,-0.5,
SS-006229-PV1,2017-06-06,SLURRY,0.0,0.0,0.0,0.0,0.0,
SS-028716-PV1,2017-06-07,SLURRY,0.0,0.0,0.0,0.0,0.0,
SS-027049-PV1,2017-06-07,SLURRY,0.0,0.0,0.0,0.0,0.0,
SS-027048-PV1,2017-06-07,SLURRY,0.0,0.0,0.0,0.0,0.0,
SS-028715-PV1,2017-06-07,SLURRY,0.0,0.0,0.0,0.0,0.0,
SS-002748-PV1,2017-06-07,SLURRY,0.0,0.0,0.0,0.0,0.0,
SS-023488-PV1,2017-06-07,OVERLAY,0.0,0.0,0.0,0.0,0.0,
SS-014952-PV1,2017-06-07,OVERLAY,0.0,0.0,0.0,0.0,0.0,
SS-014951-PV1,2017-06-07,OVERLAY,0.0,1.0,0.0,8.77918893263519,-1.0,
SS-026271-PV1,2017-06-07,SLURRY,0.0,0.0,0.0,0.0,0.0,
SS-006975-PV1,2017-06-07,SLURRY,0.0,0.0,0.0,0.0,0.0,
SS-014598-PV1,2017-06-07,SLURRY,0.0,0.0,0.0,0.0,0.0,
SS-016790-PV1,2017-06-07,SLURRY,0.0,0.0,0.0,0.0,0.0,
SS-028147-PV1,2017-06-07,SLURRY,0.0,0.0,0.0,0.0,0.0,
SS-014049-PV1,2017-06-07,OVERLAY,2.0,7.5,7.515354702323988,28.182580133714957,-5.5,-275.0
SS-021971-PV1,2017-06-07,SLURRY,0.0,0.0,0.0,0.0,0.0,
SS-016791-PV1,2017-06-07,SLURRY,0.0,0.0,0.0,0.0,0.0,
SS-002747-PV1,2017-06-07,SLURRY,0.0,0.0,0.0,0.0,0.0,
SS-019110-PV1,2017-06-09,OVERLAY,0.0,0.5,0.0,4.285181420622046,-0.5,
SS-019111-PV1,2017-06-09,OVERLAY,0.0,1.0,0.0,7.499234098108445,-1.0,
SS-021168-PV1,2017-06-09,OVERLAY,0.0,0.0,0.0,0.0,0.0,
SS-015385-PV1,2017-06-09,OVERLAY,0.0,0.0,0.0,0.0,0.0,
SS-015384-PV1,2017-06-09,OVERLAY,0.0,0.0,0.0,0.0,0.0,
SS-015383-PV1,2017-06-09,OVERLAY,0.0,0.0,0.0,0.0,0.0,
SS-021330-PV1,2017-06-12,OVERLAY,0.0,0.0,0.0,0.0,0.0,
SS-028689-PV1,2017-06-12,OVERLAY,0.0,0.0,0.0,0.0,0.0,
SS-005316-PV1,2017-06-12,OVERLAY,0.0,0.0,0.0,0.0,0.0,
SS-005321-PV1,2017-06-12,OVERLAY,0.0,0.0,0.0,0.0,0.0,
SS-021331-PV1,2017-06-12,OVERLAY,0.0,0.5,0.0,5.616174070762518,-0.5,
SS-028824-PV1,2017-06-13,SLURRY,0.0,0.0,0.0,0.0,0.0,
SS-028823-PV1,2017-06-13,SLURRY,0.0,0.0,0.0,0.0,0.0,
SS-028822-PV1,2017-06-13,SLURRY,0.0,0.0,0.0,0.0,0.0,
SS-028821-PV1,2017-06-13,SLURRY,0.0,0.0,0.0,0.0,0.0,
SS-025337-PV1,2017-06-13,OVERLAY,0.0,0.0,0.0,0.0,0.0,
SS-025338-PV1,2017-06-13,OVERLAY,0.0,0.0,0.0,0.0,0.0,
SS-025334-PV1,2017-06-13,OVERLAY,0.0,0.0,0.0,0.0,0.0,
SS-006735-PV1,2017-06-13,OVERLAY,0.0,0.0,0.0,0.0,0.0,
SS-026084-PV1,2017-06-13,SLURRY,0.0,0.0,0.0,0.0,0.0,
SS-026466-PV1,2017-06-13,OVERLAY,0.0,0.0,0.0,0.0,0.0,
SS-026467-PV1,2017-06-13,OVERLAY,0.0,0.5,0.0,2.6840831126335827,-0.5,
SS-007955-PV1,2017-06-13,OVERLAY,0.0,0.0,0.0,0.0,0.0,
SS-026468-PV1,2017-06-13,OVERLAY,0.0,0.0,0.0,0.0,0.0,
SS-026469-PV1,2017-06-13,OVERLAY,0.0,0.0,0.0,0.0,0.0,
SS-026470-PV1,2017-06-13,OVERLAY,0.0,0.0,0.0,0.0,0.0,
SS-020999-PV1,2017-06-13,SLURRY,0.0,0.0,0.0,0.0,0.0,
SS-026471-PV1,2017-06-13,OVERLAY,0.0,0.0,0.0,0.0,0.0,
SS-011712-PV1,2017-06-13,SLURRY,0.0,0.0,0.0,0.0,0.0,
SS-011711-PV1,2017-06-13,SLURRY,0.0,0.0,0.0,0.0,0.0,
SS-011707-PV1,2017-06-13,SLURRY,0.0,0.0,0.0,0.0,0.0,
SS-006213-PV1,2017-06-13,SLURRY,0.0,0.0,0.0,0.0,0.0,
SS-011706-PV1,2017-06-13,SLURRY,0.0,0.0,0.0,0.0,0.0,
SS-011705-PV1,2017-06-13,SLURRY,0.0,0.0,0.0,0.0,0.0,
SS-011704-PV1,2017-06-13,SLURRY,0.0,0.0,0.0,0.0,0.0,
SS-006211-PV1,2017-06-13,SLURRY,0.0,0.5,0.0,5.791317761708333,-0.5,
SS-026915-PV1,2017-06-13,OVERLAY,0.0,0.5,0.0,2.7573100309998937,-0.5,
SS-026916-PV1,2017-06-13,OVERLAY,0.0,0.0,0.0,0.0,0.0,
SS-021000-PV1,2017-06-13,SLURRY,0.0,0.0,0.0,0.0,0.0,
SS-017511-PV1,2017-06-13,OVERLAY,0.0,0.0,0.0,0.0,0.0,
SS-025336-PV1,2017-06-13,OVERLAY,0.0,0.5,0.0,2.3565339456036987,-0.5,
SS-028825-PV1,2017-06-13,SLURRY,0.0,0.0,0.0,0.0,0.0,
SS-025335-PV1,2017-06-13,OVERLAY,0.0,0.0,0.0,0.0,0.0,
SS-020516-PV1,2017-06-13,SLURRY,0.0,0.0,0.0,0.0,0.0,
SS-017786-PV1,2017-06-13,SLURRY,0.0,0.0,0.0,0.0,0.0,
SS-021998-PV1,2017-06-13,SLURRY,0.0,0.0,0.0,0.0,0.0,
SS-005373-PV1,2017-06-13,SLURRY,0.0,0.0,0.0,0.0,0.0,
SS-022017-PV1,2017-06-13,SLURRY,0.0,0.0,0.0,0.0,0.0,
SS-007007-PV1,2017-06-14,SLURRY,0.0,0.0,0.0,0.0,0.0,
SS-007003-PV1,2017-06-14,SLURRY,0.0,1.0,0.0,18.269896193771626,-1.0,
SS-007001-PV1,2017-06-14,SLURRY,0.0,0.0,0.0,0.0,0.0,
SS-020831-PV1,2017-06-14,SLURRY,0.0,0.0,0.0,0.0,0.0,
SS-017787-PV1,2017-06-14,SLURRY,0.0,0.0,0.0,0.0,0.0,
SS-017054-PV1,2017-06-14,SLURRY,0.0,1.0,0.0,14.308943089430894,-1.0,
SS-017777-PV1,2017-06-14,SLURRY,0.0,0.0,0.0,0.0,0.0,
SS-020830-PV1,2017-06-14,SLURRY,0.0,0.0,0.0,0.0,0.0,
SS-024016-PV1,2017-06-14,SLURRY,0.0,0.0,0.0,0.0,0.0,
SS-011710-PV1,2017-06-14,SLURRY,0.0,0.0,0.0,0.0,0.0,
SS-011709-PV1,2017-06-14,SLURRY,0.0,0.0,0.0,0.0,0.0,
SS-000932-PV1,2017-06-14,OVERLAY,0.0,0.0,0.0,0.0,0.0,
SS-024015-PV1,2017-06-14,SLURRY,0.0,0.0,0.0,0.0,0.0,
SS-006209-PV1,2017-06-14,SLURRY,0.0,0.0,0.0,0.0,0.0,
SS-012888-PV1,2017-06-14,OVERLAY,0.0,0.0,0.0,0.0,0.0,
SS-026083-PV1,2017-06-14,SLURRY,0.0,0.0,0.0,0.0,0.0,
SS-006216-PV1,2017-06-14,SLURRY,0.0,0.0,0.0,0.0,0.0,
SS-006113-PV1,2017-06-14,OVERLAY,0.0,0.0,0.0,0.0,0.0,
SS-006217-PV1,2017-06-14,SLURRY,0.0,0.0,0.0,0.0,0.0,
SS-024018-PV1,2017-06-14,SLURRY,0.0,0.0,0.0,0.0,0.0,
SS-007008-PV1,2017-06-14,SLURRY,0.0,0.0,0.0,0.0,0.0,
SS-024014-PV1,2017-06-14,SLURRY,0.0,0.5,0.0,7.590569292696952,-0.5,
SS-017051-PV1,2017-06-14,SLURRY,0.0,0.0,0.0,0.0,0.0,
SS-003877-PV1,2017-06-14,OVERLAY,1.0,0.0,7.563531516003889,0.0,1.0,100.0
SS-017052-PV1,2017-06-14,SLURRY,0.0,2.0,0.0,27.428571428571427,-2.0,
SS-007006-PV1,2017-06-14,SLURRY,0.0,0.0,0.0,0.0,0.0,
SS-007012-PV1,2017-06-14,SLURRY,0.0,0.0,0.0,0.0,0.0,
SS-007014-PV1,2017-06-14,SLURRY,0.0,0.0,0.0,0.0,0.0,
SS-007011-PV1,2017-06-14,SLURRY,0.0,1.5,0.0,27.310344827586206,-1.5,
SS-007010-PV1,2017-06-14,SLURRY,0.0,0.0,0.0,0.0,0.0,
SS-024042-PV1,2017-06-14,SLURRY,0.0,0.0,0.0,0.0,0.0,
SS-007009-PV1,2017-06-14,SLURRY,0.0,0.0,0.0,0.0,0.0,
SS-007015-PV1,2017-06-14,SLURRY,0.0,0.0,0.0,0.0,0.0,
SS-007032-PV1,2017-06-14,SLURRY,0.0,1.5,0.0,24.596273291925467,-1.5,
SS-011253-PV1,2017-06-14,SLURRY,0.0,0.0,0.0,0.0,0.0,
SS-007005-PV1,2017-06-14,SLURRY,1.0,0.0,15.17241379310345,0.0,1.0,100.0
SS-007013-PV1,2017-06-14,SLURRY,0.0,1.5,0.0,29.815527716017638,-1.5,
SS-017782-PV1,2017-06-14,SLURRY,0.0,0.0,0.0,0.0,0.0,
SS-017781-PV1,2017-06-14,SLURRY,0.0,0.0,0.0,0.0,0.0,
SS-017778-PV1,2017-06-14,SLURRY,0.0,0.0,0.0,0.0,0.0,
SS-024017-PV1,2017-06-14,SLURRY,0.0,2.0,0.0,35.47431102236561,-2.0,
SS-011255-PV1,2017-06-14,SLURRY,0.0,0.0,0.0,0.0,0.0,
SS-007004-PV1,2017-06-14,SLURRY,0.0,0.0,0.0,0.0,0.0,
SS-013453-PV1,2017-06-14,SLURRY,0.0,0.0,0.0,0.0,0.0,
SS-010436-PV1,2017-06-15,OVERLAY,0.0,0.0,0.0,0.0,0.0,
SS-006212-PV1,2017-06-15,SLURRY,0.0,0.0,0.0,0.0,0.0,
SS-007408-PV1,2017-06-15,OVERLAY,0.0,0.0,0.0,0.0,0.0,
SS-017788-PV1,2017-06-15,SLURRY,0.0,1.0,0.0,5.061251204563408,-1.0,
SS-017779-PV1,2017-06-15,SLURRY,0.0,0.0,0.0,0.0,0.0,
SS-010440-PV1,2017-06-15,OVERLAY,0.0,0.0,0.0,0.0,0.0,
SS-010439-PV1,2017-06-15,OVERLAY,0.0,0.0,0.0,0.0,0.0,
SS-010438-PV1,2017-06-15,OVERLAY,1.0,0.0,15.051491494481976,0.0,1.0,100.0
SS-010437-PV1,2017-06-15,OVERLAY,0.0,0.0,0.0,0.0,0.0,
SS-026219-PV1,2017-06-15,OVERLAY,0.0,2.0,0.0,3.76825933075072,-2.0,
SS-026217-PV1,2017-06-15,OVERLAY,0.0,0.0,0.0,0.0,0.0,
SS-026214-PV1,2017-06-15,OVERLAY,0.0,0.0,0.0,0.0,0.0,
SS-010434-PV1,2017-06-15,OVERLAY,0.0,0.0,0.0,0.0,0.0,
SS-013797-PV1,2017-06-15,OVERLAY,3.0,2.5,3.6446596716198454,3.037216393016538,0.5,16.666666666666664
SS-007406-PV1,2017-06-15,OVERLAY,1.0,0.0,10.894522861165813,0.0,1.0,100.0
SS-026218-PV1,2017-06-15,OVERLAY,0.0,0.0,0.0,0.0,0.0,
SS-026215-PV1,2017-06-15,OVERLAY,1.0,1.0,15.068024425039289,15.068024425039289,0.0,0.0
SS-010435-PV1,2017-06-15,OVERLAY,0.0,0.0,0.0,0.0,0.0,
SS-021006-PV1,2017-06-15,SLURRY,0.0,0.0,0.0,0.0,0.0,
SS-026216-PV1,2017-06-15,OVERLAY,2.0,2.0,29.82942147023456,29.82942147023456,0.0,0.0
SS-006210-PV1,2017-06-15,SLURRY,0.0,0.0,0.0,0.0,0.0,
SS-012758-PV1,2017-06-16,SLURRY,0.0,0.0,0.0,0.0,0.0,
SS-005671-PV1,2017-06-16,SLURRY,0.0,0.0,0.0,0.0,0.0,
SS-013575-PV1,2017-06-16,OVERLAY,0.0,0.0,0.0,0.0,0.0,
SS-007407-PV1,2017-06-16,OVERLAY,0.0,0.0,0.0,0.0,0.0,
SS-003329-PV1,2017-06-16,SLURRY,0.0,0.0,0.0,0.0,0.0,
SS-003235-PV1,2017-06-16,SLURRY,0.0,0.0,0.0,0.0,0.0,
SS-029229-PV1,2017-06-17,OVERLAY,0.0,0.0,0.0,0.0,0.0,
SS-029227-PV1,2017-06-17,OVERLAY,0.0,0.5,0.0,8.274399134447702,-0.5,
SS-029222-PV1,2017-06-17,OVERLAY,3.0,2.5,18.096456167789793,15.080380139824827,0.5,16.666666666666664
SS-029223-PV1,2017-06-17,OVERLAY,0.0,0.0,0.0,0.0,0.0,
SS-029228-PV1,2017-06-17,OVERLAY,0.0,0.0,0.0,0.0,0.0,
SS-029224-PV1,2017-06-17,OVERLAY,0.0,1.0,0.0,17.95751618982319,-1.0,
SS-029225-PV1,2017-06-17,OVERLAY,0.0,0.0,0.0,0.0,0.0,
SS-029226-PV1,2017-06-17,OVERLAY,0.0,0.0,0.0,0.0,0.0,
SS-003240-PV1,2017-06-19,SLURRY,0.0,0.0,0.0,0.0,0.0,
SS-006215-PV1,2017-06-19,SLURRY,0.0,0.0,0.0,0.0,0.0,
SS-011708-PV1,2017-06-19,SLURRY,0.0,0.0,0.0,0.0,0.0,
SS-006214-PV1,2017-06-19,SLURRY,0.0,0.0,0.0,0.0,0.0,
SS-016368-PV1,2017-06-19,SLURRY,0.0,0.0,0.0,0.0,0.0,
SS-016367-PV1,2017-06-19,SLURRY,0.0,0.0,0.0,0.0,0.0,
SS-003237-PV1,2017-06-19,SLURRY,0.0,0.0,0.0,0.0,0.0,
SS-005152-PV1,2017-06-19,OVERLAY,0.0,0.0,0.0,0.0,0.0,
SS-006208-PV1,2017-06-19,SLURRY,0.0,0.0,0.0,0.0,0.0,
SS-002638-PV1,2017-06-19,OVERLAY,0.0,0.0,0.0,0.0,0.0,
SS-005153-PV1,2017-06-19,OVERLAY,1.0,0.5,6.781470453980915,3.3907352269904574,0.5,50.0
SS-008199-PV1,2017-06-19,OVERLAY,0.0,0.0,0.0,0.0,0.0,
SS-003239-PV1,2017-06-19,SLURRY,0.0,0.5,0.0,2.8129341268364785,-0.5,
SS-027752-PV1,2017-06-19,SLURRY,0.0,0.0,0.0,0.0,0.0,
SS-002225-PV1,2017-06-20,SLURRY,0.0,0.0,0.0,0.0,0.0,
SS-005154-PV1,2017-06-20,OVERLAY,0.0,0.0,0.0,0.0,0.0,
SS-022233-PV1,2017-06-20,SLURRY,0.0,0.0,0.0,0.0,0.0,
SS-025237-PV1,2017-06-20,SLURRY,0.0,0.0,0.0,0.0,0.0,
SS-003245-PV1,2017-06-20,SLURRY,0.0,0.0,0.0,0.0,0.0,
SS-028900-PV1,2017-06-20,SLURRY,0.0,0.5,0.0,6.50803656234662,-0.5,
SS-027900-PV1,2017-06-20,SLURRY,0.0,0.0,0.0,0.0,0.0,
SS-020663-PV1,2017-06-20,OVERLAY,0.0,0.0,0.0,0.0,0.0,
SS-004670-PV1,2017-06-20,SLURRY,0.0,0.0,0.0,0.0,0.0,
SS-004669-PV1,2017-06-20,SLURRY,0.0,0.0,0.0,0.0,0.0,
SS-005590-PV1,2017-06-20,SLURRY,0.0,0.0,0.0,0.0,0.0,
SS-006656-PV1,2017-06-20,SLURRY,0.0,0.0,0.0,0.0,0.0,
SS-006657-PV1,2017-06-20,SLURRY,0.0,0.0,0.0,0.0,0.0,
SS-020662-PV1,2017-06-20,OVERLAY,0.0,0.0,0.0,0.0,0.0,
SS-004671-PV1,2017-06-20,SLURRY,0.0,0.0,0.0,0.0,0.0,
SS-006577-PV1,2017-06-20,OVERLAY,0.0,0.0,0.0,0.0,0.0,
SS-028903-PV1,2017-06-20,SLURRY,0.0,0.0,0.0,0.0,0.0,
SS-008200-PV1,2017-06-20,OVERLAY,0.0,0.0,0.0,0.0,0.0,
SS-020661-PV1,2017-06-20,OVERLAY,0.0,0.0,0.0,0.0,0.0,
SS-028899-PV1,2017-06-20,SLURRY,0.0,0.0,0.0,0.0,0.0,
SS-024676-PV1,2017-06-20,OVERLAY,0.0,0.0,0.0,0.0,0.0,
SS-011227-PV1,2017-06-21,OVERLAY,0.0,0.0,0.0,0.0,0.0,
SS-007323-PV1,2017-06-21,OVERLAY,0.0,0.5,0.0,5.580596603826471,-0.5,
SS-007322-PV1,2017-06-21,OVERLAY,0.0,0.0,0.0,0.0,0.0,
SS-003242-PV1,2017-06-21,SLURRY,0.0,0.5,0.0,7.4619862676840585,-0.5,
SS-007321-PV1,2017-06-21,OVERLAY,0.0,0.0,0.0,0.0,0.0,
SS-014749-PV1,2017-06-21,SLURRY,0.0,0.0,0.0,0.0,0.0,
SS-011289-PV1,2017-06-21,SLURRY,0.0,0.0,0.0,0.0,0.0,
SS-010449-PV1,2017-06-21,OVERLAY,0.0,0.0,0.0,0.0,0.0,
SS-004506-PV1,2017-06-21,OVERLAY,0.0,0.0,0.0,0.0,0.0,
SS-028901-PV1,2017-06-21,SLURRY,0.0,0.0,0.0,0.0,0.0,
SS-004505-PV1,2017-06-21,OVERLAY,0.0,0.0,0.0,0.0,0.0,
SS-011226-PV1,2017-06-21,OVERLAY,0.0,0.0,0.0,0.0,0.0,
SS-027846-PV1,2017-06-21,SLURRY,0.0,0.0,0.0,0.0,0.0,
SS-024675-PV1,2017-06-21,OVERLAY,0.0,0.0,0.0,0.0,0.0,
SS-026323-PV1,2017-06-21,SLURRY,0.0,0.0,0.0,0.0,0.0,
SS-008646-PV1,2017-06-21,OVERLAY,0.0,0.0,0.0,0.0,0.0,
SS-003241-PV1,2017-06-21,SLURRY,0.0,0.0,0.0,0.0,0.0,
SS-006787-PV1,2017-06-21,SLURRY,0.0,0.0,0.0,0.0,0.0,
SS-004504-PV1,2017-06-21,OVERLAY,0.0,0.0,0.0,0.0,0.0,
SS-011292-PV1,2017-06-21,SLURRY,0.0,0.0,0.0,0.0,0.0,
SS-028902-PV1,2017-06-21,SLURRY,0.0,0.0,0.0,0.0,0.0,
SS-017348-PV1,2017-06-21,SLURRY,0.0,0.0,0.0,0.0,0.0,
SS-009051-PV1,2017-06-21,OVERLAY,0.0,0.0,0.0,0.0,0.0,
SS-011291-PV1,2017-06-21,SLURRY,0.0,0.0,0.0,0.0,0.0,
SS-002843-PV1,2017-06-22,SLURRY,0.0,0.0,0.0,0.0,0.0,
SS-006576-PV1,2017-06-22,OVERLAY,0.0,0.0,0.0,0.0,0.0,
SS-017349-PV1,2017-06-22,SLURRY,0.0,0.0,0.0,0.0,0.0,
SS-002845-PV1,2017-06-22,SLURRY,0.0,0.0,0.0,0.0,0.0,
SS-002844-PV1,2017-06-22,SLURRY,0.0,0.0,0.0,0.0,0.0,
SS-008483-PV1,2017-06-22,CONCRETE,0.0,0.0,0.0,0.0,0.0,
SS-019827-PV1,2017-06-22,OVERLAY,0.0,0.0,0.0,0.0,0.0,
SS-006802-PV1,2017-06-22,SLURRY,0.0,0.0,0.0,0.0,0.0,
SS-006786-PV1,2017-06-22,SLURRY,0.0,0.0,0.0,0.0,0.0,
SS-006785-PV1,2017-06-22,SLURRY,0.0,0.0,0.0,0.0,0.0,
SS-017350-PV1,2017-06-22,SLURRY,0.0,0.0,0.0,0.0,0.0,
SS-018924-PV1,2017-06-22,SLURRY,0.0,0.0,0.0,0.0,0.0,
SS-018925-PV1,2017-06-22,SLURRY,0.0,0.0,0.0,0.0,0.0,
SS-017351-PV1,2017-06-22,SLURRY,0.0,0.0,0.0,0.0,0.0,
SS-004507-PV1,2017-06-22,OVERLAY,0.0,0.0,0.0,0.0,0.0,
SS-022051-PV1,2017-06-23,SLURRY,0.0,0.0,0.0,0.0,0.0,
SS-021543-PV1,2017-06-23,SLURRY,0.0,0.0,0.0,0.0,0.0,
SS-002630-PV1,2017-06-23,SLURRY,0.0,0.0,0.0,0.0,0.0,
SS-012623-PV1,2017-06-23,OVERLAY,0.0,0.0,0.0,0.0,0.0,
SS-012619-PV1,2017-06-23,OVERLAY,0.0,0.0,0.0,0.0,0.0,
SS-012625-PV1,2017-06-23,OVERLAY,0.0,0.0,0.0,0.0,0.0,
SS-016233-PV1,2017-06-23,SLURRY,0.0,0.0,0.0,0.0,0.0,
SS-012624-PV1,2017-06-23,OVERLAY,0.0,0.0,0.0,0.0,0.0,
SS-021242-PV1,2017-06-23,SLURRY,0.0,0.0,0.0,0.0,0.0,
SS-012634-PV1,2017-06-23,OVERLAY,0.0,0.0,0.0,0.0,0.0,
SS-021244-PV1,2017-06-23,SLURRY,0.0,0.0,0.0,0.0,0.0,
SS-011542-PV1,2017-06-23,OVERLAY,0.0,0.0,0.0,0.0,0.0,
SS-026483-PV1,2017-06-23,SLURRY,0.0,0.0,0.0,0.0,0.0,
SS-021240-PV1,2017-06-23,SLURRY,0.0,0.0,0.0,0.0,0.0,
SS-011551-PV1,2017-06-23,OVERLAY,0.0,0.0,0.0,0.0,0.0,
SS-011550-PV1,2017-06-23,OVERLAY,0.0,0.0,0.0,0.0,0.0,
SS-027490-PV1,2017-06-23,SLURRY,0.0,0.0,0.0,0.0,0.0,
SS-011549-PV1,2017-06-23,OVERLAY,0.0,0.0,0.0,0.0,0.0,
SS-007341-PV1,2017-06-23,SLURRY,0.0,0.0,0.0,0.0,0.0,
SS-011547-PV1,2017-06-23,OVERLAY,0.0,0.0,0.0,0.0,0.0,
SS-007345-PV1,2017-06-23,SLURRY,0.0,0.0,0.0,0.0,0.0,
SS-010074-PV1,2017-06-23,SLURRY,0.0,0.0,0.0,0.0,0.0,
SS-030252-PV1,2017-06-23,SLURRY,0.0,0.0,0.0,0.0,0.0,
SS-011543-PV1,2017-06-23,OVERLAY,0.0,0.0,0.0,0.0,0.0,
SS-011544-PV1,2017-06-23,OVERLAY,0.0,0.0,0.0,0.0,0.0,
SS-011548-PV1,2017-06-23,OVERLAY,0.0,0.0,0.0,0.0,0.0,
SS-011546-PV1,2017-06-23,OVERLAY,0.0,0.0,0.0,0.0,0.0,
SS-011644-PV1,2017-06-23,SLURRY,0.0,0.0,0.0,0.0,0.0,
SS-009955-PV1,2017-06-23,SLURRY,0.0,0.0,0.0,0.0,0.0,
SS-021241-PV1,2017-06-23,SLURRY,0.0,0.0,0.0,0.0,0.0,
SS-018303-PV1,2017-06-23,OVERLAY,0.0,0.0,0.0,0.0,0.0,
SS-018302-PV1,2017-06-23,OVERLAY,0.0,0.0,0.0,0.0,0.0,
SS-021894-PV1,2017-06-23,SLURRY,0.0,0.5,0.0,10.906756322407023,-0.5,
SS-007525-PV1,2017-06-23,SLURRY,0.0,0.0,0.0,0.0,0.0,
SS-021895-PV1,2017-06-23,SLURRY,0.0,0.0,0.0,0.0,0.0,
SS-011545-PV1,2017-06-23,OVERLAY,0.0,0.0,0.0,0.0,0.0,
SS-011733-PV1,2017-06-23,SLURRY,0.0,0.0,0.0,0.0,0.0,
SS-004306-PV1,2017-06-23,SLURRY,0.0,0.0,0.0,0.0,0.0,
SS-008736-PV1,2017-06-23,SLURRY,0.0,0.0,0.0,0.0,0.0,
SS-018359-PV1,2017-06-25,SLURRY,0.0,0.5,0.0,5.175664808263184,-0.5,
SS-010708-PV1,2017-06-25,SLURRY,0.0,2.5,0.0,13.401228831769197,-2.5,
SS-007841-PV1,2017-06-25,SLURRY,0.0,0.0,0.0,0.0,0.0,
SS-014711-PV1,2017-06-25,SLURRY,0.0,0.0,0.0,0.0,0.0,
SS-025350-PV1,2017-06-25,SLURRY,0.0,0.0,0.0,0.0,0.0,
SS-022403-PV1,2017-06-25,SLURRY,0.0,0.0,0.0,0.0,0.0,
SS-014712-PV1,2017-06-25,SLURRY,0.0,0.0,0.0,0.0,0.0,
SS-015083-PV1,2017-06-25,SLURRY,0.0,0.0,0.0,0.0,0.0,
SS-022750-PV1,2017-06-25,SLURRY,0.0,0.0,0.0,0.0,0.0,
SS-011315-PV1,2017-06-25,SLURRY,0.0,0.0,0.0,0.0,0.0,
SS-011314-PV1,2017-06-25,SLURRY,0.0,0.0,0.0,0.0,0.0,
SS-026294-PV1,2017-06-25,SLURRY,0.0,0.0,0.0,0.0,0.0,
SS-008405-PV1,2017-06-25,SLURRY,0.0,0.0,0.0,0.0,0.0,
SS-019885-PV1,2017-06-25,SLURRY,0.0,0.0,0.0,0.0,0.0,
SS-017458-PV1,2017-06-26,OVERLAY,0.0,0.0,0.0,0.0,0.0,
SS-003902-PV1,2017-06-26,OVERLAY,0.0,0.5,0.0,2.611309542061372,-0.5,
SS-017457-PV1,2017-06-26,OVERLAY,0.0,0.0,0.0,0.0,0.0,
SS-003903-PV1,2017-06-26,OVERLAY,0.0,0.0,0.0,0.0,0.0,
SS-017459-PV1,2017-06-26,OVERLAY,0.0,0.0,0.0,0.0,0.0,
SS-003392-PV1,2017-06-26,OVERLAY,0.0,1.5,0.0,3.3068893528183714,-1.5,
SS-012326-PV1,2017-06-26,OVERLAY,0.0,0.0,0.0,0.0,0.0,
SS-012325-PV1,2017-06-26,OVERLAY,0.0,0.0,0.0,0.0,0.0,
SS-017456-PV1,2017-06-26,OVERLAY,0.0,0.0,0.0,0.0,0.0,
SS-019197-PV1,2017-06-27,OVERLAY,0.0,0.0,0.0,0.0,0.0,
SS-019198-PV1,2017-06-27,OVERLAY,0.0,1.0,0.0,4.278954440724041,-1.0,
SS-003243-PV1,2017-06-27,SLURRY,0.0,0.0,0.0,0.0,0.0,
SS-025544-PV1,2017-06-28,SLURRY,0.0,0.0,0.0,0.0,0.0,
SS-009798-PV1,2017-06-28,SLURRY,0.0,0.0,0.0,0.0,0.0,
SS-013567-PV1,2017-06-28,OVERLAY,0.0,0.0,0.0,0.0,0.0,
SS-021245-PV1,2017-06-28,SLURRY,0.0,0.0,0.0,0.0,0.0,
SS-016147-PV1,2017-06-28,OVERLAY,0.0,1.5,0.0,19.156930575960857,-1.5,
SS-022092-PV1,2017-06-28,SLURRY,0.0,0.0,0.0,0.0,0.0,
SS-016161-PV1,2017-06-28,OVERLAY,0.0,0.0,0.0,0.0,0.0,
SS-007657-PV1,2017-06-28,OVERLAY,0.0,0.0,0.0,0.0,0.0,
SS-021239-PV1,2017-06-28,SLURRY,0.0,0.5,0.0,1.847694927090588,-0.5,
SS-007343-PV1,2017-06-29,SLURRY,0.0,0.5,0.0,8.083601587447882,-0.5,
SS-027491-PV1,2017-06-29,SLURRY,0.0,0.5,0.0,16.04277099977455,-0.5,
SS-017193-PV1,2017-06-29,SLURRY,0.0,0.0,0.0,0.0,0.0,
SS-017192-PV1,2017-06-29,SLURRY,0.0,0.0,0.0,0.0,0.0,
SS-017191-PV1,2017-06-29,SLURRY,0.0,0.0,0.0,0.0,0.0,
SS-011397-PV1,2017-06-29,SLURRY,0.0,0.0,0.0,0.0,0.0,
SS-004305-PV1,2017-06-29,SLURRY,0.0,0.0,0.0,0.0,0.0,
SS-030259-PV1,2017-06-29,SLURRY,0.0,0.5,0.0,2.1358464695307346,-0.5,
SS-011645-PV1,2017-06-29,SLURRY,0.0,0.0,0.0,0.0,0.0,
SS-025042-PV1,2017-06-29,SLURRY,0.0,0.0,0.0,0.0,0.0,
SS-023264-PV1,2017-06-29,SLURRY,0.0,0.0,0.0,0.0,0.0,
SS-008740-PV1,2017-06-29,SLURRY,0.0,0.0,0.0,0.0,0.0,
SS-008739-PV1,2017-06-29,SLURRY,0.0,0.0,0.0,0.0,0.0,
SS-013284-PV1,2017-06-29,SLURRY,0.0,0.0,0.0,0.0,0.0,
SS-013283-PV1,2017-06-29,SLURRY,0.0,0.0,0.0,0.0,0.0,
SS-004196-PV1,2017-06-29,SLURRY,0.0,0.0,0.0,0.0,0.0,
SS-022348-PV1,2017-06-29,SLURRY,0.0,0.0,0.0,0.0,0.0,
SS-013566-PV1,2017-06-29,OVERLAY,1.0,1.0,8.148148148148149,8.148148148148149,0.0,0.0
SS-009316-PV1,2017-06-30,SLURRY,0.0,0.0,0.0,0.0,0.0,
SS-017352-PV1,2017-06-30,SLURRY,0.0,0.0,0.0,0.0,0.0,
SS-009315-PV1,2017-06-30,SLURRY,0.0,0.0,0.0,0.0,0.0,
SS-017353-PV1,2017-06-30,SLURRY,0.0,0.0,0.0,0.0,0.0,
SS-017965-PV1,2017-06-30,SLURRY,0.0,0.0,0.0,0.0,0.0,
SS-015485-PV1,2017-06-30,SLURRY,0.0,0.0,0.0,0.0,0.0,
SS-025778-PV1,2017-06-30,SLURRY,0.0,0.0,0.0,0.0,0.0,
SS-014578-PV1,2017-06-30,OVERLAY,0.0,0.0,0.0,0.0,0.0,
SS-021840-PV1,2017-06-30,SLURRY,0.0,0.0,0.0,0.0,0.0,
SS-025777-PV1,2017-06-30,SLURRY,0.0,0.0,0.0,0.0,0.0,
SS-013563-PV1,2017-06-30,OVERLAY,0.0,2.0,0.0,13.101485021069696,-2.0,
SS-002001-PV1,2017-06-30,OVERLAY,0.0,0.0,0.0,0.0,0.0,
SS-005892-PV1,2017-06-30,SLURRY,0.0,0.0,0.0,0.0,0.0,
SS-005891-PV1,2017-06-30,SLURRY,0.0,0.0,0.0,0.0,0.0,
SS-029072-PV1,2017-06-30,SLURRY,0.0,0.0,0.0,0.0,0.0,
SS-007564-PV1,2017-06-30,OVERLAY,0.0,4.5,0.0,181.28990514326176,-4.5,
SS-003244-PV1,2017-06-30,SLURRY,0.0,0.0,0.0,0.0,0.0,
SS-015486-PV1,2017-06-30,SLURRY,0.0,0.0,0.0,0.0,0.0,
SS-014576-PV1,2017-06-30,OVERLAY,0.0,0.0,0.0,0.0,0.0,
SS-015487-PV1,2017-06-30,SLURRY,0.0,0.0,0.0,0.0,0.0,
SS-007132-PV1,2017-06-30,SLURRY,0.0,0.0,0.0,0.0,0.0,
SS-007131-PV1,2017-06-30,SLURRY,0.0,0.0,0.0,0.0,0.0,
SS-009951-PV1,2017-06-30,SLURRY,0.0,0.0,0.0,0.0,0.0,
SS-026512-PV1,2017-06-30,SLURRY,0.0,0.0,0.0,0.0,0.0,
SS-009099-PV1,2017-06-30,OVERLAY,0.0,0.0,0.0,0.0,0.0,
SS-030057-PV1,2017-06-30,OVERLAY,0.0,0.0,0.0,0.0,0.0,
SS-021237-PV1,2017-06-30,SLURRY,0.0,0.0,0.0,0.0,0.0,
SS-021243-PV1,2017-06-30,SLURRY,0.0,0.0,0.0,0.0,0.0,
SS-003236-PV1,2017-06-30,SLURRY,0.0,0.0,0.0,0.0,0.0,
SS-025779-PV1,2017-06-30,SLURRY,0.0,0.0,0.0,0.0,0.0,
SS-021236-PV1,2017-06-30,SLURRY,0.0,0.0,0.0,0.0,0.0,
SS-014577-PV1,2017-06-30,OVERLAY,0.0,0.0,0.0,0.0,0.0,
SS-022263-PV1,2017-07-05,OVERLAY,0.0,0.0,0.0,0.0,0.0,
SS-030290-PV1,2017-07-05,OVERLAY,0.0,0.0,0.0,0.0,0.0,
SS-022261-PV1,2017-07-05,OVERLAY,0.0,0.0,0.0,0.0,0.0,
SS-024310-PV1,2017-07-05,OVERLAY,0.0,1.0,0.0,9.836565831309976,-1.0,
SS-018073-PV1,2017-07-05,OVERLAY,0.0,0.0,0.0,0.0,0.0,
SS-024311-PV1,2017-07-05,OVERLAY,0.0,0.0,0.0,0.0,0.0,
SS-024312-PV1,2017-07-05,OVERLAY,2.0,0.0,12.12972882819583,0.0,2.0,100.0
SS-024313-PV1,2017-07-05,OVERLAY,0.0,0.5,0.0,2.3617782687413817,-0.5,
SS-024314-PV1,2017-07-05,OVERLAY,0.0,0.5,0.0,4.150172090658622,-0.5,
SS-010083-PV1,2017-07-05,OVERLAY,0.0,0.0,0.0,0.0,0.0,
SS-018070-PV1,2017-07-06,OVERLAY,0.0,0.0,0.0,0.0,0.0,
SS-009132-PV1,2017-07-06,OVERLAY,0.0,0.0,0.0,0.0,0.0,
SS-026642-PV1,2017-07-06,OVERLAY,0.0,0.0,0.0,0.0,0.0,
SS-018071-PV1,2017-07-06,OVERLAY,0.0,0.0,0.0,0.0,0.0,
SS-023896-PV1,2017-07-06,OVERLAY,0.0,0.0,0.0,0.0,0.0,
SS-018072-PV1,2017-07-06,OVERLAY,0.0,0.0,0.0,0.0,0.0,
SS-023410-PV1,2017-07-07,SLURRY,0.0,0.0,0.0,0.0,0.0,
SS-023411-PV1,2017-07-07,SLURRY,0.0,0.0,0.0,0.0,0.0,
SS-021652-PV1,2017-07-07,OVERLAY,0.0,0.0,0.0,0.0,0.0,
SS-023412-PV1,2017-07-07,SLURRY,0.0,0.0,0.0,0.0,0.0,
SS-004241-PV1,2017-07-07,SLURRY,0.0,0.0,0.0,0.0,0.0,
SS-023409-PV1,2017-07-07,SLURRY,0.0,0.0,0.0,0.0,0.0,
SS-015666-PV1,2017-07-07,OVERLAY,0.0,0.0,0.0,0.0,0.0,
SS-015667-PV1,2017-07-12,OVERLAY,0.0,0.0,0.0,0.0,0.0,
SS-008642-PV1,2017-07-12,SLURRY,0.0,0.0,0.0,0.0,0.0,
SS-030211-PV1,2017-07-12,SLURRY,0.0,0.0,0.0,0.0,0.0,
SS-030251-PV1,2017-07-12,SLURRY,0.0,0.0,0.0,0.0,0.0,
SS-020716-PV1,2017-07-12,OVERLAY,0.0,0.0,0.0,0.0,0.0,
SS-023081-PV1,2017-07-12,SLURRY,0.0,0.0,0.0,0.0,0.0,
SS-020715-PV1,2017-07-12,OVERLAY,0.0,0.0,0.0,0.0,0.0,
SS-020713-PV1,2017-07-12,OVERLAY,0.0,0.0,0.0,0.0,0.0,
SS-008874-PV1,2017-07-12,SLURRY,0.0,0.0,0.0,0.0,0.0,
SS-002978-PV1,2017-07-12,SLURRY,0.0,0.0,0.0,0.0,0.0,
SS-012802-PV1,2017-07-12,OVERLAY,0.0,0.0,0.0,0.0,0.0,
SS-029253-PV1,2017-07-12,CONCRETE,0.0,0.0,0.0,0.0,0.0,
SS-003104-PV1,2017-07-12,OVERLAY,0.0,0.0,0.0,0.0,0.0,
SS-020717-PV1,2017-07-12,OVERLAY,0.0,0.0,0.0,0.0,0.0,
SS-029004-PV1,2017-07-12,SLURRY,0.0,0.0,0.0,0.0,0.0,
SS-013694-PV1,2017-07-12,SLURRY,0.0,0.5,0.0,6.501148413091835,-0.5,
SS-013695-PV1,2017-07-12,SLURRY,0.0,0.0,0.0,0.0,0.0,
SS-007930-PV1,2017-07-12,SLURRY,0.0,0.0,0.0,0.0,0.0,
SS-004765-PV1,2017-07-12,SLURRY,0.0,0.0,0.0,0.0,0.0,
SS-015672-PV1,2017-07-12,OVERLAY,0.0,0.0,0.0,0.0,0.0,
SS-015671-PV1,2017-07-12,OVERLAY,0.0,0.0,0.0,0.0,0.0,
SS-015670-PV1,2017-07-12,OVERLAY,0.0,0.0,0.0,0.0,0.0,
SS-015669-PV1,2017-07-12,OVERLAY,0.0,0.0,0.0,0.0,0.0,
SS-015668-PV1,2017-07-12,OVERLAY,0.0,0.0,0.0,0.0,0.0,
SS-002202-PV1,2017-07-12,SLURRY,0.0,0.5,0.0,4.013515818573275,-0.5,
SS-016237-PV1,2017-07-12,SLURRY,0.0,0.0,0.0,0.0,0.0,
SS-007048-PV1,2017-07-13,SLURRY,0.0,0.0,0.0,0.0,0.0,
SS-012801-PV1,2017-07-13,OVERLAY,0.0,0.0,0.0,0.0,0.0,
SS-007046-PV1,2017-07-13,SLURRY,0.0,0.0,0.0,0.0,0.0,
SS-028263-PV1,2017-07-13,SLURRY,0.0,0.0,0.0,0.0,0.0,
SS-007047-PV1,2017-07-13,SLURRY,0.0,0.0,0.0,0.0,0.0,
SS-009358-PV1,2017-07-13,SLURRY,0.0,0.0,0.0,0.0,0.0,
SS-011964-PV1,2017-07-13,SLURRY,0.0,0.0,0.0,0.0,0.0,
SS-002605-PV1,2017-07-13,SLURRY,0.0,0.0,0.0,0.0,0.0,
SS-003238-PV1,2017-07-13,OVERLAY,0.0,0.0,0.0,0.0,0.0,
SS-021794-PV1,2017-07-13,SLURRY,0.0,0.0,0.0,0.0,0.0,
SS-018032-PV1,2017-07-13,SLURRY,0.0,0.0,0.0,0.0,0.0,
SS-011803-PV1,2017-07-13,SLURRY,0.0,0.0,0.0,0.0,0.0,
SS-019455-PV1,2017-07-13,OVERLAY,0.0,0.0,0.0,0.0,0.0,
SS-012800-PV1,2017-07-14,OVERLAY,0.0,0.0,0.0,0.0,0.0,
SS-027322-PV1,2017-07-14,SLURRY,0.0,0.5,0.0,3.166477937385058,-0.5,
SS-026699-PV1,2017-07-14,OVERLAY,0.0,0.0,0.0,0.0,0.0,
SS-022459-PV1,2017-07-14,SLURRY,0.0,0.0,0.0,0.0,0.0,
SS-022458-PV1,2017-07-14,SLURRY,0.0,0.0,0.0,0.0,0.0,
SS-003509-PV1,2017-07-14,SLURRY,0.0,0.0,0.0,0.0,0.0,
SS-026698-PV1,2017-07-14,OVERLAY,0.0,0.0,0.0,0.0,0.0,
SS-003508-PV1,2017-07-14,SLURRY,0.0,0.0,0.0,0.0,0.0,
SS-004812-PV1,2017-07-14,OVERLAY,0.0,0.0,0.0,0.0,0.0,
SS-008641-PV1,2017-07-14,SLURRY,0.0,0.0,0.0,0.0,0.0,
SS-010080-PV1,2017-07-14,OVERLAY,0.0,0.0,0.0,0.0,0.0,
SS-021793-PV1,2017-07-14,SLURRY,0.0,0.0,0.0,0.0,0.0,
SS-010081-PV1,2017-07-14,OVERLAY,0.0,0.0,0.0,0.0,0.0,
SS-017756-PV1,2017-07-14,OVERLAY,0.0,0.0,0.0,0.0,0.0,
SS-004237-PV1,2017-07-14,SLURRY,0.0,0.0,0.0,0.0,0.0,
SS-004238-PV1,2017-07-14,SLURRY,0.0,0.0,0.0,0.0,0.0,
SS-015081-PV1,2017-07-16,SLURRY,0.0,0.5,0.0,2.7326225133523283,-0.5,
SS-009042-PV1,2017-07-16,SLURRY,0.0,0.5,0.0,9.166663483797402,-0.5,
SS-009045-PV1,2017-07-16,SLURRY,1.0,1.0,6.353494728945837,6.353494728945837,0.0,0.0
SS-009044-PV1,2017-07-16,SLURRY,1.0,1.5,4.518600459356815,6.777900689035222,-0.5,-50.0
SS-009043-PV1,2017-07-16,SLURRY,0.0,0.0,0.0,0.0,0.0,
SS-013658-PV1,2017-07-16,SLURRY,0.0,0.0,0.0,0.0,0.0,
SS-025860-PV1,2017-07-16,SLURRY,0.0,0.0,0.0,0.0,0.0,
SS-027489-PV1,2017-07-17,OVERLAY,0.0,0.0,0.0,0.0,0.0,
SS-006298-PV1,2017-07-18,OVERLAY,0.0,0.0,0.0,0.0,0.0,
SS-006299-PV1,2017-07-18,OVERLAY,0.0,0.0,0.0,0.0,0.0,
SS-010082-PV1,2017-07-18,OVERLAY,0.0,0.0,0.0,0.0,0.0,
SS-003608-PV1,2017-07-18,OVERLAY,0.0,0.0,0.0,0.0,0.0,
SS-010493-PV1,2017-07-18,OVERLAY,0.0,0.0,0.0,0.0,0.0,
SS-003607-PV1,2017-07-18,OVERLAY,0.0,0.0,0.0,0.0,0.0,
SS-003606-PV1,2017-07-18,OVERLAY,0.0,0.0,0.0,0.0,0.0,
SS-007602-PV1,2017-07-18,OVERLAY,0.0,0.5,0.0,10.43275378859131,-0.5,
SS-007601-PV1,2017-07-18,OVERLAY,0.0,0.0,0.0,0.0,0.0,
SS-007600-PV1,2017-07-18,OVERLAY,0.0,0.0,0.0,0.0,0.0,
SS-007575-PV1,2017-07-19,OVERLAY,0.0,0.0,0.0,0.0,0.0,
SS-030278-PV1,2017-07-19,SLURRY,0.0,0.0,0.0,0.0,0.0,
SS-022969-PV1,2017-07-19,SLURRY,0.0,0.0,0.0,0.0,0.0,
SS-007586-PV1,2017-07-19,SLURRY,1.0,9.5,1.7055726744516584,16.202940407290754,-8.5,-850.0
SS-020654-PV1,2017-07-19,SLURRY,0.0,0.0,0.0,0.0,0.0,
SS-007437-PV1,2017-07-19,OVERLAY,0.0,0.0,0.0,0.0,0.0,
SS-022968-PV1,2017-07-19,SLURRY,1.0,0.0,26.011056669619187,0.0,1.0,100.0
SS-007565-PV1,2017-07-19,OVERLAY,0.0,0.0,0.0,0.0,0.0,
SS-007571-PV1,2017-07-19,SLURRY,0.0,2.0,0.0,39.796255232679954,-2.0,
SS-007570-PV1,2017-07-19,OVERLAY,2.0,3.0,32.40025110194604,48.60037665291906,-1.0,-50.0
SS-007569-PV1,2017-07-19,OVERLAY,0.0,1.0,0.0,6.214183851101565,-1.0,
SS-007568-PV1,2017-07-19,OVERLAY,2.0,0.0,15.25338163570851,0.0,2.0,100.0
SS-008887-PV1,2017-07-20,OVERLAY,0.0,0.0,0.0,0.0,0.0,
SS-008886-PV1,2017-07-20,OVERLAY,0.0,0.0,0.0,0.0,0.0,
SS-008885-PV1,2017-07-20,OVERLAY,0.0,0.0,0.0,0.0,0.0,
SS-010138-PV1,2017-07-20,OVERLAY,0.0,0.0,0.0,0.0,0.0,
SS-022970-PV1,2017-07-20,SLURRY,0.0,0.0,0.0,0.0,0.0,
SS-030006-PV1,2017-07-20,SLURRY,0.0,0.0,0.0,0.0,0.0,
SS-008218-PV1,2017-07-20,OVERLAY,0.0,0.0,0.0,0.0,0.0,
SS-008217-PV1,2017-07-20,OVERLAY,0.0,0.0,0.0,0.0,0.0,
SS-010135-PV1,2017-07-20,OVERLAY,0.0,0.0,0.0,0.0,0.0,
SS-001880-PV1,2017-07-20,SLURRY,0.0,0.0,0.0,0.0,0.0,
SS-030007-PV1,2017-07-20,SLURRY,0.0,1.0,0.0,3.990534874516195,-1.0,
SS-010137-PV1,2017-07-20,OVERLAY,0.0,0.0,0.0,0.0,0.0,
SS-010136-PV1,2017-07-20,OVERLAY,0.0,0.0,0.0,0.0,0.0,
SS-015351-PV1,2017-07-20,SLURRY,0.0,0.0,0.0,0.0,0.0,
SS-015352-PV1,2017-07-20,SLURRY,0.0,0.5,0.0,8.571019500043342,-0.5,
SS-015353-PV1,2017-07-20,SLURRY,0.0,0.5,0.0,8.739372062875809,-0.5,
SS-015354-PV1,2017-07-20,SLURRY,0.0,0.0,0.0,0.0,0.0,
SS-007348-PV1,2017-07-20,SLURRY,0.0,0.0,0.0,0.0,0.0,
SS-002065-PV1,2017-07-20,SLURRY,0.0,0.0,0.0,0.0,0.0,
SS-010139-PV1,2017-07-20,OVERLAY,0.0,0.0,0.0,0.0,0.0,
SS-010140-PV1,2017-07-20,OVERLAY,0.0,0.5,0.0,2.106923830553524,-0.5,
SS-021790-PV1,2017-07-21,SLURRY,0.0,0.0,0.0,0.0,0.0,
SS-028076-PV1,2017-07-21,OVERLAY,0.0,0.0,0.0,0.0,0.0,
SS-021789-PV1,2017-07-21,SLURRY,0.0,0.0,0.0,0.0,0.0,
SS-018170-PV1,2017-07-21,OVERLAY,0.0,0.0,0.0,0.0,0.0,
SS-005882-PV1,2017-07-21,SLURRY,0.0,0.0,0.0,0.0,0.0,
SS-021788-PV1,2017-07-21,SLURRY,0.0,0.5,0.0,9.559845173962023,-0.5,
SS-005927-PV1,2017-07-21,SLURRY,0.0,0.0,0.0,0.0,0.0,
SS-005796-PV1,2017-07-21,SLURRY,0.0,0.0,0.0,0.0,0.0,
SS-005795-PV1,2017-07-21,SLURRY,0.0,0.0,0.0,0.0,0.0,
SS-021791-PV1,2017-07-21,SLURRY,0.0,0.0,0.0,0.0,0.0,
SS-028075-PV1,2017-07-21,OVERLAY,0.0,0.0,0.0,0.0,0.0,
SS-022972-PV1,2017-07-21,SLURRY,0.0,0.0,0.0,0.0,0.0,
SS-028074-PV1,2017-07-21,OVERLAY,0.0,0.0,0.0,0.0,0.0,
SS-005679-PV1,2017-07-21,SLURRY,0.0,0.0,0.0,0.0,0.0,
SS-005680-PV1,2017-07-21,SLURRY,0.0,0.0,0.0,0.0,0.0,
SS-027894-PV1,2017-07-21,SLURRY,0.0,0.5,0.0,10.359132281410536,-0.5,
SS-002064-PV1,2017-07-21,SLURRY,0.0,0.0,0.0,0.0,0.0,
SS-022971-PV1,2017-07-21,SLURRY,0.0,0.5,0.0,1.8124457768056783,-0.5,
SS-027893-PV1,2017-07-21,SLURRY,0.0,0.0,0.0,0.0,0.0,
SS-028727-PV1,2017-07-24,OVERLAY,0.0,0.0,0.0,0.0,0.0,
SS-009830-PV1,2017-07-24,OVERLAY,0.0,0.0,0.0,0.0,0.0,
SS-018171-PV1,2017-07-24,OVERLAY,0.0,0.0,0.0,0.0,0.0,
SS-022835-PV1,2017-07-24,OVERLAY,0.0,0.0,0.0,0.0,0.0,
SS-026830-PV1,2017-07-24,OVERLAY,0.0,0.5,0.0,1.4804781293844795,-0.5,
SS-003791-PV1,2017-07-25,OVERLAY,0.0,0.0,0.0,0.0,0.0,
SS-017272-PV1,2017-07-25,OVERLAY,0.0,0.5,0.0,6.407766990291262,-0.5,
SS-011372-PV1,2017-07-25,OVERLAY,0.0,0.0,0.0,0.0,0.0,
SS-003789-PV1,2017-07-25,OVERLAY,0.0,0.0,0.0,0.0,0.0,
SS-007123-PV1,2017-07-26,SLURRY,0.0,0.0,0.0,0.0,0.0,
SS-011794-PV1,2017-07-28,OVERLAY,0.0,0.0,0.0,0.0,0.0,
SS-002689-PV1,2017-07-28,OVERLAY,0.0,0.0,0.0,0.0,0.0,
SS-003418-PV1,2017-07-28,OVERLAY,6.0,7.5,7.098690394696598,8.873362993370746,-1.5,-25.0
SS-003403-PV1,2017-07-28,OVERLAY,0.0,2.0,0.0,10.71146004503682,-2.0,
SS-000521-PV1,2017-07-31,OVERLAY,0.0,2.0,0.0,27.789290859928553,-2.0,
SS-018144-PV1,2017-07-31,OVERLAY,0.0,0.0,0.0,0.0,0.0,
SS-018142-PV1,2017-07-31,OVERLAY,0.0,0.0,0.0,0.0,0.0,
SS-018141-PV1,2017-07-31,OVERLAY,0.0,0.0,0.0,0.0,0.0,
SS-000519-PV1,2017-07-31,OVERLAY,1.0,2.0,13.894645429964276,27.789290859928553,-1.0,-100.0
SS-002473-PV1,2017-07-31,OVERLAY,0.0,0.0,0.0,0.0,0.0,
SS-025513-PV1,2017-07-31,OVERLAY,0.0,1.5,0.0,11.331441516742062,-1.5,
SS-025514-PV1,2017-07-31,OVERLAY,0.0,0.5,0.0,4.798054606950273,-0.5,
SS-000520-PV1,2017-07-31,OVERLAY,4.0,0.5,55.578537842352745,6.947317230294093,3.5,87.5
SS-018140-PV1,2017-07-31,OVERLAY,0.0,0.0,0.0,0.0,0.0,
SS-023616-PV1,2017-08-02,SLURRY,0.0,0.0,0.0,0.0,0.0,
SS-016465-PV1,2017-08-08,OVERLAY,0.0,0.0,0.0,0.0,0.0,
SS-012896-PV1,2017-08-11,OVERLAY,0.0,0.0,0.0,0.0,0.0,
SS-022509-PV1,2017-08-14,OVERLAY,0.0,0.0,0.0,0.0,0.0,
SS-029086-PV1,2017-08-14,OVERLAY,0.0,0.0,0.0,0.0,0.0,
SS-022504-PV1,2017-08-14,OVERLAY,0.0,0.0,0.0,0.0,0.0,
SS-029088-PV1,2017-08-14,OVERLAY,0.0,0.5,0.0,10.05505523615097,-0.5,
SS-016466-PV1,2017-08-15,OVERLAY,0.0,1.5,0.0,20.67869999906006,-1.5,
SS-016464-PV1,2017-08-15,OVERLAY,0.0,1.5,0.0,20.896954268915305,-1.5,
SS-025354-PV1,2017-08-16,OVERLAY,0.0,0.0,0.0,0.0,0.0,
SS-027468-PV1,2017-08-16,OVERLAY,0.0,0.0,0.0,0.0,0.0,
SS-025356-PV1,2017-08-16,OVERLAY,0.0,0.0,0.0,0.0,0.0,
SS-006855-PV1,2017-08-16,OVERLAY,0.0,0.0,0.0,0.0,0.0,
SS-006856-PV1,2017-08-16,OVERLAY,0.0,0.0,0.0,0.0,0.0,
SS-025355-PV1,2017-08-16,OVERLAY,0.0,0.0,0.0,0.0,0.0,
SS-009680-PV1,2017-08-18,CONCRETE,0.0,0.0,0.0,0.0,0.0,
SS-010747-PV1,2017-08-18,CONCRETE,0.0,0.0,0.0,0.0,0.0,
SS-000533-PV1,2017-08-21,CONCRETE,0.0,0.0,0.0,0.0,0.0,
SS-010746-PV1,2017-08-22,CONCRETE,0.0,0.5,0.0,13.02853792661676,-0.5,
SS-025164-PV1,2017-08-25,SLURRY,0.0,0.0,0.0,0.0,0.0,
SS-027719-PV1,2017-08-31,SLURRY,0.0,0.0,0.0,0.0,0.0,
SS-008364-PV1,2017-08-31,SLURRY,0.0,0.0,0.0,0.0,0.0,
SS-027736-PV1,2017-08-31,SLURRY,0.0,0.5,0.0,4.370120756037512,-0.5,
SS-025118-PV1,2017-08-31,SLURRY,0.0,0.0,0.0,0.0,0.0,
SS-005678-PV1,2017-08-31,SLURRY,0.0,0.0,0.0,0.0,0.0,
SS-027720-PV1,2017-09-01,SLURRY,0.0,0.0,0.0,0.0,0.0,
SS-004496-PV1,2017-09-01,SLURRY,0.0,0.0,0.0,0.0,0.0,
SS-030334-PV1,2017-09-01,SLURRY,0.0,0.0,0.0,0.0,0.0,
SS-027737-PV1,2017-09-01,SLURRY,0.0,0.0,0.0,0.0,0.0,
SS-030330-PV1,2017-09-01,SLURRY,0.0,0.0,0.0,0.0,0.0,
SS-025170-PV1,2017-09-01,OVERLAY,0.0,0.0,0.0,0.0,0.0,
SS-031455-PV1,2017-09-01,SLURRY,0.0,0.0,0.0,0.0,0.0,
SS-030329-PV1,2017-09-01,SLURRY,0.0,1.0,0.0,19.544024581052735,-1.0,
SS-025285-PV1,2017-09-05,SLURRY,0.0,0.0,0.0,0.0,0.0,
SS-027343-PV1,2017-09-05,SLURRY,0.0,0.0,0.0,0.0,0.0,
SS-026282-PV1,2017-09-05,SLURRY,1.0,0.0,22.44774840155451,0.0,1.0,100.0
SS-026283-PV1,2017-09-05,SLURRY,0.0,0.0,0.0,0.0,0.0,
SS-026284-PV1,2017-09-05,SLURRY,0.0,0.0,0.0,0.0,0.0,
SS-027344-PV1,2017-09-05,SLURRY,0.0,0.0,0.0,0.0,0.0,
SS-008582-PV1,2017-09-06,SLURRY,0.0,1.5,0.0,30.573437241843607,-1.5,
SS-031718-PV1,2017-09-06,SLURRY,0.0,0.0,0.0,0.0,0.0,
SS-031719-PV1,2017-09-06,SLURRY,0.0,0.0,0.0,0.0,0.0,
SS-025284-PV1,2017-09-06,SLURRY,1.0,1.5,13.805430240481183,20.708145360721776,-0.5,-50.0
SS-008584-PV1,2017-09-06,SLURRY,4.0,4.0,25.52243962619777,25.52243962619777,0.0,0.0
SS-030331-PV1,2017-09-06,SLURRY,0.0,0.0,0.0,0.0,0.0,
SS-028042-PV1,2017-09-06,SLURRY,0.0,0.5,0.0,9.70372042111206,-0.5,
SS-016044-PV1,2017-09-06,OVERLAY,0.0,0.0,0.0,0.0,0.0,
SS-008581-PV1,2017-09-06,SLURRY,0.0,0.0,0.0,0.0,0.0,
SS-030332-PV1,2017-09-06,SLURRY,0.0,0.0,0.0,0.0,0.0,
SS-016045-PV1,2017-09-06,OVERLAY,0.0,1.0,0.0,4.500294692592796,-1.0,
SS-028044-PV1,2017-09-06,SLURRY,0.0,0.0,0.0,0.0,0.0,
SS-030333-PV1,2017-09-06,SLURRY,0.0,0.0,0.0,0.0,0.0,
SS-016043-PV1,2017-09-06,OVERLAY,0.0,0.0,0.0,0.0,0.0,
SS-008583-PV1,2017-09-06,SLURRY,0.0,0.0,0.0,0.0,0.0,
SS-016032-PV1,2017-09-07,OVERLAY,0.0,0.0,0.0,0.0,0.0,
SS-016033-PV1,2017-09-07,OVERLAY,1.0,0.0,18.030188272045493,0.0,1.0,100.0
SS-007763-PV1,2017-09-08,OVERLAY,2.0,1.5,23.32878834338209,17.49659125753657,0.5,25.0
SS-007759-PV1,2017-09-08,OVERLAY,0.0,0.0,0.0,0.0,0.0,
SS-000521-PV1,2017-09-12,CONCRETE,0.0,2.0,0.0,27.789290859928553,-2.0,
SS-000532-PV1,2017-09-12,CONCRETE,0.0,0.0,0.0,0.0,0.0,
SS-000378-PV1,2017-09-13,OVERLAY,1.0,0.5,14.042493436198143,7.021246718099071,0.5,50.0
SS-000377-PV1,2017-09-13,OVERLAY,0.0,1.5,0.0,20.101527944550238,-1.5,
SS-000379-PV1,2017-09-13,OVERLAY,0.0,3.5,0.0,48.25050156500816,-3.5,
SS-021538-PV1,2017-09-14,SLURRY,0.0,0.0,0.0,0.0,0.0,
SS-026352-PV1,2017-09-14,SLURRY,0.0,0.0,0.0,0.0,0.0,
SS-026353-PV1,2017-09-14,SLURRY,0.0,0.0,0.0,0.0,0.0,
SS-021577-PV1,2017-09-14,SLURRY,0.0,0.0,0.0,0.0,0.0,
SS-021576-PV1,2017-09-14,SLURRY,1.0,0.0,6.848243697864827,0.0,1.0,100.0
SS-012239-PV1,2017-09-14,SLURRY,0.0,0.0,0.0,0.0,0.0,
SS-021578-PV1,2017-09-14,SLURRY,0.0,1.0,0.0,9.00139726234777,-1.0,
SS-021580-PV1,2017-09-14,SLURRY,0.0,0.5,0.0,2.270856201385721,-0.5,
SS-021581-PV1,2017-09-14,SLURRY,1.0,1.5,6.08248050927872,9.123720763918081,-0.5,-50.0
SS-029138-PV1,2017-09-14,SLURRY,0.0,0.0,0.0,0.0,0.0,
SS-029139-PV1,2017-09-14,SLURRY,0.0,0.0,0.0,0.0,0.0,
SS-021537-PV1,2017-09-14,SLURRY,0.0,0.0,0.0,0.0,0.0,
SS-009795-PV1,2017-09-15,SLURRY,0.0,0.0,0.0,0.0,0.0,
SS-009794-PV1,2017-09-15,SLURRY,0.0,0.0,0.0,0.0,0.0,
SS-007133-PV1,2017-09-15,SLURRY,0.0,0.0,0.0,0.0,0.0,
SS-007135-PV1,2017-09-15,SLURRY,0.0,0.0,0.0,0.0,0.0,
SS-009796-PV1,2017-09-15,SLURRY,0.0,0.0,0.0,0.0,0.0,
SS-009797-PV1,2017-09-15,SLURRY,0.0,0.0,0.0,0.0,0.0,
SS-007134-PV1,2017-09-15,SLURRY,0.0,0.0,0.0,0.0,0.0,
SS-009793-PV1,2017-09-15,SLURRY,0.0,0.0,0.0,0.0,0.0,
SS-007136-PV1,2017-09-15,SLURRY,0.0,0.0,0.0,0.0,0.0,
SS-021539-PV1,2017-09-15,SLURRY,0.0,0.0,0.0,0.0,0.0,
SS-029071-PV1,2017-09-15,SLURRY,0.0,0.0,0.0,0.0,0.0,
SS-006465-PV1,2017-09-15,SLURRY,0.0,0.0,0.0,0.0,0.0,
SS-006097-PV1,2017-09-15,SLURRY,0.0,0.0,0.0,0.0,0.0,
SS-029180-PV1,2017-09-18,SLURRY,0.0,0.0,0.0,0.0,0.0,
SS-029118-PV1,2017-09-18,SLURRY,0.0,0.0,0.0,0.0,0.0,
SS-014513-PV1,2017-09-18,SLURRY,0.0,0.0,0.0,0.0,0.0,
SS-014517-PV1,2017-09-19,SLURRY,0.0,0.0,0.0,0.0,0.0,
SS-014516-PV1,2017-09-19,SLURRY,0.0,0.0,0.0,0.0,0.0,
SS-029181-PV1,2017-09-19,SLURRY,0.0,0.0,0.0,0.0,0.0,
SS-024495-PV1,2017-09-20,OVERLAY,0.0,0.0,0.0,0.0,0.0,
SS-024488-PV1,2017-09-20,OVERLAY,0.0,0.0,0.0,0.0,0.0,
SS-024489-PV1,2017-09-20,OVERLAY,0.0,0.0,0.0,0.0,0.0,
SS-024494-PV1,2017-09-20,OVERLAY,0.0,2.0,0.0,38.81934776878814,-2.0,
SS-024492-PV1,2017-09-20,OVERLAY,0.0,0.5,0.0,10.160688987083223,-0.5,
SS-024499-PV1,2017-09-20,OVERLAY,0.0,0.0,0.0,0.0,0.0,
SS-024491-PV1,2017-09-20,OVERLAY,0.0,0.0,0.0,0.0,0.0,
SS-024493-PV1,2017-09-20,OVERLAY,0.0,0.0,0.0,0.0,0.0,
SS-024498-PV1,2017-09-20,OVERLAY,0.0,0.5,0.0,12.403118256685351,-0.5,
SS-024497-PV1,2017-09-20,OVERLAY,0.0,0.0,0.0,0.0,0.0,
SS-024496-PV1,2017-09-20,OVERLAY,1.0,0.5,19.670145078496173,9.835072539248086,0.5,50.0
SS-015011-PV1,2017-09-20,OVERLAY,0.0,0.0,0.0,0.0,0.0,
SS-023562-PV1,2017-09-21,OVERLAY,0.0,0.0,0.0,0.0,0.0,
SS-024490-PV1,2017-09-21,OVERLAY,0.0,0.0,0.0,0.0,0.0,
SS-023561-PV1,2017-09-21,OVERLAY,2.0,0.5,38.34222175746802,9.585555439367004,1.5,75.0
SS-024487-PV1,2017-09-21,OVERLAY,0.0,0.0,0.0,0.0,0.0,
SS-023560-PV1,2017-09-21,OVERLAY,0.0,0.0,0.0,0.0,0.0,
SS-013497-PV1,2017-09-21,SLURRY,0.0,0.0,0.0,0.0,0.0,
SS-021536-PV1,2017-09-21,SLURRY,0.0,0.0,0.0,0.0,0.0,
SS-023563-PV1,2017-09-21,OVERLAY,0.0,1.5,0.0,29.44056240395574,-1.5,
SS-013495-PV1,2017-09-21,SLURRY,3.0,1.0,24.892556559848686,8.297518853282895,2.0,66.66666666666666
SS-013494-PV1,2017-09-21,SLURRY,0.0,1.0,0.0,7.5722602293276235,-1.0,
SS-023564-PV1,2017-09-21,OVERLAY,0.0,5.0,0.0,99.46698506149058,-5.0,
SS-023597-PV1,2017-09-21,OVERLAY,0.0,0.0,0.0,0.0,0.0,
SS-014518-PV1,2017-09-21,SLURRY,0.0,0.0,0.0,0.0,0.0,
SS-023548-PV1,2017-09-26,OVERLAY,0.0,1.5,0.0,29.02814006957224,-1.5,
SS-009195-PV1,2017-09-26,SLURRY,0.0,0.0,0.0,0.0,0.0,
SS-009193-PV1,2017-09-26,SLURRY,0.0,0.0,0.0,0.0,0.0,
SS-011536-PV1,2017-09-26,SLURRY,0.0,0.0,0.0,0.0,0.0,
SS-023554-PV1,2017-09-26,OVERLAY,0.0,0.0,0.0,0.0,0.0,
SS-023553-PV1,2017-09-26,OVERLAY,0.0,2.0,0.0,39.051174789508245,-2.0,
SS-009194-PV1,2017-09-26,SLURRY,0.0,0.0,0.0,0.0,0.0,
SS-023552-PV1,2017-09-26,OVERLAY,0.0,0.0,0.0,0.0,0.0,
SS-023595-PV1,2017-09-26,OVERLAY,0.0,0.0,0.0,0.0,0.0,
SS-023549-PV1,2017-09-26,OVERLAY,2.0,2.0,39.25403943023654,39.25403943023654,0.0,0.0
SS-023555-PV1,2017-09-26,OVERLAY,1.0,0.5,19.729518760418248,9.864759380209124,0.5,50.0
SS-009209-PV1,2017-09-26,SLURRY,0.0,0.0,0.0,0.0,0.0,
SS-023557-PV1,2017-09-26,OVERLAY,0.0,1.5,0.0,30.813391842465755,-1.5,
SS-023547-PV1,2017-09-26,OVERLAY,0.0,0.0,0.0,0.0,0.0,
SS-023546-PV1,2017-09-26,OVERLAY,0.0,0.0,0.0,0.0,0.0,
SS-023550-PV1,2017-09-26,OVERLAY,0.0,0.0,0.0,0.0,0.0,
SS-023559-PV1,2017-09-26,OVERLAY,0.0,0.5,0.0,9.434532031129667,-0.5,
SS-023556-PV1,2017-09-26,OVERLAY,0.0,0.0,0.0,0.0,0.0,
SS-023551-PV1,2017-09-26,OVERLAY,0.0,0.5,0.0,9.81352444924382,-0.5,
SS-020735-PV1,2017-09-26,SLURRY,0.0,1.0,0.0,2.5854689690594284,-1.0,
SS-023545-PV1,2017-09-26,OVERLAY,0.0,2.0,0.0,40.71399076918213,-2.0,
SS-030738-PV1,2017-09-26,OVERLAY,0.0,0.0,0.0,0.0,0.0,
SS-009210-PV1,2017-09-26,SLURRY,0.0,0.0,0.0,0.0,0.0,
SS-023558-PV1,2017-09-26,OVERLAY,0.0,0.0,0.0,0.0,0.0,
SS-016407-PV1,2017-09-27,SLURRY,0.0,0.0,0.0,0.0,0.0,
SS-028666-PV1,2017-09-27,SLURRY,0.0,0.0,0.0,0.0,0.0,
SS-001507-PV1,2017-09-27,SLURRY,0.0,0.0,0.0,0.0,0.0,
SS-022502-PV1,2017-09-27,SLURRY,0.0,0.0,0.0,0.0,0.0,
SS-022503-PV1,2017-09-27,SLURRY,0.0,0.5,0.0,3.0170418293421712,-0.5,
SS-020733-PV1,2017-09-27,SLURRY,0.0,0.5,0.0,8.516137273681233,-0.5,
SS-016406-PV1,2017-09-27,SLURRY,0.0,0.0,0.0,0.0,0.0,
SS-003667-PV1,2017-09-27,SLURRY,0.0,0.0,0.0,0.0,0.0,
SS-014167-PV1,2017-09-27,SLURRY,0.0,0.0,0.0,0.0,0.0,
SS-007827-PV1,2017-09-27,SLURRY,0.0,0.0,0.0,0.0,0.0,
SS-007829-PV1,2017-09-27,SLURRY,0.0,0.0,0.0,0.0,0.0,
SS-014168-PV1,2017-09-27,SLURRY,0.0,0.0,0.0,0.0,0.0,
SS-007813-PV1,2017-09-27,SLURRY,0.0,0.0,0.0,0.0,0.0,
SS-007826-PV1,2017-09-27,SLURRY,0.0,0.0,0.0,0.0,0.0,
SS-014171-PV1,2017-09-27,SLURRY,0.0,0.5,0.0,33.40706508809848,-0.5,
SS-007825-PV1,2017-09-27,SLURRY,0.0,0.0,0.0,0.0,0.0,
SS-003666-PV1,2017-09-27,SLURRY,0.0,0.0,0.0,0.0,0.0,
SS-026922-PV1,2017-09-27,SLURRY,0.0,0.0,0.0,0.0,0.0,
SS-007814-PV1,2017-09-27,SLURRY,0.0,0.0,0.0,0.0,0.0,
SS-009198-PV1,2017-09-28,SLURRY,0.0,0.0,0.0,0.0,0.0,
SS-009197-PV1,2017-09-28,SLURRY,0.0,0.0,0.0,0.0,0.0,
SS-020732-PV1,2017-09-28,SLURRY,0.0,0.0,0.0,0.0,0.0,
SS-004895-PV1,2017-09-28,SLURRY,0.0,0.5,0.0,3.5618450303289757,-0.5,
SS-004894-PV1,2017-09-28,SLURRY,0.0,0.0,0.0,0.0,0.0,
SS-011535-PV1,2017-09-28,SLURRY,0.0,0.0,0.0,0.0,0.0,
SS-016276-PV1,2017-09-28,SLURRY,0.0,0.0,0.0,0.0,0.0,
SS-030192-PV1,2017-09-28,SLURRY,0.0,1.0,0.0,20.482748909041465,-1.0,
SS-020213-PV1,2017-09-28,SLURRY,0.0,0.0,0.0,0.0,0.0,
SS-004893-PV1,2017-09-28,SLURRY,0.0,0.0,0.0,0.0,0.0,
SS-023565-PV1,2017-09-28,OVERLAY,0.0,0.0,0.0,0.0,0.0,
SS-020215-PV1,2017-09-28,SLURRY,0.0,0.0,0.0,0.0,0.0,
SS-020216-PV1,2017-09-28,SLURRY,0.0,0.0,0.0,0.0,0.0,
SS-011534-PV1,2017-09-28,SLURRY,0.0,0.0,0.0,0.0,0.0,
SS-030193-PV1,2017-09-28,SLURRY,0.0,0.0,0.0,0.0,0.0,
SS-009196-PV1,2017-09-28,SLURRY,0.0,0.0,0.0,0.0,0.0,
SS-030194-PV1,2017-09-28,SLURRY,0.0,0.0,0.0,0.0,0.0,
SS-016271-PV1,2017-09-28,SLURRY,0.0,0.0,0.0,0.0,0.0,
SS-009199-PV1,2017-09-29,SLURRY,0.0,0.0,0.0,0.0,0.0,
SS-013201-PV1,2017-09-29,OVERLAY,0.0,0.0,0.0,0.0,0.0,
SS-003048-PV1,2017-09-29,OVERLAY,0.0,0.0,0.0,0.0,0.0,
SS-009205-PV1,2017-09-29,SLURRY,0.0,0.0,0.0,0.0,0.0,
SS-003047-PV1,2017-09-29,OVERLAY,0.0,0.0,0.0,0.0,0.0,
SS-024191-PV1,2017-09-29,OVERLAY,0.0,0.0,0.0,0.0,0.0,
SS-002626-PV1,2017-09-29,OVERLAY,0.0,0.0,0.0,0.0,0.0,
SS-002627-PV1,2017-09-29,OVERLAY,0.0,0.0,0.0,0.0,0.0,
SS-002628-PV1,2017-09-29,OVERLAY,0.0,0.0,0.0,0.0,0.0,
SS-028469-PV1,2017-09-29,SLURRY,0.0,0.5,0.0,1.9199824059794068,-0.5,
SS-007830-PV1,2017-09-29,SLURRY,0.0,0.5,0.0,10.344187154557046,-0.5,
SS-007831-PV1,2017-09-29,SLURRY,0.0,0.0,0.0,0.0,0.0,
SS-009200-PV1,2017-09-29,SLURRY,0.0,0.0,0.0,0.0,0.0,
SS-030195-PV1,2017-09-29,SLURRY,0.0,0.5,0.0,3.211676487827381,-0.5,
SS-003668-PV1,2017-09-29,SLURRY,0.0,0.0,0.0,0.0,0.0,
SS-030197-PV1,2017-09-29,SLURRY,0.0,0.5,0.0,4.511814802307315,-0.5,
SS-016410-PV1,2017-09-29,SLURRY,0.0,0.0,0.0,0.0,0.0,
SS-016409-PV1,2017-09-29,SLURRY,0.0,0.0,0.0,0.0,0.0,
SS-017347-PV1,2017-09-29,SLURRY,0.0,0.0,0.0,0.0,0.0,
SS-016408-PV1,2017-09-29,SLURRY,0.0,0.0,0.0,0.0,0.0,
SS-007812-PV1,2017-09-29,SLURRY,0.0,0.0,0.0,0.0,0.0,
SS-007828-PV1,2017-09-29,SLURRY,0.0,0.0,0.0,0.0,0.0,
SS-016411-PV1,2017-09-29,SLURRY,0.0,0.5,0.0,9.865798974629575,-0.5,
SS-003807-PV1,2017-09-29,OVERLAY,0.0,0.0,0.0,0.0,0.0,
SS-019386-PV1,2017-09-29,SLURRY,0.0,0.5,0.0,3.6087231039064838,-0.5,
SS-007762-PV1,2017-09-29,SLURRY,0.0,0.0,0.0,0.0,0.0,
SS-003669-PV1,2017-09-29,SLURRY,0.0,0.0,0.0,0.0,0.0,
SS-019329-PV1,2017-09-29,SLURRY,0.0,0.5,0.0,3.8875473905279905,-0.5,
SS-008633-PV1,2017-09-29,OVERLAY,0.0,0.0,0.0,0.0,0.0,
SS-030196-PV1,2017-09-29,SLURRY,0.0,0.0,0.0,0.0,0.0,
SS-023543-PV1,2017-09-30,OVERLAY,1.0,2.5,19.745256276972096,49.363140692430235,-1.5,-150.0
SS-023542-PV1,2017-09-30,OVERLAY,0.0,0.0,0.0,0.0,0.0,
SS-023544-PV1,2017-09-30,OVERLAY,0.0,0.0,0.0,0.0,0.0,
SS-000200-PV1,2017-09-30,OVERLAY,0.0,0.0,0.0,0.0,0.0,
SS-023594-PV1,2017-09-30,OVERLAY,0.0,3.0,0.0,56.27743924861092,-3.0,
SS-027246-PV1,2017-09-30,OVERLAY,0.0,0.0,0.0,0.0,0.0,
SS-027247-PV1,2017-09-30,OVERLAY,0.0,0.5,0.0,9.46236219987018,-0.5,
SS-027235-PV1,2017-09-30,OVERLAY,0.0,0.5,0.0,7.8106092926132344,-0.5,
SS-013204-PV1,2017-10-02,OVERLAY,0.0,0.0,0.0,0.0,0.0,
SS-014117-PV1,2017-10-02,OVERLAY,0.0,0.0,0.0,0.0,0.0,
SS-013202-PV1,2017-10-02,OVERLAY,0.0,0.0,0.0,0.0,0.0,
SS-013203-PV1,2017-10-02,OVERLAY,0.0,0.0,0.0,0.0,0.0,
SS-019382-PV1,2017-10-03,SLURRY,0.0,0.0,0.0,0.0,0.0,
SS-000006-PV1,2017-10-03,OVERLAY,0.0,1.5,0.0,16.673684210526314,-1.5,
SS-011562-PV1,2017-10-03,OVERLAY,0.0,0.0,0.0,0.0,0.0,
SS-011567-PV1,2017-10-03,OVERLAY,0.0,0.0,0.0,0.0,0.0,
SS-019380-PV1,2017-10-03,SLURRY,0.0,0.0,0.0,0.0,0.0,
SS-019381-PV1,2017-10-03,SLURRY,0.0,0.0,0.0,0.0,0.0,
SS-009681-PV1,2017-10-03,CONCRETE,0.0,0.0,0.0,0.0,0.0,
SS-019383-PV1,2017-10-03,SLURRY,0.0,0.0,0.0,0.0,0.0,
SS-000009-PV1,2017-10-03,OVERLAY,1.0,2.0,7.807800347447115,15.61560069489423,-1.0,-100.0
SS-011916-PV1,2017-10-04,SLURRY,0.0,0.0,0.0,0.0,0.0,
SS-011917-PV1,2017-10-04,SLURRY,0.0,0.0,0.0,0.0,0.0,
SS-019330-PV1,2017-10-04,SLURRY,0.0,1.0,0.0,7.028581834523756,-1.0,
SS-011270-PV1,2017-10-04,SLURRY,0.0,0.5,0.0,2.8304987960730688,-0.5,
SS-019332-PV1,2017-10-04,SLURRY,0.0,0.0,0.0,0.0,0.0,
SS-001807-PV1,2017-10-04,SLURRY,0.0,0.0,0.0,0.0,0.0,
SS-019331-PV1,2017-10-04,SLURRY,0.0,0.0,0.0,0.0,0.0,
SS-014106-PV1,2017-10-04,OVERLAY,0.0,0.0,0.0,0.0,0.0,
SS-001946-PV1,2017-10-04,OVERLAY,0.0,0.0,0.0,0.0,0.0,
SS-019385-PV1,2017-10-04,SLURRY,0.0,0.0,0.0,0.0,0.0,
SS-012408-PV1,2017-10-04,SLURRY,0.0,0.0,0.0,0.0,0.0,
SS-014724-PV1,2017-10-04,SLURRY,0.0,0.0,0.0,0.0,0.0,
SS-011357-PV1,2017-10-04,SLURRY,0.0,0.0,0.0,0.0,0.0,
SS-002028-PV1,2017-10-04,OVERLAY,0.0,0.0,0.0,0.0,0.0,
SS-019565-PV1,2017-10-04,OVERLAY,0.0,0.0,0.0,0.0,0.0,
SS-014717-PV1,2017-10-04,SLURRY,0.0,0.5,0.0,10.132878889068005,-0.5,
SS-021606-PV1,2017-10-04,OVERLAY,1.0,0.0,11.33485767132648,0.0,1.0,100.0
SS-019333-PV1,2017-10-04,SLURRY,0.0,0.5,0.0,1.8603563005123729,-0.5,
SS-008186-PV1,2017-10-05,SLURRY,0.0,0.0,0.0,0.0,0.0,
SS-013003-PV1,2017-10-05,SLURRY,0.0,0.0,0.0,0.0,0.0,
SS-019384-PV1,2017-10-05,SLURRY,0.0,0.0,0.0,0.0,0.0,
SS-013002-PV1,2017-10-05,SLURRY,0.0,0.0,0.0,0.0,0.0,
SS-013957-PV1,2017-10-05,OVERLAY,0.0,1.0,0.0,7.776007394276122,-1.0,
SS-013958-PV1,2017-10-05,OVERLAY,0.0,0.0,0.0,0.0,0.0,
SS-013956-PV1,2017-10-05,OVERLAY,0.0,0.0,0.0,0.0,0.0,
SS-013955-PV1,2017-10-05,OVERLAY,0.0,0.0,0.0,0.0,0.0,
SS-004564-PV1,2017-10-05,SLURRY,0.0,0.0,0.0,0.0,0.0,
SS-011268-PV1,2017-10-05,SLURRY,0.0,0.0,0.0,0.0,0.0,
SS-011269-PV1,2017-10-05,SLURRY,0.0,0.0,0.0,0.0,0.0,
SS-005306-PV1,2017-10-06,SLURRY,0.0,0.5,0.0,10.433487701526373,-0.5,
SS-019534-PV1,2017-10-06,SLURRY,0.0,0.0,0.0,0.0,0.0,
SS-032166-PV1,2017-10-06,SLURRY,0.0,0.0,0.0,0.0,0.0,
SS-022164-PV1,2017-10-06,SLURRY,0.0,0.5,0.0,5.227722772277228,-0.5,
SS-005303-PV1,2017-10-06,SLURRY,0.0,0.0,0.0,0.0,0.0,
SS-005305-PV1,2017-10-06,SLURRY,0.0,0.0,0.0,0.0,0.0,
SS-022165-PV1,2017-10-06,SLURRY,0.0,0.0,0.0,0.0,0.0,
SS-013962-PV1,2017-10-06,OVERLAY,1.0,0.5,7.71889085970755,3.859445429853775,0.5,50.0
SS-032171-PV1,2017-10-06,SLURRY,0.0,0.0,0.0,0.0,0.0,
SS-013959-PV1,2017-10-06,OVERLAY,0.0,0.5,0.0,3.882315259881301,-0.5,
SS-032174-PV1,2017-10-06,SLURRY,0.0,0.0,0.0,0.0,0.0,
SS-012072-PV1,2017-10-06,SLURRY,0.0,0.0,0.0,0.0,0.0,
SS-032191-PV1,2017-10-06,SLURRY,0.0,0.0,0.0,0.0,0.0,
SS-032178-PV1,2017-10-06,SLURRY,0.0,0.0,0.0,0.0,0.0,
SS-032193-PV1,2017-10-06,SLURRY,0.0,0.0,0.0,0.0,0.0,
SS-032175-PV1,2017-10-06,SLURRY,0.0,0.0,0.0,0.0,0.0,
SS-032179-PV1,2017-10-06,SLURRY,0.0,0.0,0.0,0.0,0.0,
SS-013961-PV1,2017-10-06,OVERLAY,0.0,0.5,0.0,3.8936531241772996,-0.5,
SS-013963-PV1,2017-10-06,OVERLAY,0.0,1.0,0.0,7.37418632557703,-1.0,
SS-000762-PV1,2017-10-09,OVERLAY,0.0,1.0,0.0,6.131474134120887,-1.0,
SS-000734-PV1,2017-10-09,OVERLAY,0.0,1.0,0.0,7.499086048887792,-1.0,
SS-000615-PV1,2017-10-10,OVERLAY,0.0,0.0,0.0,0.0,0.0,
SS-000610-PV1,2017-10-10,OVERLAY,3.0,0.0,40.20189268683411,0.0,3.0,100.0
SS-000612-PV1,2017-10-10,OVERLAY,0.0,1.0,0.0,13.894294418519832,-1.0,
SS-000613-PV1,2017-10-10,OVERLAY,0.0,0.0,0.0,0.0,0.0,
SS-000614-PV1,2017-10-10,OVERLAY,0.0,0.0,0.0,0.0,0.0,
SS-000616-PV1,2017-10-10,OVERLAY,0.0,0.0,0.0,0.0,0.0,
SS-000611-PV1,2017-10-10,OVERLAY,0.0,0.0,0.0,0.0,0.0,
SS-009635-PV1,2017-10-11,OVERLAY,0.0,0.0,0.0,0.0,0.0,
SS-009637-PV1,2017-10-11,OVERLAY,0.0,0.0,0.0,0.0,0.0,
SS-009638-PV1,2017-10-11,OVERLAY,0.0,0.0,0.0,0.0,0.0,
SS-028706-PV1,2017-10-11,OVERLAY,0.0,0.0,0.0,0.0,0.0,
SS-013370-PV1,2017-10-11,OVERLAY,0.0,1.0,0.0,8.061058856722006,-1.0,
SS-013372-PV1,2017-10-11,OVERLAY,0.0,0.0,0.0,0.0,0.0,
SS-009640-PV1,2017-10-11,OVERLAY,0.0,0.0,0.0,0.0,0.0,
SS-000562-PV1,2017-10-12,CONCRETE,0.0,0.0,0.0,0.0,0.0,
SS-000925-PV1,2017-10-12,SLURRY,0.0,0.0,0.0,0.0,0.0,
SS-000561-PV1,2017-10-12,CONCRETE,0.0,0.0,0.0,0.0,0.0,
SS-028868-PV1,2017-10-12,SLURRY,0.0,0.0,0.0,0.0,0.0,
SS-028875-PV1,2017-10-12,SLURRY,0.0,0.0,0.0,0.0,0.0,
SS-000973-PV1,2017-10-12,SLURRY,1.0,1.0,8.352923681487832,8.352923681487832,0.0,0.0
SS-028159-PV1,2017-10-12,SLURRY,1.0,0.5,8.26932049208095,4.134660246040475,0.5,50.0
SS-026016-PV1,2017-10-12,SLURRY,0.0,0.5,0.0,3.738642280900339,-0.5,
SS-000946-PV1,2017-10-12,SLURRY,0.0,1.0,0.0,8.353383563325607,-1.0,
SS-026018-PV1,2017-10-12,SLURRY,1.0,1.5,7.774716973797435,11.662075460696153,-0.5,-50.0
SS-000935-PV1,2017-10-12,SLURRY,0.0,1.0,0.0,7.466262885136494,-1.0,
SS-000555-PV1,2017-10-12,CONCRETE,0.0,0.0,0.0,0.0,0.0,
SS-028867-PV1,2017-10-13,SLURRY,0.0,0.5,0.0,4.175186392814504,-0.5,
SS-000872-PV1,2017-10-13,SLURRY,0.0,1.5,0.0,11.662391438155456,-1.5,
SS-026014-PV1,2017-10-13,SLURRY,0.0,0.0,0.0,0.0,0.0,
SS-026022-PV1,2017-10-13,SLURRY,0.0,0.5,0.0,4.183197426953292,-0.5,
SS-020668-PV1,2017-10-13,SLURRY,0.0,0.0,0.0,0.0,0.0,
SS-000988-PV1,2017-10-13,SLURRY,0.0,0.0,0.0,0.0,0.0,
SS-020669-PV1,2017-10-13,SLURRY,0.0,0.0,0.0,0.0,0.0,
SS-000971-PV1,2017-10-13,SLURRY,0.0,0.0,0.0,0.0,0.0,
SS-014943-PV1,2017-10-16,OVERLAY,0.0,0.0,0.0,0.0,0.0,
SS-014942-PV1,2017-10-16,OVERLAY,0.0,0.0,0.0,0.0,0.0,
SS-014941-PV1,2017-10-16,OVERLAY,0.0,0.0,0.0,0.0,0.0,
SS-003811-PV1,2017-10-16,OVERLAY,0.0,0.0,0.0,0.0,0.0,
SS-029329-PV1,2017-10-17,OVERLAY,0.0,0.0,0.0,0.0,0.0,
SS-017485-PV1,2017-10-17,OVERLAY,0.0,0.0,0.0,0.0,0.0,
SS-017483-PV1,2017-10-17,OVERLAY,0.0,0.0,0.0,0.0,0.0,
SS-029334-PV1,2017-10-17,OVERLAY,0.0,0.0,0.0,0.0,0.0,
SS-029333-PV1,2017-10-17,OVERLAY,1.0,0.0,14.0016913406699,0.0,1.0,100.0
SS-027295-PV1,2017-10-17,SLURRY,1.0,0.5,7.374237820845685,3.6871189104228423,0.5,50.0
SS-027284-PV1,2017-10-17,SLURRY,0.0,0.5,0.0,3.882248463019305,-0.5,
SS-020670-PV1,2017-10-17,SLURRY,0.0,0.0,0.0,0.0,0.0,
SS-027283-PV1,2017-10-17,SLURRY,0.0,0.0,0.0,0.0,0.0,
SS-014736-PV1,2017-10-17,OVERLAY,0.0,0.0,0.0,0.0,0.0,
SS-027282-PV1,2017-10-17,SLURRY,0.0,0.0,0.0,0.0,0.0,
SS-017692-PV1,2017-10-17,OVERLAY,0.0,0.0,0.0,0.0,0.0,
SS-017482-PV1,2017-10-17,OVERLAY,0.0,0.0,0.0,0.0,0.0,
SS-017840-PV1,2017-10-18,SLURRY,0.0,0.5,0.0,3.7332438863181987,-0.5,
SS-010994-PV1,2017-10-18,SLURRY,0.0,0.0,0.0,0.0,0.0,
SS-029384-PV1,2017-10-18,OVERLAY,0.0,0.0,0.0,0.0,0.0,
SS-029379-PV1,2017-10-18,OVERLAY,0.0,0.5,0.0,8.275828343019292,-0.5,
SS-029378-PV1,2017-10-18,OVERLAY,0.0,0.5,0.0,4.1181426490295765,-0.5,
SS-026017-PV1,2017-10-18,SLURRY,0.0,0.0,0.0,0.0,0.0,
SS-000976-PV1,2017-10-18,SLURRY,0.0,0.0,0.0,0.0,0.0,
SS-017688-PV1,2017-10-18,OVERLAY,0.0,0.0,0.0,0.0,0.0,
SS-029633-PV1,2017-10-18,OVERLAY,0.0,0.5,0.0,4.916202032812296,-0.5,
SS-001055-PV1,2017-10-19,SLURRY,0.0,0.0,0.0,0.0,0.0,
SS-014058-PV1,2017-10-19,OVERLAY,0.0,3.0,0.0,18.942764151105855,-3.0,
SS-000554-PV1,2017-10-19,CONCRETE,0.0,0.0,0.0,0.0,0.0,
SS-000781-PV1,2017-10-19,OVERLAY,0.0,0.5,0.0,6.820917583937979,-0.5,
SS-013485-PV1,2017-10-19,SLURRY,0.0,0.5,0.0,3.916913946587537,-0.5,
SS-013486-PV1,2017-10-19,SLURRY,0.0,0.5,0.0,3.8709677419354835,-0.5,
SS-014364-PV1,2017-10-19,OVERLAY,0.0,0.0,0.0,0.0,0.0,
SS-017689-PV1,2017-10-19,OVERLAY,0.0,0.0,0.0,0.0,0.0,
SS-001076-PV1,2017-10-19,SLURRY,0.0,0.0,0.0,0.0,0.0,
SS-001077-PV1,2017-10-19,SLURRY,1.0,0.0,7.741935483870967,0.0,1.0,100.0
SS-014365-PV1,2017-10-19,OVERLAY,0.0,0.0,0.0,0.0,0.0,
SS-001078-PV1,2017-10-19,SLURRY,0.0,0.5,0.0,3.915435492087928,-0.5,
SS-001097-PV1,2017-10-19,SLURRY,0.0,0.0,0.0,0.0,0.0,
SS-024278-PV1,2017-10-20,OVERLAY,0.0,0.5,0.0,7.043752911551274,-0.5,
SS-030207-PV1,2017-10-20,OVERLAY,1.0,0.0,4.198714668472114,0.0,1.0,100.0
SS-030147-PV1,2017-10-20,OVERLAY,0.0,0.0,0.0,0.0,0.0,
SS-024279-PV1,2017-10-20,OVERLAY,0.0,0.0,0.0,0.0,0.0,
SS-027675-PV1,2017-10-22,SLURRY,0.0,0.0,0.0,0.0,0.0,
SS-019906-PV1,2017-10-22,SLURRY,0.0,0.5,0.0,4.086404547549109,-0.5,
SS-024972-PV1,2017-10-22,SLURRY,0.0,0.0,0.0,0.0,0.0,
SS-024973-PV1,2017-10-22,SLURRY,0.0,0.0,0.0,0.0,0.0,
SS-017474-PV1,2017-10-22,SLURRY,0.0,0.0,0.0,0.0,0.0,
SS-024971-PV1,2017-10-22,SLURRY,0.0,1.0,0.0,4.327724122012969,-1.0,
SS-023352-PV1,2017-10-23,OVERLAY,0.0,0.0,0.0,0.0,0.0,
SS-020714-PV1,2017-10-23,OVERLAY,0.0,0.0,0.0,0.0,0.0,
SS-023351-PV1,2017-10-23,OVERLAY,0.0,0.0,0.0,0.0,0.0,
SS-023353-PV1,2017-10-23,OVERLAY,0.0,0.0,0.0,0.0,0.0,
SS-010086-PV1,2017-10-23,OVERLAY,0.0,0.0,0.0,0.0,0.0,
SS-022260-PV1,2017-10-23,OVERLAY,0.0,0.0,0.0,0.0,0.0,
SS-002392-PV1,2017-10-24,OVERLAY,0.0,0.0,0.0,0.0,0.0,
SS-002393-PV1,2017-10-24,OVERLAY,0.0,0.0,0.0,0.0,0.0,
SS-002394-PV1,2017-10-24,OVERLAY,0.0,0.0,0.0,0.0,0.0,
SS-026828-PV1,2017-10-24,OVERLAY,0.0,0.0,0.0,0.0,0.0,
SS-021824-PV1,2017-10-24,OVERLAY,0.0,0.0,0.0,0.0,0.0,
SS-021827-PV1,2017-10-24,OVERLAY,0.0,0.0,0.0,0.0,0.0,
SS-021826-PV1,2017-10-24,OVERLAY,0.0,0.0,0.0,0.0,0.0,
SS-021825-PV1,2017-10-24,SLURRY,0.0,0.0,0.0,0.0,0.0,
SS-026822-PV1,2017-10-24,OVERLAY,0.0,0.0,0.0,0.0,0.0,
SS-026823-PV1,2017-10-24,OVERLAY,0.0,0.5,0.0,7.638329717182163,-0.5,
SS-021823-PV1,2017-10-24,OVERLAY,0.0,0.0,0.0,0.0,0.0,
SS-021822-PV1,2017-10-24,OVERLAY,0.0,0.5,0.0,7.672295341521766,-0.5,
SS-026824-PV1,2017-10-24,OVERLAY,0.0,0.0,0.0,0.0,0.0,
SS-026825-PV1,2017-10-24,OVERLAY,0.0,0.0,0.0,0.0,0.0,
SS-021828-PV1,2017-10-24,OVERLAY,0.0,0.0,0.0,0.0,0.0,
SS-012863-PV1,2017-10-24,OVERLAY,0.0,0.0,0.0,0.0,0.0,
SS-029016-PV1,2017-10-24,OVERLAY,0.0,0.0,0.0,0.0,0.0,
SS-029031-PV1,2017-10-24,OVERLAY,0.0,0.0,0.0,0.0,0.0,
SS-002708-PV1,2017-10-24,SLURRY,0.0,0.0,0.0,0.0,0.0,
SS-002709-PV1,2017-10-24,OVERLAY,0.0,0.0,0.0,0.0,0.0,
SS-028701-PV1,2017-10-24,OVERLAY,0.0,0.0,0.0,0.0,0.0,
SS-028702-PV1,2017-10-24,OVERLAY,0.0,0.0,0.0,0.0,0.0,
SS-028703-PV1,2017-10-24,OVERLAY,0.0,0.0,0.0,0.0,0.0,
SS-025481-PV1,2017-10-24,OVERLAY,0.0,0.0,0.0,0.0,0.0,
SS-025874-PV1,2017-10-24,OVERLAY,0.0,0.0,0.0,0.0,0.0,
SS-025873-PV1,2017-10-24,OVERLAY,0.0,0.0,0.0,0.0,0.0,
SS-020685-PV1,2017-10-24,OVERLAY,0.0,0.0,0.0,0.0,0.0,
SS-020686-PV1,2017-10-24,OVERLAY,0.0,0.0,0.0,0.0,0.0,
SS-020687-PV1,2017-10-24,OVERLAY,0.0,0.0,0.0,0.0,0.0,
SS-025872-PV1,2017-10-24,OVERLAY,0.0,0.0,0.0,0.0,0.0,
SS-025871-PV1,2017-10-24,OVERLAY,0.0,0.0,0.0,0.0,0.0,
SS-025870-PV1,2017-10-24,OVERLAY,0.0,0.0,0.0,0.0,0.0,
SS-025867-PV1,2017-10-24,OVERLAY,0.0,0.0,0.0,0.0,0.0,
SS-025931-PV1,2017-10-24,OVERLAY,0.0,0.0,0.0,0.0,0.0,
SS-025932-PV1,2017-10-24,OVERLAY,0.0,0.5,0.0,11.635204603310038,-0.5,
SS-025933-PV1,2017-10-24,OVERLAY,0.0,0.0,0.0,0.0,0.0,
SS-002704-PV1,2017-10-24,OVERLAY,0.0,0.0,0.0,0.0,0.0,
SS-029017-PV1,2017-10-24,OVERLAY,0.0,0.5,0.0,7.538493432087597,-0.5,
SS-011353-PV1,2017-10-24,OVERLAY,0.0,0.0,0.0,0.0,0.0,
SS-011341-PV1,2017-10-24,OVERLAY,0.0,0.0,0.0,0.0,0.0,
SS-011339-PV1,2017-10-24,OVERLAY,0.0,0.0,0.0,0.0,0.0,
SS-011338-PV1,2017-10-24,OVERLAY,0.0,0.0,0.0,0.0,0.0,
SS-029014-PV1,2017-10-24,OVERLAY,0.0,0.0,0.0,0.0,0.0,
SS-011337-PV1,2017-10-24,OVERLAY,0.0,0.5,0.0,7.551334054714563,-0.5,
SS-001965-PV1,2017-10-24,OVERLAY,0.0,0.0,0.0,0.0,0.0,
SS-002700-PV1,2017-10-24,OVERLAY,0.0,0.0,0.0,0.0,0.0,
SS-002702-PV1,2017-10-24,OVERLAY,0.0,0.0,0.0,0.0,0.0,
SS-029013-PV1,2017-10-24,OVERLAY,0.0,0.0,0.0,0.0,0.0,
SS-002395-PV1,2017-10-24,OVERLAY,0.0,0.0,0.0,0.0,0.0,
SS-002703-PV1,2017-10-24,OVERLAY,0.0,0.0,0.0,0.0,0.0,
SS-011219-PV1,2017-10-24,OVERLAY,0.0,0.0,0.0,0.0,0.0,
SS-011218-PV1,2017-10-24,OVERLAY,0.0,0.0,0.0,0.0,0.0,
SS-011217-PV1,2017-10-24,OVERLAY,0.0,0.0,0.0,0.0,0.0,
SS-011334-PV1,2017-10-24,OVERLAY,0.0,0.0,0.0,0.0,0.0,
SS-002401-PV1,2017-10-24,OVERLAY,0.0,0.0,0.0,0.0,0.0,
SS-029252-PV1,2017-10-24,CONCRETE,0.0,0.0,0.0,0.0,0.0,
SS-022359-PV1,2017-10-24,OVERLAY,0.0,0.0,0.0,0.0,0.0,
SS-022357-PV1,2017-10-24,OVERLAY,0.0,0.0,0.0,0.0,0.0,
SS-022360-PV1,2017-10-24,OVERLAY,0.0,0.0,0.0,0.0,0.0,
SS-007770-PV1,2017-10-24,OVERLAY,0.0,0.0,0.0,0.0,0.0,
SS-007771-PV1,2017-10-24,SLURRY,1.0,0.0,24.536091289129953,0.0,1.0,100.0
SS-008050-PV1,2017-10-24,OVERLAY,0.0,0.0,0.0,0.0,0.0,
SS-003501-PV1,2017-10-24,OVERLAY,0.0,0.0,0.0,0.0,0.0,
SS-022361-PV1,2017-10-24,OVERLAY,0.0,0.0,0.0,0.0,0.0,
SS-013428-PV1,2017-10-24,OVERLAY,0.0,0.0,0.0,0.0,0.0,
SS-022358-PV1,2017-10-24,OVERLAY,0.0,0.0,0.0,0.0,0.0,
SS-013773-PV1,2017-10-24,OVERLAY,0.0,0.0,0.0,0.0,0.0,
SS-014123-PV1,2017-10-24,OVERLAY,0.0,0.0,0.0,0.0,0.0,
SS-013778-PV1,2017-10-24,OVERLAY,0.0,0.0,0.0,0.0,0.0,
SS-013772-PV1,2017-10-24,OVERLAY,0.0,0.0,0.0,0.0,0.0,
SS-022356-PV1,2017-10-24,OVERLAY,0.0,0.0,0.0,0.0,0.0,
SS-013682-PV1,2017-10-25,OVERLAY,2.0,1.5,21.963983642655972,16.472987731991978,0.5,25.0
SS-013674-PV1,2017-10-25,OVERLAY,0.0,5.5,0.0,26.33164066704284,-5.5,
SS-013673-PV1,2017-10-25,OVERLAY,0.0,2.0,0.0,29.004757769072686,-2.0,
SS-014325-PV1,2017-10-26,OVERLAY,0.0,0.0,0.0,0.0,0.0,
SS-014324-PV1,2017-10-26,OVERLAY,0.0,0.0,0.0,0.0,0.0,
SS-013343-PV1,2017-10-26,OVERLAY,0.0,0.0,0.0,0.0,0.0,
SS-002886-PV1,2017-10-26,OVERLAY,0.0,0.0,0.0,0.0,0.0,
SS-026298-PV1,2017-10-26,OVERLAY,0.0,0.0,0.0,0.0,0.0,
SS-026256-PV1,2017-10-26,OVERLAY,0.0,0.0,0.0,0.0,0.0,
SS-015365-PV1,2017-10-26,OVERLAY,0.0,0.0,0.0,0.0,0.0,
SS-014586-PV1,2017-10-26,OVERLAY,1.0,0.0,9.834543124937253,0.0,1.0,100.0
SS-026013-PV1,2017-10-26,OVERLAY,1.0,0.5,4.795741381653093,2.3978706908265464,0.5,50.0
SS-014670-PV1,2017-10-26,OVERLAY,0.0,0.0,0.0,0.0,0.0,
SS-000933-PV1,2017-10-26,OVERLAY,0.0,0.5,0.0,9.72384286269934,-0.5,
SS-010962-PV1,2017-10-26,OVERLAY,0.0,1.0,0.0,4.85852937836773,-1.0,
SS-026797-PV1,2017-10-27,OVERLAY,0.0,0.5,0.0,2.1811261699697098,-0.5,
SS-026798-PV1,2017-10-27,OVERLAY,0.0,0.0,0.0,0.0,0.0,
SS-023639-PV1,2017-10-27,OVERLAY,0.0,0.0,0.0,0.0,0.0,
SS-004006-PV1,2017-10-27,OVERLAY,0.0,0.0,0.0,0.0,0.0,
SS-004005-PV1,2017-10-27,OVERLAY,0.0,0.0,0.0,0.0,0.0,
SS-004004-PV1,2017-10-27,OVERLAY,0.0,0.0,0.0,0.0,0.0,
SS-011354-PV1,2017-10-30,SLURRY,0.0,0.0,0.0,0.0,0.0,
SS-024387-PV1,2017-10-30,OVERLAY,0.0,0.0,0.0,0.0,0.0,
SS-029589-PV1,2017-10-30,OVERLAY,0.0,0.0,0.0,0.0,0.0,
SS-013423-PV1,2017-10-30,SLURRY,0.0,0.0,0.0,0.0,0.0,
SS-011342-PV1,2017-10-30,SLURRY,0.0,0.0,0.0,0.0,0.0,
SS-013426-PV1,2017-10-30,SLURRY,0.0,0.0,0.0,0.0,0.0,
SS-001964-PV1,2017-10-30,SLURRY,0.0,0.0,0.0,0.0,0.0,
SS-020983-PV1,2017-10-30,OVERLAY,0.0,0.0,0.0,0.0,0.0,
SS-013422-PV1,2017-10-30,SLURRY,0.0,0.0,0.0,0.0,0.0,
SS-013427-PV1,2017-10-30,SLURRY,0.0,0.0,0.0,0.0,0.0,
SS-013424-PV1,2017-10-30,SLURRY,0.0,0.0,0.0,0.0,0.0,
SS-013421-PV1,2017-10-30,SLURRY,0.0,0.0,0.0,0.0,0.0,
SS-011335-PV1,2017-10-30,SLURRY,0.0,0.5,0.0,7.599212905766305,-0.5,
SS-011336-PV1,2017-10-30,SLURRY,0.0,0.0,0.0,0.0,0.0,
SS-024892-PV1,2017-10-30,SLURRY,0.0,0.0,0.0,0.0,0.0,
SS-026827-PV1,2017-10-30,SLURRY,0.0,0.0,0.0,0.0,0.0,
SS-001478-PV1,2017-10-30,OVERLAY,1.0,0.0,8.69095459272508,0.0,1.0,100.0
SS-026821-PV1,2017-10-30,SLURRY,0.0,0.0,0.0,0.0,0.0,
SS-002686-PV1,2017-10-30,SLURRY,0.0,0.0,0.0,0.0,0.0,
SS-002658-PV1,2017-10-30,SLURRY,0.0,0.0,0.0,0.0,0.0,
SS-016778-PV1,2017-10-30,OVERLAY,0.0,0.0,0.0,0.0,0.0,
SS-013771-PV1,2017-10-30,SLURRY,0.0,0.0,0.0,0.0,0.0,
SS-012542-PV1,2017-10-31,SLURRY,0.0,0.0,0.0,0.0,0.0,
SS-017470-PV1,2017-10-31,SLURRY,0.0,1.5,0.0,13.285427513147459,-1.5,
SS-002807-PV1,2017-10-31,OVERLAY,0.0,0.0,0.0,0.0,0.0,
SS-003770-PV1,2017-10-31,SLURRY,2.0,2.0,10.286977446386436,10.286977446386436,0.0,0.0
SS-003769-PV1,2017-10-31,SLURRY,1.0,0.5,15.20177768666948,7.60088884333474,0.5,50.0
SS-017472-PV1,2017-10-31,SLURRY,0.0,0.0,0.0,0.0,0.0,
SS-013300-PV1,2017-10-31,SLURRY,0.0,0.0,0.0,0.0,0.0,
SS-005009-PV1,2017-10-31,OVERLAY,0.0,0.0,0.0,0.0,0.0,
SS-024815-PV1,2017-10-31,OVERLAY,0.0,0.0,0.0,0.0,0.0,
SS-010949-PV1,2017-10-31,SLURRY,0.0,0.0,0.0,0.0,0.0,
SS-012549-PV1,2017-10-31,SLURRY,0.0,0.5,0.0,6.367117887911231,-0.5,
SS-010956-PV1,2017-10-31,SLURRY,0.0,2.5,0.0,18.561599762411525,-2.5,
SS-003768-PV1,2017-10-31,SLURRY,1.0,3.5,3.48786329266978,12.20752152434423,-2.5,-250.0
SS-005010-PV1,2017-10-31,OVERLAY,0.0,0.0,0.0,0.0,0.0,
SS-017473-PV1,2017-10-31,SLURRY,0.0,0.0,0.0,0.0,0.0,
SS-011265-PV1,2017-10-31,OVERLAY,0.0,0.5,0.0,3.890520746201879,-0.5,
SS-013301-PV1,2017-10-31,SLURRY,0.0,1.0,0.0,7.133466482367436,-1.0,
SS-002805-PV1,2017-10-31,OVERLAY,0.0,0.0,0.0,0.0,0.0,
SS-002806-PV1,2017-10-31,OVERLAY,0.0,1.0,0.0,21.63568215707751,-1.0,
SS-007923-PV1,2017-10-31,OVERLAY,0.0,0.0,0.0,0.0,0.0,
SS-007924-PV1,2017-10-31,OVERLAY,0.0,0.0,0.0,0.0,0.0,
SS-027676-PV1,2017-10-31,SLURRY,0.0,0.5,0.0,1.0639537779789616,-0.5,
SS-005006-PV1,2017-10-31,OVERLAY,0.0,0.0,0.0,0.0,0.0,
SS-018219-PV1,2017-10-31,SLURRY,0.0,0.0,0.0,0.0,0.0,
SS-004960-PV1,2017-10-31,OVERLAY,0.0,0.5,0.0,1.7946530758858177,-0.5,
SS-012333-PV1,2017-10-31,OVERLAY,0.0,0.0,0.0,0.0,0.0,
SS-013676-PV1,2017-10-31,SLURRY,3.0,1.5,25.6952520397634,12.8476260198817,1.5,50.0
SS-013677-PV1,2017-10-31,SLURRY,1.0,1.0,8.703373694679387,8.703373694679387,0.0,0.0
SS-013672-PV1,2017-10-31,SLURRY,2.0,3.0,10.117963380446058,15.176945070669086,-1.0,-50.0
SS-013670-PV1,2017-10-31,SLURRY,0.0,0.0,0.0,0.0,0.0,
SS-013669-PV1,2017-10-31,SLURRY,0.0,3.0,0.0,16.87920901298612,-3.0,
SS-005008-PV1,2017-10-31,OVERLAY,1.0,0.0,33.63427944607909,0.0,1.0,100.0
SS-025771-PV1,2017-10-31,SLURRY,0.0,0.0,0.0,0.0,0.0,
SS-012332-PV1,2017-10-31,OVERLAY,0.0,0.0,0.0,0.0,0.0,
SS-005007-PV1,2017-10-31,OVERLAY,0.0,0.0,0.0,0.0,0.0,
SS-017471-PV1,2017-10-31,SLURRY,0.0,0.5,0.0,4.363636363636364,-0.5,
SS-019911-PV1,2017-11-01,OVERLAY,0.0,0.0,0.0,0.0,0.0,
SS-019912-PV1,2017-11-01,OVERLAY,0.0,0.0,0.0,0.0,0.0,
SS-005005-PV1,2017-11-01,OVERLAY,1.0,0.5,21.378361777756542,10.689180888878271,0.5,50.0
SS-005004-PV1,2017-11-01,OVERLAY,0.0,0.0,0.0,0.0,0.0,
SS-005003-PV1,2017-11-01,OVERLAY,0.0,0.0,0.0,0.0,0.0,
SS-005002-PV1,2017-11-01,OVERLAY,0.0,0.0,0.0,0.0,0.0,
SS-008620-PV1,2017-11-01,OVERLAY,0.0,0.0,0.0,0.0,0.0,
SS-027029-PV1,2017-11-01,SLURRY,0.0,0.0,0.0,0.0,0.0,
SS-027030-PV1,2017-11-01,SLURRY,0.0,0.0,0.0,0.0,0.0,
SS-007887-PV1,2017-11-01,OVERLAY,0.0,1.0,0.0,6.175944951743997,-1.0,
SS-007886-PV1,2017-11-01,OVERLAY,0.0,0.0,0.0,0.0,0.0,
SS-024816-PV1,2017-11-01,OVERLAY,0.0,0.5,0.0,2.380182599675105,-0.5,
SS-000797-PV1,2017-11-01,OVERLAY,1.0,1.0,8.058770414788578,8.058770414788578,0.0,0.0
SS-017720-PV1,2017-11-02,SLURRY,0.0,0.0,0.0,0.0,0.0,
SS-007890-PV1,2017-11-02,OVERLAY,0.0,0.0,0.0,0.0,0.0,
SS-007889-PV1,2017-11-02,OVERLAY,0.0,0.0,0.0,0.0,0.0,
SS-014880-PV1,2017-11-02,OVERLAY,0.0,0.0,0.0,0.0,0.0,
SS-012681-PV1,2017-11-02,OVERLAY,0.0,0.0,0.0,0.0,0.0,
SS-012682-PV1,2017-11-02,OVERLAY,0.0,0.0,0.0,0.0,0.0,
SS-000721-PV1,2017-11-02,OVERLAY,0.0,0.5,0.0,7.065460150135674,-0.5,
SS-000720-PV1,2017-11-02,OVERLAY,0.0,1.0,0.0,13.74925882901625,-1.0,
SS-017719-PV1,2017-11-02,SLURRY,0.0,0.0,0.0,0.0,0.0,
SS-004721-PV1,2017-11-02,OVERLAY,0.0,0.0,0.0,0.0,0.0,
SS-018647-PV1,2017-11-02,SLURRY,0.0,0.0,0.0,0.0,0.0,
SS-018648-PV1,2017-11-02,SLURRY,0.0,0.5,0.0,3.993656137735149,-0.5,
SS-012933-PV1,2017-11-02,OVERLAY,0.0,0.0,0.0,0.0,0.0,
SS-012935-PV1,2017-11-02,OVERLAY,0.0,1.0,0.0,3.483977990232985,-1.0,
SS-021601-PV1,2017-11-03,SLURRY,0.0,0.0,0.0,0.0,0.0,
SS-021602-PV1,2017-11-03,SLURRY,0.0,0.0,0.0,0.0,0.0,
SS-028759-PV1,2017-11-03,SLURRY,0.0,0.5,0.0,8.198599902734793,-0.5,
SS-005989-PV1,2017-11-03,SLURRY,1.0,0.5,7.79910336899109,3.899551684495545,0.5,50.0
SS-005985-PV1,2017-11-03,SLURRY,0.0,0.5,0.0,3.873584399314904,-0.5,
SS-010484-PV1,2017-11-03,SLURRY,0.0,1.0,0.0,9.513376383763838,-1.0,
SS-010485-PV1,2017-11-03,SLURRY,1.0,1.0,7.696588807702186,7.696588807702186,0.0,0.0
SS-030411-PV1,2017-11-06,OVERLAY,0.0,0.5,0.0,6.9581242162226555,-0.5,
SS-016093-PV1,2017-11-06,OVERLAY,0.0,0.0,0.0,0.0,0.0,
SS-028752-PV1,2017-11-06,SLURRY,0.0,0.0,0.0,0.0,0.0,
SS-028748-PV1,2017-11-06,SLURRY,0.0,0.0,0.0,0.0,0.0,
SS-009243-PV1,2017-11-06,OVERLAY,0.0,0.0,0.0,0.0,0.0,
SS-028751-PV1,2017-11-06,SLURRY,0.0,0.0,0.0,0.0,0.0,
SS-009244-PV1,2017-11-06,OVERLAY,0.0,0.0,0.0,0.0,0.0,
SS-001231-PV1,2017-11-06,OVERLAY,0.0,0.0,0.0,0.0,0.0,
SS-002474-PV1,2017-11-06,OVERLAY,0.0,0.0,0.0,0.0,0.0,
SS-028749-PV1,2017-11-06,SLURRY,0.0,0.0,0.0,0.0,0.0,
SS-023142-PV1,2017-11-07,SLURRY,0.0,0.0,0.0,0.0,0.0,
SS-027961-PV1,2017-11-07,OVERLAY,0.0,0.0,0.0,0.0,0.0,
SS-027960-PV1,2017-11-07,OVERLAY,1.0,0.5,12.58756162958382,6.29378081479191,0.5,50.0
SS-027958-PV1,2017-11-07,OVERLAY,0.0,0.0,0.0,0.0,0.0,
SS-027955-PV1,2017-11-07,OVERLAY,0.0,0.5,0.0,10.441311523648384,-0.5,
SS-007376-PV1,2017-11-07,SLURRY,0.0,0.5,0.0,3.899518852548852,-0.5,
SS-002476-PV1,2017-11-07,OVERLAY,0.0,0.0,0.0,0.0,0.0,
SS-002475-PV1,2017-11-07,OVERLAY,0.0,0.0,0.0,0.0,0.0,
SS-017711-PV1,2017-11-07,SLURRY,0.0,0.0,0.0,0.0,0.0,
SS-027515-PV1,2017-11-07,SLURRY,0.0,0.0,0.0,0.0,0.0,
SS-027516-PV1,2017-11-07,SLURRY,0.0,0.0,0.0,0.0,0.0,
SS-017721-PV1,2017-11-07,SLURRY,0.0,0.0,0.0,0.0,0.0,
SS-017722-PV1,2017-11-07,SLURRY,0.0,0.0,0.0,0.0,0.0,
SS-023141-PV1,2017-11-07,SLURRY,1.0,1.0,13.894254199590963,13.894254199590963,0.0,0.0
SS-023137-PV1,2017-11-07,SLURRY,1.0,0.0,7.000203377120844,0.0,1.0,100.0
SS-023139-PV1,2017-11-07,SLURRY,0.0,0.0,0.0,0.0,0.0,
SS-023140-PV1,2017-11-07,SLURRY,0.0,0.0,0.0,0.0,0.0,
SS-023138-PV1,2017-11-07,SLURRY,1.0,1.5,13.678572205763032,20.51785830864455,-0.5,-50.0
SS-027522-PV1,2017-11-07,SLURRY,1.0,0.0,13.968161586232895,0.0,1.0,100.0
SS-027521-PV1,2017-11-07,SLURRY,0.0,0.0,0.0,0.0,0.0,
SS-007377-PV1,2017-11-07,SLURRY,0.0,0.0,0.0,0.0,0.0,
SS-028728-PV1,2017-11-08,SLURRY,0.0,0.0,0.0,0.0,0.0,
SS-021664-PV1,2017-11-08,SLURRY,0.0,0.5,0.0,8.301722324369045,-0.5,
SS-021665-PV1,2017-11-08,SLURRY,0.0,0.0,0.0,0.0,0.0,
SS-028729-PV1,2017-11-08,SLURRY,0.0,0.0,0.0,0.0,0.0,
SS-010487-PV1,2017-11-08,SLURRY,0.0,0.0,0.0,0.0,0.0,
SS-028730-PV1,2017-11-08,SLURRY,0.0,0.0,0.0,0.0,0.0,
SS-029463-PV1,2017-11-09,SLURRY,1.0,0.0,15.808241243342126,0.0,1.0,100.0
SS-029460-PV1,2017-11-09,SLURRY,0.0,0.0,0.0,0.0,0.0,
SS-029453-PV1,2017-11-09,SLURRY,0.0,0.0,0.0,0.0,0.0,
SS-029454-PV1,2017-11-09,SLURRY,0.0,0.5,0.0,10.19236151997452,-0.5,
SS-029461-PV1,2017-11-09,SLURRY,0.0,0.0,0.0,0.0,0.0,
SS-029462-PV1,2017-11-09,SLURRY,0.0,0.5,0.0,8.301466498079813,-0.5,
SS-008274-PV1,2017-11-10,SLURRY,0.0,0.0,0.0,0.0,0.0,
SS-021007-PV1,2017-11-10,SLURRY,0.0,0.5,0.0,5.561809079526917,-0.5,
SS-021008-PV1,2017-11-10,SLURRY,0.0,0.0,0.0,0.0,0.0,
SS-015727-PV1,2017-11-10,SLURRY,0.0,0.5,0.0,5.365754413891938,-0.5,
SS-005247-PV1,2017-11-13,SLURRY,0.0,0.0,0.0,0.0,0.0,
SS-005248-PV1,2017-11-13,SLURRY,0.0,0.0,0.0,0.0,0.0,
SS-014539-PV1,2017-11-13,SLURRY,0.0,0.5,0.0,4.809982024514146,-0.5,
SS-029598-PV1,2017-11-13,SLURRY,1.0,0.5,8.173547952951942,4.086773976475971,0.5,50.0
SS-015688-PV1,2017-11-13,OVERLAY,0.0,0.0,0.0,0.0,0.0,
SS-022464-PV1,2017-11-13,SLURRY,1.0,0.0,7.499244749356918,0.0,1.0,100.0
SS-017221-PV1,2017-11-13,SLURRY,0.0,0.0,0.0,0.0,0.0,
SS-011221-PV1,2017-11-13,SLURRY,0.0,1.0,0.0,10.931652122531398,-1.0,
SS-000992-PV1,2017-11-13,SLURRY,0.0,0.0,0.0,0.0,0.0,
SS-014620-PV1,2017-11-14,OVERLAY,0.0,0.0,0.0,0.0,0.0,
SS-027367-PV1,2017-11-14,SLURRY,0.0,0.0,0.0,0.0,0.0,
SS-015918-PV1,2017-11-14,OVERLAY,0.0,0.5,0.0,3.895822748328817,-0.5,
SS-015917-PV1,2017-11-14,OVERLAY,0.0,1.5,0.0,29.033364908339614,-1.5,
SS-015916-PV1,2017-11-14,OVERLAY,0.0,0.0,0.0,0.0,0.0,
SS-005246-PV1,2017-11-14,SLURRY,0.0,0.0,0.0,0.0,0.0,
SS-020526-PV1,2017-11-14,OVERLAY,0.0,0.0,0.0,0.0,0.0,
SS-020527-PV1,2017-11-14,OVERLAY,0.0,0.0,0.0,0.0,0.0,
SS-014619-PV1,2017-11-14,OVERLAY,0.0,1.0,0.0,7.8563689112768955,-1.0,
SS-029609-PV1,2017-11-14,SLURRY,0.0,0.0,0.0,0.0,0.0,
SS-029611-PV1,2017-11-14,SLURRY,0.0,0.0,0.0,0.0,0.0,
SS-017693-PV1,2017-11-14,SLURRY,1.0,0.5,14.748146077035043,7.374073038517522,0.5,50.0
SS-017687-PV1,2017-11-14,SLURRY,0.0,0.0,0.0,0.0,0.0,
SS-020184-PV1,2017-11-14,OVERLAY,0.0,0.5,0.0,8.444406060780532,-0.5,
SS-020528-PV1,2017-11-14,OVERLAY,0.0,0.5,0.0,7.538052173029136,-0.5,
SS-031312-PV1,2017-11-14,SLURRY,0.0,0.0,0.0,0.0,0.0,
SS-000987-PV1,2017-11-14,SLURRY,0.0,0.5,0.0,3.7497581832080713,-0.5,
SS-017220-PV1,2017-11-14,SLURRY,0.0,1.0,0.0,18.990858850801267,-1.0,
SS-022758-PV1,2017-11-14,SLURRY,1.0,1.0,7.499210665468307,7.499210665468307,0.0,0.0
SS-029353-PV1,2017-11-15,SLURRY,0.0,0.0,0.0,0.0,0.0,
SS-029354-PV1,2017-11-15,SLURRY,0.0,0.0,0.0,0.0,0.0,
SS-029355-PV1,2017-11-15,SLURRY,0.0,0.5,0.0,6.90929637976424,-0.5,
SS-029356-PV1,2017-11-15,SLURRY,0.0,0.0,0.0,0.0,0.0,
SS-027368-PV1,2017-11-15,SLURRY,0.0,0.0,0.0,0.0,0.0,
SS-020481-PV1,2017-11-16,OVERLAY,0.0,0.5,0.0,4.527854537870701,-0.5,
SS-011364-PV1,2017-11-16,OVERLAY,0.0,0.0,0.0,0.0,0.0,
SS-011365-PV1,2017-11-16,OVERLAY,0.0,1.5,0.0,13.583463436729444,-1.5,
SS-020480-PV1,2017-11-16,OVERLAY,0.0,0.5,0.0,4.565855460581535,-0.5,
SS-020479-PV1,2017-11-16,OVERLAY,0.0,0.5,0.0,4.571602727722961,-0.5,
SS-011363-PV1,2017-11-16,OVERLAY,0.0,0.0,0.0,0.0,0.0,
SS-011360-PV1,2017-11-16,OVERLAY,0.0,0.5,0.0,8.080887232443049,-0.5,
SS-011362-PV1,2017-11-16,OVERLAY,0.0,0.0,0.0,0.0,0.0,
SS-011359-PV1,2017-11-16,OVERLAY,0.0,0.0,0.0,0.0,0.0,
SS-011358-PV1,2017-11-16,OVERLAY,0.0,0.0,0.0,0.0,0.0,
SS-011361-PV1,2017-11-16,OVERLAY,0.0,0.0,0.0,0.0,0.0,
SS-008480-PV1,2017-11-17,CONCRETE,0.0,0.0,0.0,0.0,0.0,
SS-020313-PV1,2017-11-17,SLURRY,3.0,1.5,22.404326524388818,11.202163262194409,1.5,50.0
SS-020312-PV1,2017-11-17,SLURRY,1.0,2.5,7.975748889588445,19.939372223971112,-1.5,-150.0
SS-008481-PV1,2017-11-17,CONCRETE,0.0,0.0,0.0,0.0,0.0,
SS-008482-PV1,2017-11-17,CONCRETE,0.0,0.0,0.0,0.0,0.0,
SS-023608-PV1,2017-11-17,OVERLAY,0.0,0.0,0.0,0.0,0.0,
SS-003943-PV1,2017-11-20,OVERLAY,0.0,0.0,0.0,0.0,0.0,
SS-029992-PV1,2017-11-20,OVERLAY,0.0,0.0,0.0,0.0,0.0,
SS-015231-PV1,2017-11-20,SLURRY,0.0,0.0,0.0,0.0,0.0,
SS-016769-PV1,2017-11-20,SLURRY,0.0,0.5,0.0,3.8316400580551524,-0.5,
SS-016106-PV1,2017-11-20,SLURRY,0.0,0.0,0.0,0.0,0.0,
SS-007082-PV1,2017-11-20,OVERLAY,0.0,0.0,0.0,0.0,0.0,
SS-029559-PV1,2017-11-20,SLURRY,0.0,0.0,0.0,0.0,0.0,
SS-010842-PV1,2017-11-20,OVERLAY,0.0,0.0,0.0,0.0,0.0,
SS-028866-PV1,2017-11-20,OVERLAY,1.0,1.5,7.456198014024713,11.184297021037068,-0.5,-50.0
SS-028876-PV1,2017-11-20,OVERLAY,0.0,0.0,0.0,0.0,0.0,
SS-029560-PV1,2017-11-20,SLURRY,0.0,0.0,0.0,0.0,0.0,
SS-007081-PV1,2017-11-20,OVERLAY,0.0,0.0,0.0,0.0,0.0,
SS-029557-PV1,2017-11-20,SLURRY,0.0,0.0,0.0,0.0,0.0,
SS-029558-PV1,2017-11-20,SLURRY,0.0,0.0,0.0,0.0,0.0,
SS-016280-PV1,2017-11-20,SLURRY,0.0,0.0,0.0,0.0,0.0,
SS-010841-PV1,2017-11-20,OVERLAY,0.0,0.0,0.0,0.0,0.0,
SS-004776-PV1,2017-11-20,SLURRY,0.0,0.0,0.0,0.0,0.0,
SS-004775-PV1,2017-11-20,SLURRY,0.0,0.0,0.0,0.0,0.0,
SS-016281-PV1,2017-11-20,SLURRY,0.0,0.0,0.0,0.0,0.0,
SS-026332-PV1,2017-11-21,SLURRY,1.0,0.5,7.67482130966465,3.837410654832325,0.5,50.0
SS-026428-PV1,2017-11-21,SLURRY,0.0,1.0,0.0,13.893007528273456,-1.0,
SS-002534-PV1,2017-11-21,SLURRY,0.0,0.0,0.0,0.0,0.0,
SS-000951-PV1,2017-11-21,SLURRY,0.0,0.0,0.0,0.0,0.0,
SS-000824-PV1,2017-11-21,OVERLAY,0.0,1.0,0.0,8.392196592291356,-1.0,
SS-000839-PV1,2017-11-21,OVERLAY,0.0,0.5,0.0,3.7439432145921887,-0.5,
SS-000856-PV1,2017-11-21,OVERLAY,0.0,0.0,0.0,0.0,0.0,
SS-006815-PV1,2017-11-21,SLURRY,0.0,0.5,0.0,3.875946230055027,-0.5,
SS-006816-PV1,2017-11-21,SLURRY,0.0,1.0,0.0,7.7524683829966055,-1.0,
SS-009602-PV1,2017-11-21,SLURRY,0.0,0.0,0.0,0.0,0.0,
SS-002717-PV1,2017-11-21,SLURRY,0.0,0.5,0.0,3.8879653334872804,-0.5,
SS-013344-PV1,2017-11-21,SLURRY,0.0,0.0,0.0,0.0,0.0,
SS-026426-PV1,2017-11-21,SLURRY,0.0,0.0,0.0,0.0,0.0,
SS-013345-PV1,2017-11-21,SLURRY,0.0,0.0,0.0,0.0,0.0,
SS-017992-PV1,2017-11-21,SLURRY,0.0,0.0,0.0,0.0,0.0,
SS-004774-PV1,2017-11-21,SLURRY,0.0,0.0,0.0,0.0,0.0,
SS-011646-PV1,2017-11-21,SLURRY,0.0,0.0,0.0,0.0,0.0,
SS-012851-PV1,2017-11-21,SLURRY,0.0,0.0,0.0,0.0,0.0,
SS-012852-PV1,2017-11-21,SLURRY,1.0,0.0,7.193460490463216,0.0,1.0,100.0
SS-018139-PV1,2017-11-21,OVERLAY,0.0,0.0,0.0,0.0,0.0,
SS-019709-PV1,2017-11-22,OVERLAY,0.0,1.5,0.0,9.20877014433003,-1.5,
SS-019718-PV1,2017-11-22,OVERLAY,2.0,1.0,13.679068331091486,6.839534165545743,1.0,50.0
SS-019720-PV1,2017-11-22,OVERLAY,0.0,0.5,0.0,2.030878585770003,-0.5,
SS-009598-PV1,2017-11-22,SLURRY,0.0,0.0,0.0,0.0,0.0,
SS-009599-PV1,2017-11-22,SLURRY,0.0,0.0,0.0,0.0,0.0,
SS-009065-PV1,2017-11-22,SLURRY,1.0,0.0,9.60279263142501,0.0,1.0,100.0
SS-009066-PV1,2017-11-22,SLURRY,0.0,0.0,0.0,0.0,0.0,
SS-000945-PV1,2017-11-22,OVERLAY,0.0,2.0,0.0,14.926259191098524,-2.0,
SS-009262-PV1,2017-11-22,SLURRY,0.0,0.0,0.0,0.0,0.0,
SS-004773-PV1,2017-11-22,SLURRY,0.0,0.0,0.0,0.0,0.0,
SS-001957-PV1,2017-11-22,SLURRY,0.0,0.0,0.0,0.0,0.0,
SS-000964-PV1,2017-11-22,OVERLAY,0.0,0.0,0.0,0.0,0.0,
SS-001956-PV1,2017-11-22,SLURRY,0.0,0.0,0.0,0.0,0.0,
SS-001950-PV1,2017-11-22,SLURRY,1.0,2.0,7.776141384388807,15.552282768777614,-1.0,-100.0
SS-013346-PV1,2017-11-22,SLURRY,0.0,0.0,0.0,0.0,0.0,
SS-027290-PV1,2017-11-22,SLURRY,0.0,0.5,0.0,6.9469790245967795,-0.5,
SS-009067-PV1,2017-11-22,SLURRY,0.0,0.0,0.0,0.0,0.0,
SS-009260-PV1,2017-11-22,SLURRY,0.0,0.0,0.0,0.0,0.0,
SS-002817-PV1,2017-11-22,SLURRY,0.0,0.0,0.0,0.0,0.0,
SS-009259-PV1,2017-11-22,SLURRY,1.0,1.0,5.964661414526232,5.964661414526232,0.0,0.0
SS-009623-PV1,2017-11-22,SLURRY,0.0,0.0,0.0,0.0,0.0,
SS-002816-PV1,2017-11-22,SLURRY,0.0,0.0,0.0,0.0,0.0,
SS-009620-PV1,2017-11-22,SLURRY,0.0,0.0,0.0,0.0,0.0,
SS-009622-PV1,2017-11-22,SLURRY,0.0,0.0,0.0,0.0,0.0,
SS-009255-PV1,2017-11-22,SLURRY,0.0,0.5,0.0,8.433111847020797,-0.5,
SS-009254-PV1,2017-11-22,SLURRY,0.0,0.0,0.0,0.0,0.0,
SS-028872-PV1,2017-11-22,OVERLAY,0.0,0.0,0.0,0.0,0.0,
SS-014633-PV1,2017-11-28,OVERLAY,1.0,0.5,14.238019232651661,7.1190096163258305,0.5,50.0
SS-003412-PV1,2017-11-28,OVERLAY,0.0,2.5,0.0,22.23908873649123,-2.5,
SS-014632-PV1,2017-11-28,OVERLAY,1.0,2.0,13.883900092717106,27.76780018543421,-1.0,-100.0
SS-003411-PV1,2017-11-28,OVERLAY,4.0,0.5,35.53471330956725,4.4418391636959065,3.5,87.5
SS-014634-PV1,2017-11-28,OVERLAY,0.0,0.0,0.0,0.0,0.0,
SS-014631-PV1,2017-11-28,OVERLAY,0.0,0.0,0.0,0.0,0.0,
SS-002077-PV1,2017-11-28,OVERLAY,0.0,0.5,0.0,16.295059078847714,-0.5,
SS-026304-PV1,2017-11-28,OVERLAY,0.0,0.0,0.0,0.0,0.0,
SS-026305-PV1,2017-11-28,OVERLAY,0.0,0.0,0.0,0.0,0.0,
SS-003410-PV1,2017-11-28,OVERLAY,1.0,1.0,8.863655821558492,8.863655821558492,0.0,0.0
SS-000980-PV1,2017-11-29,OVERLAY,0.0,0.5,0.0,3.8990425635141484,-0.5,
SS-000981-PV1,2017-11-29,OVERLAY,0.0,0.5,0.0,22.78873718457237,-0.5,
SS-009627-PV1,2017-11-29,OVERLAY,0.0,0.0,0.0,0.0,0.0,
SS-009626-PV1,2017-11-29,OVERLAY,0.0,0.5,0.0,6.964482720960086,-0.5,
SS-021919-PV1,2017-11-30,SLURRY,0.0,0.5,0.0,1.6038544023403638,-0.5,
SS-021925-PV1,2017-11-30,SLURRY,0.0,0.0,0.0,0.0,0.0,
SS-027168-PV1,2017-11-30,OVERLAY,1.0,7.0,8.195361270305831,57.36752889214082,-6.0,-600.0
SS-022435-PV1,2017-11-30,OVERLAY,0.0,0.0,0.0,0.0,0.0,
SS-021923-PV1,2017-11-30,SLURRY,0.0,0.0,0.0,0.0,0.0,
SS-021920-PV1,2017-11-30,SLURRY,0.0,0.5,0.0,1.8236217874726302,-0.5,
SS-008908-PV1,2017-11-30,OVERLAY,0.0,0.0,0.0,0.0,0.0,
SS-022436-PV1,2017-11-30,OVERLAY,0.0,0.0,0.0,0.0,0.0,
SS-021924-PV1,2017-11-30,SLURRY,0.0,0.0,0.0,0.0,0.0,
SS-010502-PV1,2017-12-01,OVERLAY,0.0,0.0,0.0,0.0,0.0,
SS-001747-PV1,2017-12-01,OVERLAY,0.0,0.0,0.0,0.0,0.0,
SS-001365-PV1,2017-12-01,OVERLAY,1.0,0.5,6.054645931644882,3.027322965822441,0.5,50.0
SS-001354-PV1,2017-12-01,OVERLAY,0.0,0.0,0.0,0.0,0.0,
SS-010501-PV1,2017-12-01,OVERLAY,0.0,0.0,0.0,0.0,0.0,
SS-026480-PV1,2017-12-01,SLURRY,0.0,0.0,0.0,0.0,0.0,
SS-001746-PV1,2017-12-01,OVERLAY,0.0,0.5,0.0,8.65276172227978,-0.5,
SS-030144-PV1,2017-12-01,SLURRY,1.0,0.0,9.495719732393354,0.0,1.0,100.0
SS-001748-PV1,2017-12-01,OVERLAY,0.0,0.0,0.0,0.0,0.0,
SS-029069-PV1,2017-12-01,SLURRY,0.0,0.0,0.0,0.0,0.0,
SS-017173-PV1,2017-12-01,OVERLAY,0.0,0.0,0.0,0.0,0.0,
SS-017174-PV1,2017-12-01,OVERLAY,0.0,0.0,0.0,0.0,0.0,
SS-001400-PV1,2017-12-01,OVERLAY,0.0,0.5,0.0,3.4645396492941,-0.5,
SS-029070-PV1,2017-12-01,SLURRY,0.0,1.5,0.0,26.756756756756758,-1.5,
SS-012488-PV1,2017-12-04,OVERLAY,2.0,5.5,11.053561413524408,30.397293887192124,-3.5,-175.0
SS-011366-PV1,2017-12-04,OVERLAY,0.0,0.5,0.0,8.951452610535181,-0.5,
SS-011367-PV1,2017-12-04,OVERLAY,0.0,0.5,0.0,9.248062460853372,-0.5,
SS-011368-PV1,2017-12-04,OVERLAY,0.0,0.0,0.0,0.0,0.0,
SS-012490-PV1,2017-12-04,OVERLAY,0.0,0.5,0.0,4.560103721631922,-0.5,
SS-012491-PV1,2017-12-04,OVERLAY,2.0,4.5,18.31697525681926,41.21319432784333,-2.5,-125.0
SS-012489-PV1,2017-12-04,OVERLAY,0.0,4.5,0.0,40.7675975840051,-4.5,
SS-012492-PV1,2017-12-04,OVERLAY,1.0,6.5,9.120134977997674,59.28087735698488,-5.5,-550.0
SS-012493-PV1,2017-12-04,OVERLAY,0.0,3.5,0.0,31.827420976543813,-3.5,
SS-012494-PV1,2017-12-04,OVERLAY,2.0,4.5,17.96944581616508,40.43125308637143,-2.5,-125.0
SS-012862-PV1,2017-12-04,SLURRY,0.0,0.0,0.0,0.0,0.0,
SS-005333-PV1,2017-12-04,SLURRY,0.0,0.0,0.0,0.0,0.0,
SS-014485-PV1,2017-12-05,SLURRY,3.0,0.5,23.056768558951962,3.842794759825327,2.5,83.33333333333334
SS-031469-PV1,2017-12-05,SLURRY,0.0,0.0,0.0,0.0,0.0,
SS-005334-PV1,2017-12-05,SLURRY,0.0,0.0,0.0,0.0,0.0,
SS-005335-PV1,2017-12-05,SLURRY,0.0,0.0,0.0,0.0,0.0,
SS-012280-PV1,2017-12-06,SLURRY,0.0,0.0,0.0,0.0,0.0,
SS-012281-PV1,2017-12-06,SLURRY,0.0,0.0,0.0,0.0,0.0,
SS-028511-PV1,2017-12-06,OVERLAY,0.0,2.0,0.0,24.425006210335386,-2.0,
SS-028512-PV1,2017-12-06,OVERLAY,0.0,0.0,0.0,0.0,0.0,
SS-007585-PV1,2017-12-06,OVERLAY,0.0,1.5,0.0,38.90081618038191,-1.5,
SS-028516-PV1,2017-12-06,OVERLAY,0.0,0.0,0.0,0.0,0.0,
SS-028528-PV1,2017-12-06,OVERLAY,0.0,2.5,0.0,253.42507833138785,-2.5,
SS-007554-PV1,2017-12-06,OVERLAY,1.0,3.0,55.640737872057926,166.92221361617376,-2.0,-200.0
SS-028522-PV1,2017-12-06,OVERLAY,0.0,1.5,0.0,9.974811083123425,-1.5,
SS-028525-PV1,2017-12-06,OVERLAY,2.0,3.5,15.287038024914688,26.752316543600703,-1.5,-75.0
SS-028526-PV1,2017-12-06,OVERLAY,0.0,0.0,0.0,0.0,0.0,
SS-028527-PV1,2017-12-06,OVERLAY,0.0,0.0,0.0,0.0,0.0,
SS-026491-PV1,2017-12-06,OVERLAY,0.0,0.5,0.0,2.678169811791616,-0.5,
SS-028530-PV1,2017-12-06,OVERLAY,0.0,0.0,0.0,0.0,0.0,
SS-028529-PV1,2017-12-06,OVERLAY,0.0,0.0,0.0,0.0,0.0,
SS-028535-PV1,2017-12-06,OVERLAY,0.0,0.0,0.0,0.0,0.0,
SS-007555-PV1,2017-12-06,OVERLAY,0.0,0.0,0.0,0.0,0.0,
SS-007556-PV1,2017-12-07,OVERLAY,0.0,1.5,0.0,13.923649177485037,-1.5,
SS-030238-PV1,2017-12-07,SLURRY,0.0,0.5,0.0,10.476190476190476,-0.5,
SS-009394-PV1,2017-12-07,OVERLAY,0.0,0.0,0.0,0.0,0.0,
SS-014980-PV1,2017-12-07,SLURRY,0.0,0.0,0.0,0.0,0.0,
SS-014486-PV1,2017-12-07,SLURRY,0.0,0.0,0.0,0.0,0.0,
SS-030239-PV1,2017-12-07,SLURRY,0.0,0.0,0.0,0.0,0.0,
SS-014968-PV1,2017-12-07,SLURRY,0.0,1.0,0.0,3.765713294565505,-1.0,
SS-030450-PV1,2017-12-07,SLURRY,0.0,0.0,0.0,0.0,0.0,
SS-014969-PV1,2017-12-07,SLURRY,0.0,0.0,0.0,0.0,0.0,
SS-014979-PV1,2017-12-07,SLURRY,2.0,6.0,5.69173437279351,17.075203118380532,-4.0,-200.0
SS-031334-PV1,2017-12-07,SLURRY,0.0,0.0,0.0,0.0,0.0,
SS-015140-PV1,2017-12-08,SLURRY,0.0,0.0,0.0,0.0,0.0,
SS-015139-PV1,2017-12-08,SLURRY,0.0,0.0,0.0,0.0,0.0,
SS-015138-PV1,2017-12-08,SLURRY,0.0,0.0,0.0,0.0,0.0,
SS-024286-PV1,2017-12-08,SLURRY,0.0,0.0,0.0,0.0,0.0,
SS-024285-PV1,2017-12-08,SLURRY,0.0,0.0,0.0,0.0,0.0,
SS-007188-PV1,2017-12-11,SLURRY,0.0,0.0,0.0,0.0,0.0,
SS-023060-PV1,2017-12-11,SLURRY,0.0,0.0,0.0,0.0,0.0,
SS-029566-PV1,2017-12-11,SLURRY,0.0,0.0,0.0,0.0,0.0,
SS-029565-PV1,2017-12-11,SLURRY,0.0,0.0,0.0,0.0,0.0,
SS-025899-PV1,2017-12-11,OVERLAY,0.0,0.0,0.0,0.0,0.0,
SS-023062-PV1,2017-12-11,SLURRY,0.0,0.5,0.0,1.3037037037037036,-0.5,
SS-025900-PV1,2017-12-11,OVERLAY,3.0,3.0,41.42213919198586,41.42213919198586,0.0,0.0
SS-025897-PV1,2017-12-11,OVERLAY,0.0,0.0,0.0,0.0,0.0,
SS-025901-PV1,2017-12-11,OVERLAY,0.0,0.0,0.0,0.0,0.0,
SS-023059-PV1,2017-12-11,SLURRY,0.0,0.5,0.0,4.183835182250396,-0.5,
SS-025898-PV1,2017-12-11,OVERLAY,2.0,7.0,27.980603294663045,97.93211153132066,-5.0,-250.0
SS-016101-PV1,2017-12-12,SLURRY,0.0,0.0,0.0,0.0,0.0,
SS-029658-PV1,2017-12-12,SLURRY,0.0,0.0,0.0,0.0,0.0,
SS-028289-PV1,2017-12-12,SLURRY,0.0,1.0,0.0,9.333659775727005,-1.0,
SS-007183-PV1,2017-12-12,SLURRY,0.0,0.0,0.0,0.0,0.0,
SS-029657-PV1,2017-12-12,SLURRY,0.0,0.0,0.0,0.0,0.0,
SS-029656-PV1,2017-12-12,SLURRY,0.0,0.5,0.0,4.486845893499274,-0.5,
SS-016100-PV1,2017-12-12,SLURRY,0.0,0.0,0.0,0.0,0.0,
SS-009461-PV1,2017-12-12,SLURRY,0.0,0.5,0.0,4.370860927152318,-0.5,
SS-022448-PV1,2017-12-12,SLURRY,0.0,0.0,0.0,0.0,0.0,
SS-026645-PV1,2017-12-12,SLURRY,0.0,0.0,0.0,0.0,0.0,
SS-016555-PV1,2017-12-12,SLURRY,0.0,0.0,0.0,0.0,0.0,
SS-012868-PV1,2017-12-12,SLURRY,0.0,0.5,0.0,9.953201104051292,-0.5,
SS-014512-PV1,2017-12-12,SLURRY,0.0,0.5,0.0,5.48507716194628,-0.5,
SS-019741-PV1,2017-12-12,SLURRY,0.0,0.0,0.0,0.0,0.0,
SS-028290-PV1,2017-12-12,SLURRY,1.0,1.0,6.323263934713258,6.323263934713258,0.0,0.0
SS-000194-PV1,2017-12-13,SLURRY,0.0,0.0,0.0,0.0,0.0,
SS-029567-PV1,2017-12-13,SLURRY,0.0,0.5,0.0,14.160492012731568,-0.5,
SS-011941-PV1,2017-12-13,SLURRY,0.0,0.0,0.0,0.0,0.0,
SS-007185-PV1,2017-12-13,SLURRY,0.0,1.5,0.0,18.58828107452469,-1.5,
SS-023065-PV1,2017-12-13,SLURRY,0.0,0.0,0.0,0.0,0.0,
SS-020535-PV1,2017-12-13,SLURRY,0.0,0.5,0.0,7.415730337078651,-0.5,
SS-020533-PV1,2017-12-13,SLURRY,0.0,0.0,0.0,0.0,0.0,
SS-020532-PV1,2017-12-13,SLURRY,1.0,0.5,26.888441993024287,13.444220996512144,0.5,50.0
SS-020531-PV1,2017-12-13,SLURRY,0.0,0.0,0.0,0.0,0.0,
SS-011942-PV1,2017-12-13,SLURRY,0.0,0.0,0.0,0.0,0.0,
SS-029942-PV1,2017-12-13,SLURRY,0.0,0.0,0.0,0.0,0.0,
SS-014396-PV1,2017-12-13,SLURRY,0.0,0.0,0.0,0.0,0.0,
SS-000193-PV1,2017-12-13,SLURRY,0.0,0.5,0.0,9.634016837633974,-0.5,
SS-011453-PV1,2017-12-13,SLURRY,0.0,0.0,0.0,0.0,0.0,
SS-011452-PV1,2017-12-13,SLURRY,0.0,0.0,0.0,0.0,0.0,
SS-011451-PV1,2017-12-13,SLURRY,0.0,0.0,0.0,0.0,0.0,
SS-001995-PV1,2017-12-13,SLURRY,0.0,0.0,0.0,0.0,0.0,
SS-007186-PV1,2017-12-13,SLURRY,0.0,0.0,0.0,0.0,0.0,
SS-018857-PV1,2017-12-13,SLURRY,0.0,0.0,0.0,0.0,0.0,
SS-018856-PV1,2017-12-13,SLURRY,0.0,0.0,0.0,0.0,0.0,
SS-007187-PV1,2017-12-13,SLURRY,1.0,0.0,14.229278411193269,0.0,1.0,100.0
SS-016105-PV1,2017-12-14,SLURRY,0.0,0.0,0.0,0.0,0.0,
SS-006325-PV1,2017-12-14,SLURRY,0.0,0.5,0.0,7.313019390581717,-0.5,
SS-024118-PV1,2017-12-14,SLURRY,0.0,0.0,0.0,0.0,0.0,
SS-014646-PV1,2017-12-14,SLURRY,0.0,0.5,0.0,4.313182818501594,-0.5,
SS-014395-PV1,2017-12-14,SLURRY,0.0,0.0,0.0,0.0,0.0,
SS-016903-PV1,2017-12-14,SLURRY,0.0,0.0,0.0,0.0,0.0,
SS-027342-PV1,2017-12-14,SLURRY,0.0,1.0,0.0,2.4030570162142175,-1.0,
SS-029671-PV1,2017-12-14,SLURRY,0.0,0.0,0.0,0.0,0.0,
SS-024120-PV1,2017-12-14,SLURRY,0.0,0.0,0.0,0.0,0.0,
SS-014394-PV1,2017-12-14,SLURRY,0.0,0.0,0.0,0.0,0.0,
SS-007184-PV1,2017-12-14,SLURRY,0.0,0.0,0.0,0.0,0.0,
SS-021334-PV1,2017-12-14,SLURRY,0.0,0.5,0.0,1.2205270457697641,-0.5,
SS-029670-PV1,2017-12-14,SLURRY,0.0,0.0,0.0,0.0,0.0,
SS-016187-PV1,2017-12-14,SLURRY,0.0,0.0,0.0,0.0,0.0,
SS-011924-PV1,2017-12-15,SLURRY,0.0,0.0,0.0,0.0,0.0,
SS-001043-PV1,2017-12-15,SLURRY,0.0,1.0,0.0,7.987601064710915,-1.0,
SS-027287-PV1,2017-12-15,SLURRY,0.0,1.0,0.0,7.610263420332,-1.0,
SS-011925-PV1,2017-12-15,SLURRY,0.0,0.0,0.0,0.0,0.0,
SS-020537-PV1,2017-12-15,SLURRY,0.0,0.5,0.0,5.751633986928105,-0.5,
SS-001954-PV1,2017-12-15,SLURRY,0.0,0.0,0.0,0.0,0.0,
SS-011926-PV1,2017-12-15,SLURRY,0.0,0.5,0.0,7.674418604651162,-0.5,
SS-001955-PV1,2017-12-15,SLURRY,0.0,0.0,0.0,0.0,0.0,
SS-024119-PV1,2017-12-15,SLURRY,0.0,0.0,0.0,0.0,0.0,
SS-011244-PV1,2017-12-15,SLURRY,1.0,2.5,7.282417100439428,18.20604275109857,-1.5,-150.0
SS-020536-PV1,2017-12-15,SLURRY,0.0,0.0,0.0,0.0,0.0,
SS-009601-PV1,2017-12-15,SLURRY,0.0,0.0,0.0,0.0,0.0,
SS-016930-PV1,2017-12-15,SLURRY,0.0,0.5,0.0,3.89369964000977,-0.5,
SS-006326-PV1,2017-12-15,SLURRY,0.0,0.0,0.0,0.0,0.0,
SS-017964-PV1,2017-12-15,OVERLAY,0.0,0.0,0.0,0.0,0.0,
SS-009600-PV1,2017-12-15,SLURRY,0.0,0.0,0.0,0.0,0.0,
SS-009629-PV1,2017-12-15,SLURRY,0.0,0.0,0.0,0.0,0.0,
SS-000145-PV1,2017-12-18,SLURRY,0.0,0.0,0.0,0.0,0.0,
SS-022386-PV1,2017-12-18,SLURRY,0.0,0.0,0.0,0.0,0.0,
SS-022387-PV1,2017-12-18,SLURRY,0.0,0.0,0.0,0.0,0.0,
SS-022390-PV1,2017-12-18,SLURRY,0.0,1.5,0.0,31.87367721221229,-1.5,
SS-022388-PV1,2017-12-18,SLURRY,0.0,0.0,0.0,0.0,0.0,
SS-000146-PV1,2017-12-18,SLURRY,0.0,0.0,0.0,0.0,0.0,
SS-023650-PV1,2017-12-18,SLURRY,0.0,0.0,0.0,0.0,0.0,
SS-022389-PV1,2017-12-18,SLURRY,0.0,0.0,0.0,0.0,0.0,
SS-030960-PV1,2017-12-19,SLURRY,0.0,0.0,0.0,0.0,0.0,
SS-030952-PV1,2017-12-19,SLURRY,0.0,0.0,0.0,0.0,0.0,
SS-030951-PV1,2017-12-19,SLURRY,0.0,0.0,0.0,0.0,0.0,
SS-030950-PV1,2017-12-19,SLURRY,0.0,0.0,0.0,0.0,0.0,
SS-030962-PV1,2017-12-19,SLURRY,0.0,0.0,0.0,0.0,0.0,
SS-030967-PV1,2017-12-19,SLURRY,0.0,0.0,0.0,0.0,0.0,
SS-030968-PV1,2017-12-19,SLURRY,0.0,0.0,0.0,0.0,0.0,
SS-030956-PV1,2017-12-19,SLURRY,0.0,0.0,0.0,0.0,0.0,
SS-030964-PV1,2017-12-19,SLURRY,0.0,0.0,0.0,0.0,0.0,
SS-030959-PV1,2017-12-19,SLURRY,0.0,0.0,0.0,0.0,0.0,
SS-030927-PV1,2017-12-20,SLURRY,0.0,0.0,0.0,0.0,0.0,
SS-030928-PV1,2017-12-20,SLURRY,0.0,0.0,0.0,0.0,0.0,
SS-030969-PV1,2017-12-20,SLURRY,0.0,0.0,0.0,0.0,0.0,
SS-030933-PV1,2017-12-20,SLURRY,0.0,0.0,0.0,0.0,0.0,
SS-030923-PV1,2017-12-20,SLURRY,0.0,0.0,0.0,0.0,0.0,
SS-030917-PV1,2017-12-20,SLURRY,0.0,0.0,0.0,0.0,0.0,
SS-030918-PV1,2017-12-20,SLURRY,0.0,0.0,0.0,0.0,0.0,
SS-030919-PV1,2017-12-20,SLURRY,0.0,0.0,0.0,0.0,0.0,
SS-030934-PV1,2017-12-20,SLURRY,0.0,0.0,0.0,0.0,0.0,
SS-030941-PV1,2017-12-20,SLURRY,0.0,0.0,0.0,0.0,0.0,
SS-030942-PV1,2017-12-20,SLURRY,0.0,0.0,0.0,0.0,0.0,
SS-030949-PV1,2017-12-20,SLURRY,0.0,0.0,0.0,0.0,0.0,
SS-030920-PV1,2017-12-20,SLURRY,0.0,0.0,0.0,0.0,0.0,
SS-030943-PV1,2017-12-20,SLURRY,0.0,0.0,0.0,0.0,0.0,
SS-030946-PV1,2017-12-20,SLURRY,0.0,0.0,0.0,0.0,0.0,
SS-030947-PV1,2017-12-20,SLURRY,0.0,0.0,0.0,0.0,0.0,
SS-029205-PV1,2017-12-21,SLURRY,0.0,0.0,0.0,0.0,0.0,
SS-004570-PV1,2017-12-21,SLURRY,0.0,0.0,0.0,0.0,0.0,
SS-003678-PV1,2017-12-21,SLURRY,0.0,0.0,0.0,0.0,0.0,
SS-019342-PV1,2017-12-21,SLURRY,0.0,0.0,0.0,0.0,0.0,
SS-008744-PV1,2017-12-21,SLURRY,0.0,0.0,0.0,0.0,0.0,
SS-011316-PV1,2017-12-21,SLURRY,0.0,0.0,0.0,0.0,0.0,
SS-003677-PV1,2017-12-21,SLURRY,0.0,0.0,0.0,0.0,0.0,
SS-012754-PV1,2017-12-21,SLURRY,0.0,0.0,0.0,0.0,0.0,
SS-019343-PV1,2017-12-21,SLURRY,0.0,0.0,0.0,0.0,0.0,
SS-012753-PV1,2017-12-21,SLURRY,0.0,0.0,0.0,0.0,0.0,
SS-009873-PV1,2017-12-21,SLURRY,0.0,0.0,0.0,0.0,0.0,
SS-009918-PV1,2017-12-21,SLURRY,0.0,0.5,0.0,3.5094916461469965,-0.5,
SS-012090-PV1,2017-12-21,SLURRY,0.0,0.0,0.0,0.0,0.0,
SS-025374-PV1,2017-12-22,OVERLAY,3.0,5.5,14.936845151593419,27.384216111254602,-2.5,-83.33333333333334
SS-004569-PV1,2017-12-22,SLURRY,0.0,0.0,0.0,0.0,0.0,
SS-025068-PV1,2017-12-22,SLURRY,0.0,0.0,0.0,0.0,0.0,
SS-028255-PV1,2017-12-22,SLURRY,0.0,0.0,0.0,0.0,0.0,
SS-025373-PV1,2017-12-22,OVERLAY,0.0,0.0,0.0,0.0,0.0,
SS-025378-PV1,2017-12-22,OVERLAY,6.0,44.0,10.812066019949489,79.28848414629626,-38.0,-633.3333333333333
SS-009875-PV1,2017-12-22,SLURRY,0.0,0.0,0.0,0.0,0.0,
SS-009874-PV1,2017-12-22,SLURRY,0.0,0.0,0.0,0.0,0.0,
SS-022987-PV1,2017-12-29,OVERLAY,0.0,0.0,0.0,0.0,0.0,
SS-014727-PV1,2018-01-02,OVERLAY,0.0,0.0,0.0,0.0,0.0,
SS-002586-PV1,2018-01-02,OVERLAY,0.0,0.0,0.0,0.0,0.0,
SS-014725-PV1,2018-01-02,OVERLAY,0.0,0.0,0.0,0.0,0.0,
SS-014726-PV1,2018-01-02,OVERLAY,0.0,0.0,0.0,0.0,0.0,
SS-016302-PV1,2018-01-02,OVERLAY,0.0,0.5,0.0,32.54626439155128,-0.5,
SS-016301-PV1,2018-01-02,OVERLAY,0.0,0.0,0.0,0.0,0.0,
SS-016300-PV1,2018-01-02,OVERLAY,0.0,0.0,0.0,0.0,0.0,
SS-001985-PV1,2018-01-02,OVERLAY,0.5,0.5,3.546851081426834,3.546851081426834,0.0,0.0
SS-007371-PV1,2018-01-02,OVERLAY,0.0,1.0,0.0,8.30334640586191,-1.0,
SS-008427-PV1,2018-01-03,SLURRY,0.0,0.0,0.0,0.0,0.0,
SS-011395-PV1,2018-01-03,SLURRY,0.0,0.0,0.0,0.0,0.0,
SS-011396-PV1,2018-01-03,SLURRY,0.0,0.0,0.0,0.0,0.0,
SS-030955-PV1,2018-01-03,SLURRY,0.0,0.0,0.0,0.0,0.0,
SS-030948-PV1,2018-01-03,SLURRY,0.0,0.0,0.0,0.0,0.0,
SS-009917-PV1,2018-01-03,SLURRY,0.0,0.0,0.0,0.0,0.0,
SS-008426-PV1,2018-01-03,SLURRY,0.0,0.0,0.0,0.0,0.0,
SS-008428-PV1,2018-01-03,SLURRY,0.0,0.0,0.0,0.0,0.0,
SS-026182-PV1,2018-01-03,OVERLAY,0.0,0.0,0.0,0.0,0.0,
SS-026183-PV1,2018-01-03,OVERLAY,0.0,0.0,0.0,0.0,0.0,
SS-030924-PV1,2018-01-03,SLURRY,0.0,0.0,0.0,0.0,0.0,
SS-030970-PV1,2018-01-03,SLURRY,0.0,0.0,0.0,0.0,0.0,
SS-010397-PV1,2018-01-03,SLURRY,0.5,0.0,6.82170542635659,0.0,0.5,100.0
SS-019347-PV1,2018-01-04,SLURRY,0.0,0.0,0.0,0.0,0.0,
SS-023319-PV1,2018-01-04,OVERLAY,0.0,0.0,0.0,0.0,0.0,
SS-001383-PV1,2018-01-04,OVERLAY,0.0,1.5,0.0,12.145179053982561,-1.5,
SS-007154-PV1,2018-01-04,SLURRY,0.0,0.0,0.0,0.0,0.0,
SS-030931-PV1,2018-01-04,SLURRY,0.0,0.0,0.0,0.0,0.0,
SS-013866-PV1,2018-01-04,OVERLAY,0.0,0.0,0.0,0.0,0.0,
SS-030936-PV1,2018-01-04,SLURRY,0.0,0.0,0.0,0.0,0.0,
SS-025309-PV1,2018-01-04,OVERLAY,0.0,0.0,0.0,0.0,0.0,
SS-007153-PV1,2018-01-04,SLURRY,0.0,0.0,0.0,0.0,0.0,
SS-013864-PV1,2018-01-04,OVERLAY,0.0,0.0,0.0,0.0,0.0,
SS-030935-PV1,2018-01-04,SLURRY,0.0,0.0,0.0,0.0,0.0,
SS-030954-PV1,2018-01-04,SLURRY,0.0,0.0,0.0,0.0,0.0,
SS-030939-PV1,2018-01-04,SLURRY,0.0,0.0,0.0,0.0,0.0,
SS-030997-PV1,2018-01-04,SLURRY,0.0,0.0,0.0,0.0,0.0,
SS-004481-PV1,2018-01-04,OVERLAY,0.0,0.0,0.0,0.0,0.0,
SS-030958-PV1,2018-01-04,SLURRY,0.0,0.0,0.0,0.0,0.0,
SS-030963-PV1,2018-01-04,SLURRY,0.0,0.0,0.0,0.0,0.0,
SS-030930-PV1,2018-01-04,SLURRY,0.0,0.0,0.0,0.0,0.0,
SS-030944-PV1,2018-01-04,SLURRY,0.0,0.0,0.0,0.0,0.0,
SS-007156-PV1,2018-01-04,SLURRY,0.0,0.0,0.0,0.0,0.0,
SS-010398-PV1,2018-01-04,SLURRY,0.0,0.5,0.0,3.3889602053915273,-0.5,
SS-030921-PV1,2018-01-04,SLURRY,0.0,0.0,0.0,0.0,0.0,
SS-030925-PV1,2018-01-04,SLURRY,0.0,0.0,0.0,0.0,0.0,
SS-004568-PV1,2018-01-04,SLURRY,0.0,0.0,0.0,0.0,0.0,
SS-030929-PV1,2018-01-04,SLURRY,0.0,0.0,0.0,0.0,0.0,
SS-009650-PV1,2018-01-05,OVERLAY,0.0,0.0,0.0,0.0,0.0,
SS-030945-PV1,2018-01-05,SLURRY,0.0,0.0,0.0,0.0,0.0,
SS-030938-PV1,2018-01-05,SLURRY,0.0,0.0,0.0,0.0,0.0,
SS-030937-PV1,2018-01-05,SLURRY,0.0,0.0,0.0,0.0,0.0,
SS-030922-PV1,2018-01-05,SLURRY,0.0,0.0,0.0,0.0,0.0,
SS-004571-PV1,2018-01-05,SLURRY,0.0,0.0,0.0,0.0,0.0,
SS-007155-PV1,2018-01-05,SLURRY,0.0,0.0,0.0,0.0,0.0,
SS-004567-PV1,2018-01-05,SLURRY,0.0,0.0,0.0,0.0,0.0,
SS-030953-PV1,2018-01-05,SLURRY,0.0,0.0,0.0,0.0,0.0,
SS-030971-PV1,2018-01-05,SLURRY,0.0,0.0,0.0,0.0,0.0,
SS-030957-PV1,2018-01-05,SLURRY,0.0,0.0,0.0,0.0,0.0,
SS-030932-PV1,2018-01-05,SLURRY,0.0,0.0,0.0,0.0,0.0,
SS-011317-PV1,2018-01-05,SLURRY,0.0,0.0,0.0,0.0,0.0,
SS-007152-PV1,2018-01-05,SLURRY,0.0,0.0,0.0,0.0,0.0,
SS-030940-PV1,2018-01-05,SLURRY,0.0,0.0,0.0,0.0,0.0,
SS-030926-PV1,2018-01-06,SLURRY,0.0,0.0,0.0,0.0,0.0,
SS-028323-PV1,2018-01-07,SLURRY,0.0,0.0,0.0,0.0,0.0,
SS-011734-PV1,2018-01-07,SLURRY,0.0,0.5,0.0,3.8617408991273785,-0.5,
SS-030961-PV1,2018-01-07,SLURRY,0.0,0.0,0.0,0.0,0.0,
SS-025469-PV1,2018-01-07,SLURRY,0.0,0.0,0.0,0.0,0.0,
SS-030966-PV1,2018-01-07,SLURRY,0.0,0.0,0.0,0.0,0.0,
SS-025474-PV1,2018-01-07,SLURRY,0.0,0.0,0.0,0.0,0.0,
SS-031120-PV1,2018-01-07,SLURRY,0.5,0.0,2.71047227926078,0.0,0.5,100.0
SS-006827-PV1,2018-01-07,SLURRY,0.0,0.0,0.0,0.0,0.0,
SS-030965-PV1,2018-01-07,SLURRY,0.0,0.5,0.0,9.263157894736842,-0.5,
SS-010700-PV1,2018-01-07,SLURRY,0.0,0.0,0.0,0.0,0.0,
SS-021111-PV1,2018-01-07,SLURRY,0.0,0.0,0.0,0.0,0.0,
SS-012110-PV1,2018-01-07,SLURRY,0.0,0.0,0.0,0.0,0.0,
SS-004956-PV1,2018-01-11,OVERLAY,0.0,0.0,0.0,0.0,0.0,
SS-002868-PV1,2018-01-11,OVERLAY,0.0,0.0,0.0,0.0,0.0,
SS-002869-PV1,2018-01-11,OVERLAY,0.0,0.0,0.0,0.0,0.0,
SS-017617-PV1,2018-01-11,OVERLAY,0.0,0.5,0.0,11.280113416413078,-0.5,
SS-017596-PV1,2018-01-11,OVERLAY,0.0,0.0,0.0,0.0,0.0,
SS-002870-PV1,2018-01-11,OVERLAY,0.0,0.0,0.0,0.0,0.0,
SS-014648-PV1,2018-01-11,SLURRY,0.0,0.0,0.0,0.0,0.0,
SS-010125-PV1,2018-01-11,SLURRY,0.0,0.0,0.0,0.0,0.0,
SS-025297-PV1,2018-01-11,SLURRY,0.0,0.0,0.0,0.0,0.0,
SS-025298-PV1,2018-01-11,SLURRY,0.0,0.5,0.0,6.30071599045346,-0.5,
SS-009750-PV1,2018-01-11,SLURRY,0.0,0.0,0.0,0.0,0.0,
SS-024662-PV1,2018-01-11,SLURRY,0.0,0.0,0.0,0.0,0.0,
SS-009751-PV1,2018-01-11,SLURRY,0.0,0.0,0.0,0.0,0.0,
SS-010126-PV1,2018-01-11,SLURRY,0.0,0.0,0.0,0.0,0.0,
SS-024663-PV1,2018-01-11,SLURRY,0.0,0.0,0.0,0.0,0.0,
SS-024664-PV1,2018-01-11,SLURRY,0.0,0.0,0.0,0.0,0.0,
SS-010134-PV1,2018-01-11,SLURRY,0.0,0.0,0.0,0.0,0.0,
SS-000628-PV1,2018-01-11,OVERLAY,0.0,0.5,0.0,7.039100872181925,-0.5,
SS-010133-PV1,2018-01-11,SLURRY,0.0,0.0,0.0,0.0,0.0,
SS-000630-PV1,2018-01-11,OVERLAY,0.0,0.0,0.0,0.0,0.0,
SS-000629-PV1,2018-01-11,OVERLAY,0.0,0.0,0.0,0.0,0.0,
SS-004700-PV1,2018-01-11,OVERLAY,0.5,0.0,3.586331350119266,0.0,0.5,100.0
SS-000631-PV1,2018-01-11,OVERLAY,0.0,0.0,0.0,0.0,0.0,
SS-026929-PV1,2018-01-12,SLURRY,0.0,0.0,0.0,0.0,0.0,
SS-026927-PV1,2018-01-12,SLURRY,0.0,0.0,0.0,0.0,0.0,
SS-015278-PV1,2018-01-12,SLURRY,0.0,0.0,0.0,0.0,0.0,
SS-010941-PV1,2018-01-12,SLURRY,0.0,0.0,0.0,0.0,0.0,
SS-010942-PV1,2018-01-12,SLURRY,0.0,0.0,0.0,0.0,0.0,
SS-028695-PV1,2018-01-12,SLURRY,0.0,0.0,0.0,0.0,0.0,
SS-026928-PV1,2018-01-12,SLURRY,0.0,0.0,0.0,0.0,0.0,
SS-017804-PV1,2018-01-12,SLURRY,0.0,0.0,0.0,0.0,0.0,
SS-016840-PV1,2018-01-12,SLURRY,0.0,0.0,0.0,0.0,0.0,
SS-014185-PV1,2018-01-12,SLURRY,0.0,0.0,0.0,0.0,0.0,
SS-024659-PV1,2018-01-12,SLURRY,0.0,0.0,0.0,0.0,0.0,
SS-024644-PV1,2018-01-12,SLURRY,0.0,0.0,0.0,0.0,0.0,
SS-031350-PV1,2018-01-12,OVERLAY,0.5,0.5,4.086687306501548,4.086687306501548,0.0,0.0
SS-030526-PV1,2018-01-12,SLURRY,0.0,0.0,0.0,0.0,0.0,
SS-002230-PV1,2018-01-12,SLURRY,0.0,0.0,0.0,0.0,0.0,
SS-002231-PV1,2018-01-12,SLURRY,0.0,0.0,0.0,0.0,0.0,
SS-022353-PV1,2018-01-12,SLURRY,0.0,0.0,0.0,0.0,0.0,
SS-029529-PV1,2018-01-12,OVERLAY,0.0,0.5,0.0,10.153779763747696,-0.5,
SS-018235-PV1,2018-01-12,SLURRY,0.0,0.0,0.0,0.0,0.0,
SS-024769-PV1,2018-01-12,SLURRY,0.0,0.5,0.0,4.2170489538683595,-0.5,
SS-026169-PV1,2018-01-12,SLURRY,0.0,0.0,0.0,0.0,0.0,
SS-009075-PV1,2018-01-12,OVERLAY,0.5,2.0,1.978578759226609,7.914315036906436,-1.5,-300.0
SS-013882-PV1,2018-01-12,SLURRY,0.0,0.0,0.0,0.0,0.0,
SS-016841-PV1,2018-01-12,SLURRY,0.0,0.0,0.0,0.0,0.0,
SS-024790-PV1,2018-01-12,SLURRY,0.0,0.0,0.0,0.0,0.0,
SS-017803-PV1,2018-01-16,SLURRY,0.0,0.0,0.0,0.0,0.0,
SS-016986-PV1,2018-01-16,SLURRY,0.0,0.0,0.0,0.0,0.0,
SS-015757-PV1,2018-01-16,SLURRY,0.0,0.0,0.0,0.0,0.0,
SS-013095-PV1,2018-01-16,OVERLAY,0.0,0.0,0.0,0.0,0.0,
SS-023517-PV1,2018-01-16,SLURRY,0.0,0.5,0.0,4.320640633170246,-0.5,
SS-004463-PV1,2018-01-16,SLURRY,0.0,0.0,0.0,0.0,0.0,
SS-024192-PV1,2018-01-16,SLURRY,0.0,0.0,0.0,0.0,0.0,
SS-021532-PV1,2018-01-16,SLURRY,0.0,0.0,0.0,0.0,0.0,
SS-004461-PV1,2018-01-16,SLURRY,0.0,0.0,0.0,0.0,0.0,
SS-020835-PV1,2018-01-16,OVERLAY,0.0,0.0,0.0,0.0,0.0,
SS-004462-PV1,2018-01-16,SLURRY,0.0,0.0,0.0,0.0,0.0,
SS-004464-PV1,2018-01-16,SLURRY,0.0,0.0,0.0,0.0,0.0,
SS-024661-PV1,2018-01-16,SLURRY,0.0,0.0,0.0,0.0,0.0,
SS-024660-PV1,2018-01-16,SLURRY,0.0,0.0,0.0,0.0,0.0,
SS-009753-PV1,2018-01-17,SLURRY,0.0,0.0,0.0,0.0,0.0,
SS-004654-PV1,2018-01-17,SLURRY,0.0,0.0,0.0,0.0,0.0,
SS-004652-PV1,2018-01-17,SLURRY,0.0,0.0,0.0,0.0,0.0,
SS-015948-PV1,2018-01-17,SLURRY,0.0,0.0,0.0,0.0,0.0,
SS-010130-PV1,2018-01-17,SLURRY,0.0,0.0,0.0,0.0,0.0,
SS-004653-PV1,2018-01-17,SLURRY,0.0,0.0,0.0,0.0,0.0,
SS-015955-PV1,2018-01-17,SLURRY,0.0,0.0,0.0,0.0,0.0,
SS-010129-PV1,2018-01-17,SLURRY,0.0,0.0,0.0,0.0,0.0,
SS-015956-PV1,2018-01-17,SLURRY,0.0,0.0,0.0,0.0,0.0,
SS-009754-PV1,2018-01-17,SLURRY,0.0,0.0,0.0,0.0,0.0,
SS-004656-PV1,2018-01-17,SLURRY,0.0,0.0,0.0,0.0,0.0,
SS-004657-PV1,2018-01-17,SLURRY,0.0,0.0,0.0,0.0,0.0,
SS-004658-PV1,2018-01-17,SLURRY,0.0,0.0,0.0,0.0,0.0,
SS-004659-PV1,2018-01-17,SLURRY,0.0,0.0,0.0,0.0,0.0,
SS-013620-PV1,2018-01-17,SLURRY,0.0,0.0,0.0,0.0,0.0,
SS-013506-PV1,2018-01-17,SLURRY,0.0,0.0,0.0,0.0,0.0,
SS-010131-PV1,2018-01-17,SLURRY,0.0,0.0,0.0,0.0,0.0,
SS-010132-PV1,2018-01-17,SLURRY,0.0,0.0,0.0,0.0,0.0,
SS-017802-PV1,2018-01-17,SLURRY,0.0,0.0,0.0,0.0,0.0,
SS-017801-PV1,2018-01-17,SLURRY,0.0,0.0,0.0,0.0,0.0,
SS-017800-PV1,2018-01-17,SLURRY,0.0,0.0,0.0,0.0,0.0,
SS-004655-PV1,2018-01-17,SLURRY,0.0,0.0,0.0,0.0,0.0,
SS-005889-PV1,2018-01-18,SLURRY,0.0,0.0,0.0,0.0,0.0,
SS-024324-PV1,2018-01-18,OVERLAY,0.5,3.5,1.7969968099222542,12.578977669455778,-3.0,-600.0
SS-015954-PV1,2018-01-18,SLURRY,0.0,0.0,0.0,0.0,0.0,
SS-018191-PV1,2018-01-18,SLURRY,0.0,0.0,0.0,0.0,0.0,
SS-026168-PV1,2018-01-18,SLURRY,0.0,0.0,0.0,0.0,0.0,
SS-018192-PV1,2018-01-18,SLURRY,0.0,0.0,0.0,0.0,0.0,
SS-027381-PV1,2018-01-19,SLURRY,0.0,0.0,0.0,0.0,0.0,
SS-019829-PV1,2018-01-19,OVERLAY,0.0,0.0,0.0,0.0,0.0,
SS-025787-PV1,2018-01-19,SLURRY,0.0,0.0,0.0,0.0,0.0,
SS-019830-PV1,2018-01-19,OVERLAY,0.0,0.5,0.0,5.740261016626318,-0.5,
SS-025786-PV1,2018-01-19,SLURRY,0.0,0.0,0.0,0.0,0.0,
SS-008226-PV1,2018-01-19,OVERLAY,0.0,0.0,0.0,0.0,0.0,
SS-008225-PV1,2018-01-19,OVERLAY,0.0,0.0,0.0,0.0,0.0,
SS-030528-PV1,2018-01-19,SLURRY,0.0,0.0,0.0,0.0,0.0,
SS-007242-PV1,2018-01-19,SLURRY,0.0,0.0,0.0,0.0,0.0,
SS-024646-PV1,2018-01-19,SLURRY,0.0,0.0,0.0,0.0,0.0,
SS-030529-PV1,2018-01-19,SLURRY,0.0,0.0,0.0,0.0,0.0,
SS-024668-PV1,2018-01-19,SLURRY,0.0,0.0,0.0,0.0,0.0,
SS-004763-PV1,2018-01-19,OVERLAY,0.0,0.0,0.0,0.0,0.0,
SS-027739-PV1,2018-01-19,SLURRY,0.0,0.0,0.0,0.0,0.0,
SS-027738-PV1,2018-01-19,SLURRY,0.0,0.0,0.0,0.0,0.0,
SS-024805-PV1,2018-01-19,SLURRY,0.0,0.0,0.0,0.0,0.0,
SS-027020-PV1,2018-01-19,SLURRY,0.0,0.0,0.0,0.0,0.0,
SS-024667-PV1,2018-01-19,SLURRY,0.0,0.0,0.0,0.0,0.0,
SS-014184-PV1,2018-01-19,SLURRY,0.0,0.0,0.0,0.0,0.0,
SS-030530-PV1,2018-01-19,SLURRY,0.0,0.0,0.0,0.0,0.0,
SS-024645-PV1,2018-01-19,SLURRY,0.0,0.0,0.0,0.0,0.0,
SS-024600-PV1,2018-01-19,SLURRY,0.0,0.0,0.0,0.0,0.0,
SS-003954-PV1,2018-01-19,SLURRY,0.0,0.0,0.0,0.0,0.0,
SS-030527-PV1,2018-01-22,SLURRY,0.0,0.0,0.0,0.0,0.0,
SS-023861-PV1,2018-01-23,SLURRY,0.0,0.5,0.0,1.397151176996668,-0.5,
SS-027832-PV1,2018-01-23,SLURRY,0.0,0.0,0.0,0.0,0.0,
SS-030525-PV1,2018-01-23,SLURRY,0.0,0.0,0.0,0.0,0.0,
SS-015180-PV1,2018-01-24,SLURRY,0.0,0.0,0.0,0.0,0.0,
SS-026167-PV1,2018-01-24,SLURRY,0.0,0.0,0.0,0.0,0.0,
SS-015181-PV1,2018-01-24,SLURRY,0.0,0.0,0.0,0.0,0.0,
SS-027656-PV1,2018-01-24,SLURRY,0.0,0.0,0.0,0.0,0.0,
SS-015175-PV1,2018-01-24,SLURRY,0.0,0.0,0.0,0.0,0.0,
SS-019075-PV1,2018-01-25,SLURRY,0.0,0.0,0.0,0.0,0.0,
SS-016164-PV1,2018-01-25,SLURRY,0.0,0.0,0.0,0.0,0.0,
SS-023936-PV1,2018-01-25,SLURRY,0.0,0.0,0.0,0.0,0.0,
SS-020852-PV1,2018-01-25,SLURRY,0.0,0.0,0.0,0.0,0.0,
SS-015277-PV1,2018-01-25,SLURRY,0.5,0.0,10.153846153846155,0.0,0.5,100.0
SS-023935-PV1,2018-01-25,SLURRY,0.0,0.0,0.0,0.0,0.0,
SS-024770-PV1,2018-01-26,SLURRY,0.0,0.0,0.0,0.0,0.0,
SS-014229-PV1,2018-01-26,SLURRY,0.0,0.0,0.0,0.0,0.0,
SS-030180-PV1,2018-01-26,SLURRY,0.0,0.0,0.0,0.0,0.0,
SS-023389-PV1,2018-01-26,SLURRY,0.0,0.0,0.0,0.0,0.0,
SS-027657-PV1,2018-01-26,SLURRY,0.0,0.0,0.0,0.0,0.0,
SS-025785-PV1,2018-01-26,SLURRY,0.0,0.0,0.0,0.0,0.0,
SS-006240-PV1,2018-01-26,SLURRY,0.5,0.5,5.166340508806262,5.166340508806262,0.0,0.0
SS-006241-PV1,2018-01-26,SLURRY,0.0,0.0,0.0,0.0,0.0,
SS-006242-PV1,2018-01-26,SLURRY,0.0,1.0,0.0,22.09205020920502,-1.0,
SS-006243-PV1,2018-01-26,SLURRY,0.0,1.5,0.0,15.05703422053232,-1.5,
SS-015276-PV1,2018-01-26,SLURRY,0.0,0.0,0.0,0.0,0.0,
SS-032216-PV1,2018-01-26,SLURRY,0.0,0.0,0.0,0.0,0.0,
SS-027782-PV1,2018-01-26,SLURRY,0.0,0.0,0.0,0.0,0.0,
SS-006245-PV1,2018-01-26,SLURRY,0.0,1.0,0.0,5.977760015578404,-1.0,
SS-025784-PV1,2018-01-26,SLURRY,0.0,0.0,0.0,0.0,0.0,
SS-031649-PV1,2018-01-26,SLURRY,0.5,1.5,1.7388324964872621,5.216497489461786,-1.0,-200.0
SS-031650-PV1,2018-01-26,SLURRY,0.0,0.0,0.0,0.0,0.0,
SS-008362-PV1,2018-01-26,SLURRY,0.0,0.0,0.0,0.0,0.0,
SS-027781-PV1,2018-01-26,SLURRY,0.0,0.0,0.0,0.0,0.0,
SS-003955-PV1,2018-01-29,SLURRY,0.0,0.0,0.0,0.0,0.0,
SS-021541-PV1,2018-01-29,SLURRY,0.0,0.0,0.0,0.0,0.0,
SS-030182-PV1,2018-01-29,SLURRY,0.0,0.0,0.0,0.0,0.0,
SS-003956-PV1,2018-01-29,SLURRY,0.0,0.0,0.0,0.0,0.0,
SS-023388-PV1,2018-01-29,SLURRY,0.0,0.0,0.0,0.0,0.0,
SS-030181-PV1,2018-01-29,SLURRY,0.0,0.5,0.0,3.7078651685393256,-0.5,
SS-007434-PV1,2018-01-29,SLURRY,0.0,0.0,0.0,0.0,0.0,
SS-031081-PV1,2018-01-30,SLURRY,0.0,0.0,0.0,0.0,0.0,
SS-024647-PV1,2018-01-30,SLURRY,0.0,0.0,0.0,0.0,0.0,
SS-031088-PV1,2018-01-30,SLURRY,0.0,0.0,0.0,0.0,0.0,
SS-031087-PV1,2018-01-30,SLURRY,0.0,0.0,0.0,0.0,0.0,
SS-031095-PV1,2018-01-30,SLURRY,0.0,0.0,0.0,0.0,0.0,
SS-031085-PV1,2018-01-30,SLURRY,0.0,0.0,0.0,0.0,0.0,
SS-001813-PV1,2018-01-31,SLURRY,0.0,0.0,0.0,0.0,0.0,
SS-031651-PV1,2018-01-31,SLURRY,0.0,0.0,0.0,0.0,0.0,
SS-009320-PV1,2018-01-31,SLURRY,0.0,0.0,0.0,0.0,0.0,
SS-031078-PV1,2018-01-31,SLURRY,0.0,0.0,0.0,0.0,0.0,
SS-010109-PV1,2018-01-31,SLURRY,0.0,0.0,0.0,0.0,0.0,
SS-013192-PV1,2018-01-31,SLURRY,0.0,0.0,0.0,0.0,0.0,
SS-009319-PV1,2018-01-31,SLURRY,0.0,0.0,0.0,0.0,0.0,
SS-031077-PV1,2018-01-31,SLURRY,0.0,0.0,0.0,0.0,0.0,
SS-008959-PV1,2018-01-31,SLURRY,0.0,2.5,0.0,7.0744603566803566,-2.5,
SS-009318-PV1,2018-01-31,SLURRY,0.0,0.0,0.0,0.0,0.0,
SS-008958-PV1,2018-01-31,SLURRY,0.5,1.0,1.810420202643625,3.62084040528725,-0.5,-100.0
SS-008957-PV1,2018-01-31,SLURRY,1.0,3.0,1.9195270983239585,5.758581294971875,-2.0,-200.0
SS-019242-PV1,2018-01-31,OVERLAY,0.0,0.0,0.0,0.0,0.0,
SS-024665-PV1,2018-01-31,SLURRY,0.0,0.0,0.0,0.0,0.0,
SS-021540-PV1,2018-01-31,SLURRY,0.0,0.0,0.0,0.0,0.0,
SS-031092-PV1,2018-01-31,SLURRY,0.0,0.0,0.0,0.0,0.0,
SS-001812-PV1,2018-01-31,SLURRY,0.0,0.0,0.0,0.0,0.0,
SS-002930-PV1,2018-01-31,SLURRY,0.0,0.0,0.0,0.0,0.0,
SS-002931-PV1,2018-01-31,SLURRY,0.0,0.0,0.0,0.0,0.0,
SS-002932-PV1,2018-01-31,SLURRY,0.0,0.0,0.0,0.0,0.0,
SS-001815-PV1,2018-01-31,SLURRY,0.0,0.0,0.0,0.0,0.0,
SS-001814-PV1,2018-01-31,SLURRY,0.0,0.0,0.0,0.0,0.0,
SS-002933-PV1,2018-01-31,SLURRY,0.0,0.0,0.0,0.0,0.0,
SS-031079-PV1,2018-01-31,SLURRY,0.0,0.0,0.0,0.0,0.0,
SS-031090-PV1,2018-01-31,SLURRY,0.0,0.0,0.0,0.0,0.0,
SS-024666-PV1,2018-01-31,SLURRY,0.0,0.0,0.0,0.0,0.0,
SS-031080-PV1,2018-01-31,SLURRY,0.0,0.0,0.0,0.0,0.0,
SS-031094-PV1,2018-01-31,SLURRY,0.0,0.0,0.0,0.0,0.0,
SS-014228-PV1,2018-01-31,SLURRY,0.0,0.0,0.0,0.0,0.0,
SS-031093-PV1,2018-01-31,SLURRY,0.0,0.0,0.0,0.0,0.0,
SS-031096-PV1,2018-01-31,SLURRY,0.0,0.0,0.0,0.0,0.0,
SS-031082-PV1,2018-01-31,SLURRY,0.0,0.0,0.0,0.0,0.0,
SS-015482-PV1,2018-01-31,SLURRY,0.0,0.0,0.0,0.0,0.0,
SS-031086-PV1,2018-01-31,SLURRY,0.0,0.0,0.0,0.0,0.0,
SS-031083-PV1,2018-01-31,SLURRY,0.0,0.0,0.0,0.0,0.0,
SS-031084-PV1,2018-01-31,SLURRY,0.0,0.0,0.0,0.0,0.0,
SS-007892-PV1,2018-02-05,SLURRY,0.0,0.0,0.0,0.0,0.0,
SS-007891-PV1,2018-02-05,SLURRY,0.0,0.0,0.0,0.0,0.0,
SS-015734-PV1,2018-02-05,SLURRY,0.0,0.0,0.0,0.0,0.0,
SS-024203-PV1,2018-02-06,SLURRY,0.0,0.0,0.0,0.0,0.0,
SS-018378-PV1,2018-02-06,SLURRY,0.0,0.5,0.0,5.410449175900466,-0.5,
SS-004755-PV1,2018-02-06,OVERLAY,0.0,0.0,0.0,0.0,0.0,
SS-015056-PV1,2018-02-06,OVERLAY,0.0,0.0,0.0,0.0,0.0,
SS-015055-PV1,2018-02-06,OVERLAY,0.0,0.0,0.0,0.0,0.0,
SS-015054-PV1,2018-02-06,OVERLAY,0.0,0.0,0.0,0.0,0.0,
SS-018666-PV1,2018-02-06,SLURRY,0.0,0.0,0.0,0.0,0.0,
SS-015053-PV1,2018-02-06,OVERLAY,0.0,0.0,0.0,0.0,0.0,
SS-018376-PV1,2018-02-06,SLURRY,0.0,2.5,0.0,11.963425632672621,-2.5,
SS-018375-PV1,2018-02-06,SLURRY,0.0,0.0,0.0,0.0,0.0,
SS-013191-PV1,2018-02-06,SLURRY,0.0,0.0,0.0,0.0,0.0,
SS-018377-PV1,2018-02-06,SLURRY,0.0,1.0,0.0,5.722047634746094,-1.0,
SS-009535-PV1,2018-02-06,OVERLAY,0.0,0.0,0.0,0.0,0.0,
SS-018373-PV1,2018-02-06,SLURRY,0.5,3.5,2.825651823824462,19.779562766771235,-3.0,-600.0
SS-005726-PV1,2018-02-06,SLURRY,0.0,0.0,0.0,0.0,0.0,
SS-016322-PV1,2018-02-06,OVERLAY,0.0,0.0,0.0,0.0,0.0,
SS-016323-PV1,2018-02-06,OVERLAY,0.0,0.0,0.0,0.0,0.0,
SS-016324-PV1,2018-02-06,OVERLAY,0.0,0.5,0.0,3.464375524659333,-0.5,
SS-025065-PV1,2018-02-06,SLURRY,0.0,0.0,0.0,0.0,0.0,
SS-015735-PV1,2018-02-06,SLURRY,0.0,0.0,0.0,0.0,0.0,
SS-018374-PV1,2018-02-06,SLURRY,0.0,1.0,0.0,4.5611594467313585,-1.0,
SS-005725-PV1,2018-02-06,SLURRY,0.0,0.0,0.0,0.0,0.0,
SS-025179-PV1,2018-02-07,SLURRY,0.0,1.0,0.0,9.588678385920334,-1.0,
SS-025192-PV1,2018-02-07,SLURRY,0.0,1.5,0.0,8.938510160275838,-1.5,
SS-025193-PV1,2018-02-07,SLURRY,0.0,0.5,0.0,2.0537759448691855,-0.5,
SS-025178-PV1,2018-02-07,SLURRY,0.0,0.0,0.0,0.0,0.0,
SS-003694-PV1,2018-02-08,SLURRY,0.0,0.5,0.0,7.611734642244147,-0.5,
SS-003092-PV1,2018-02-08,SLURRY,0.0,0.0,0.0,0.0,0.0,
SS-005714-PV1,2018-02-08,SLURRY,0.0,0.5,0.0,3.0115255875298197,-0.5,
SS-006098-PV1,2018-02-08,SLURRY,0.0,0.0,0.0,0.0,0.0,
SS-003091-PV1,2018-02-08,SLURRY,0.0,0.0,0.0,0.0,0.0,
SS-001802-PV1,2018-02-09,SLURRY,0.0,0.0,0.0,0.0,0.0,
SS-019999-PV1,2018-02-09,SLURRY,0.0,0.0,0.0,0.0,0.0,
SS-028227-PV1,2018-02-09,SLURRY,0.0,0.0,0.0,0.0,0.0,
SS-001801-PV1,2018-02-09,SLURRY,0.5,0.0,4.356951144219539,0.0,0.5,100.0
SS-025191-PV1,2018-02-09,SLURRY,0.0,0.5,0.0,2.0905062509304333,-0.5,
SS-019998-PV1,2018-02-09,SLURRY,0.0,0.0,0.0,0.0,0.0,
SS-017789-PV1,2018-02-09,SLURRY,0.0,0.0,0.0,0.0,0.0,
SS-025190-PV1,2018-02-09,SLURRY,0.0,0.0,0.0,0.0,0.0,
SS-025176-PV1,2018-02-09,SLURRY,0.0,0.0,0.0,0.0,0.0,
SS-025177-PV1,2018-02-09,SLURRY,0.0,0.0,0.0,0.0,0.0,
SS-007109-PV1,2018-02-09,SLURRY,0.0,0.0,0.0,0.0,0.0,
SS-019996-PV1,2018-02-09,SLURRY,0.0,0.0,0.0,0.0,0.0,
SS-006099-PV1,2018-02-09,SLURRY,0.0,0.0,0.0,0.0,0.0,
SS-001641-PV1,2018-02-09,SLURRY,0.0,0.0,0.0,0.0,0.0,
SS-016881-PV1,2018-02-09,SLURRY,0.0,0.0,0.0,0.0,0.0,
SS-006875-PV1,2018-02-09,SLURRY,0.0,0.0,0.0,0.0,0.0,
SS-018214-PV1,2018-02-09,SLURRY,0.0,0.0,0.0,0.0,0.0,
SS-024461-PV1,2018-02-09,SLURRY,0.0,0.0,0.0,0.0,0.0,
SS-019997-PV1,2018-02-09,SLURRY,0.0,0.0,0.0,0.0,0.0,
SS-023228-PV1,2018-02-09,SLURRY,0.0,0.0,0.0,0.0,0.0,
SS-023227-PV1,2018-02-09,SLURRY,0.0,0.0,0.0,0.0,0.0,
SS-005587-PV1,2018-02-09,SLURRY,0.0,0.0,0.0,0.0,0.0,
SS-005711-PV1,2018-02-09,SLURRY,0.0,0.0,0.0,0.0,0.0,
SS-006876-PV1,2018-02-09,SLURRY,0.0,0.5,0.0,4.535407618041715,-0.5,
SS-006877-PV1,2018-02-09,SLURRY,0.5,0.0,4.5222112516727035,0.0,0.5,100.0
SS-008731-PV1,2018-02-09,SLURRY,0.0,0.0,0.0,0.0,0.0,
SS-003535-PV1,2018-02-09,SLURRY,0.0,0.0,0.0,0.0,0.0,
SS-025189-PV1,2018-02-09,SLURRY,0.0,0.0,0.0,0.0,0.0,
SS-008387-PV1,2018-02-13,SLURRY,0.0,0.0,0.0,0.0,0.0,
SS-008386-PV1,2018-02-13,SLURRY,0.0,0.0,0.0,0.0,0.0,
SS-005652-PV1,2018-02-13,SLURRY,0.0,0.0,0.0,0.0,0.0,
SS-023273-PV1,2018-02-13,SLURRY,0.0,0.0,0.0,0.0,0.0,
SS-028883-PV1,2018-02-13,SLURRY,0.0,0.0,0.0,0.0,0.0,
SS-023274-PV1,2018-02-13,SLURRY,0.0,0.5,0.0,9.224270313048674,-0.5,
SS-016882-PV1,2018-02-13,SLURRY,0.0,0.0,0.0,0.0,0.0,
SS-027850-PV1,2018-02-13,SLURRY,0.0,0.0,0.0,0.0,0.0,
SS-028944-PV1,2018-02-13,SLURRY,0.0,0.0,0.0,0.0,0.0,
SS-003536-PV1,2018-02-13,SLURRY,0.0,0.0,0.0,0.0,0.0,
SS-017790-PV1,2018-02-13,SLURRY,0.0,0.0,0.0,0.0,0.0,
SS-019101-PV1,2018-02-13,SLURRY,0.0,0.0,0.0,0.0,0.0,
SS-026763-PV1,2018-02-13,SLURRY,0.0,0.0,0.0,0.0,0.0,
SS-026764-PV1,2018-02-13,SLURRY,0.0,0.0,0.0,0.0,0.0,
SS-026765-PV1,2018-02-13,SLURRY,0.0,0.0,0.0,0.0,0.0,
SS-008715-PV1,2018-02-13,SLURRY,0.0,0.0,0.0,0.0,0.0,
SS-008716-PV1,2018-02-13,SLURRY,0.0,0.0,0.0,0.0,0.0,
SS-019102-PV1,2018-02-13,SLURRY,0.0,0.5,0.0,7.460531246343917,-0.5,
SS-022336-PV1,2018-02-13,SLURRY,0.0,0.0,0.0,0.0,0.0,
SS-022338-PV1,2018-02-13,SLURRY,0.0,0.0,0.0,0.0,0.0,
SS-024466-PV1,2018-02-13,SLURRY,0.0,0.0,0.0,0.0,0.0,
SS-024465-PV1,2018-02-13,SLURRY,0.0,0.0,0.0,0.0,0.0,
SS-007961-PV1,2018-02-13,SLURRY,0.0,0.0,0.0,0.0,0.0,
SS-007960-PV1,2018-02-13,SLURRY,0.0,0.0,0.0,0.0,0.0,
SS-026893-PV1,2018-02-13,SLURRY,0.0,0.0,0.0,0.0,0.0,
SS-022337-PV1,2018-02-13,SLURRY,0.0,0.0,0.0,0.0,0.0,
SS-019103-PV1,2018-02-13,SLURRY,0.0,0.0,0.0,0.0,0.0,
SS-005653-PV1,2018-02-13,SLURRY,0.0,0.0,0.0,0.0,0.0,
SS-005845-PV1,2018-02-13,SLURRY,0.0,0.0,0.0,0.0,0.0,
SS-009060-PV1,2018-02-13,SLURRY,0.0,0.0,0.0,0.0,0.0,
SS-017791-PV1,2018-02-13,SLURRY,0.0,0.0,0.0,0.0,0.0,
SS-015936-PV1,2018-02-14,SLURRY,0.0,0.0,0.0,0.0,0.0,
SS-030266-PV1,2018-02-14,SLURRY,0.0,0.0,0.0,0.0,0.0,
SS-008379-PV1,2018-02-14,SLURRY,0.0,0.0,0.0,0.0,0.0,
SS-016990-PV1,2018-02-14,SLURRY,0.0,0.0,0.0,0.0,0.0,
SS-030267-PV1,2018-02-14,SLURRY,0.0,0.0,0.0,0.0,0.0,
SS-026385-PV1,2018-02-14,SLURRY,0.0,0.5,0.0,4.5241052553651775,-0.5,
SS-006622-PV1,2018-02-14,SLURRY,0.0,0.0,0.0,0.0,0.0,
SS-006621-PV1,2018-02-14,SLURRY,0.5,0.5,7.553777747257463,7.553777747257463,0.0,0.0
SS-021901-PV1,2018-02-14,SLURRY,0.0,0.0,0.0,0.0,0.0,
SS-008380-PV1,2018-02-14,SLURRY,0.0,0.0,0.0,0.0,0.0,
SS-005851-PV1,2018-02-14,SLURRY,0.0,0.0,0.0,0.0,0.0,
SS-003228-PV1,2018-02-15,SLURRY,0.0,0.0,0.0,0.0,0.0,
SS-003229-PV1,2018-02-15,SLURRY,0.0,0.0,0.0,0.0,0.0,
SS-008377-PV1,2018-02-15,SLURRY,0.0,0.0,0.0,0.0,0.0,
SS-005848-PV1,2018-02-15,SLURRY,0.0,0.0,0.0,0.0,0.0,
SS-026399-PV1,2018-02-15,SLURRY,0.0,0.0,0.0,0.0,0.0,
SS-030291-PV1,2018-02-15,SLURRY,0.0,0.0,0.0,0.0,0.0,
SS-026397-PV1,2018-02-15,SLURRY,0.0,0.0,0.0,0.0,0.0,
SS-026398-PV1,2018-02-15,SLURRY,0.0,0.0,0.0,0.0,0.0,
SS-003173-PV1,2018-02-15,SLURRY,0.0,0.0,0.0,0.0,0.0,
SS-027849-PV1,2018-02-15,SLURRY,0.0,0.0,0.0,0.0,0.0,
SS-011979-PV1,2018-02-15,SLURRY,0.0,0.0,0.0,0.0,0.0,
SS-015914-PV1,2018-02-15,SLURRY,0.0,0.0,0.0,0.0,0.0,
SS-022264-PV1,2018-02-15,SLURRY,0.0,0.0,0.0,0.0,0.0,
SS-022265-PV1,2018-02-15,SLURRY,0.0,0.0,0.0,0.0,0.0,
SS-030292-PV1,2018-02-15,SLURRY,0.0,0.0,0.0,0.0,0.0,
SS-022342-PV1,2018-02-15,SLURRY,0.0,0.0,0.0,0.0,0.0,
SS-003891-PV1,2018-02-15,SLURRY,0.0,0.0,0.0,0.0,0.0,
SS-008395-PV1,2018-02-15,SLURRY,0.0,0.0,0.0,0.0,0.0,
SS-015932-PV1,2018-02-15,SLURRY,0.0,0.0,0.0,0.0,0.0,
SS-005850-PV1,2018-02-15,SLURRY,0.0,0.0,0.0,0.0,0.0,
SS-015933-PV1,2018-02-15,SLURRY,0.0,0.5,0.0,7.606475530919027,-0.5,
SS-023231-PV1,2018-02-15,SLURRY,0.0,0.0,0.0,0.0,0.0,
SS-023276-PV1,2018-02-15,SLURRY,0.0,0.0,0.0,0.0,0.0,
SS-005849-PV1,2018-02-15,SLURRY,0.0,0.0,0.0,0.0,0.0,
SS-026891-PV1,2018-02-15,SLURRY,0.0,0.0,0.0,0.0,0.0,
SS-006623-PV1,2018-02-15,SLURRY,0.0,0.5,0.0,7.6012105503650735,-0.5,
SS-003354-PV1,2018-02-16,SLURRY,0.0,0.0,0.0,0.0,0.0,
SS-026892-PV1,2018-02-16,SLURRY,0.0,0.0,0.0,0.0,0.0,
SS-026400-PV1,2018-02-16,SLURRY,0.0,0.5,0.0,5.696102571272483,-0.5,
SS-018867-PV1,2018-02-16,SLURRY,0.0,0.0,0.0,0.0,0.0,
SS-018868-PV1,2018-02-16,SLURRY,0.0,0.0,0.0,0.0,0.0,
SS-010181-PV1,2018-02-16,SLURRY,0.0,0.0,0.0,0.0,0.0,
SS-018872-PV1,2018-02-16,SLURRY,0.0,0.0,0.0,0.0,0.0,
SS-010182-PV1,2018-02-16,SLURRY,0.0,0.0,0.0,0.0,0.0,
SS-026401-PV1,2018-02-16,SLURRY,0.0,0.0,0.0,0.0,0.0,
SS-026254-PV1,2018-02-16,SLURRY,0.0,0.0,0.0,0.0,0.0,
SS-012891-PV1,2018-02-16,SLURRY,0.0,0.0,0.0,0.0,0.0,
SS-027852-PV1,2018-02-16,SLURRY,0.0,0.0,0.0,0.0,0.0,
SS-022978-PV1,2018-02-16,OVERLAY,0.0,0.0,0.0,0.0,0.0,
SS-001830-PV1,2018-02-16,SLURRY,0.0,0.0,0.0,0.0,0.0,
SS-014553-PV1,2018-02-16,SLURRY,0.0,0.0,0.0,0.0,0.0,
SS-027348-PV1,2018-02-16,SLURRY,0.0,0.0,0.0,0.0,0.0,
SS-020181-PV1,2018-02-20,SLURRY,0.0,0.5,0.0,7.109707362829104,-0.5,
SS-020182-PV1,2018-02-20,SLURRY,0.0,0.0,0.0,0.0,0.0,
SS-023816-PV1,2018-02-20,SLURRY,0.0,0.0,0.0,0.0,0.0,
SS-006100-PV1,2018-02-20,SLURRY,0.0,0.0,0.0,0.0,0.0,
SS-003693-PV1,2018-02-20,SLURRY,0.0,0.0,0.0,0.0,0.0,
SS-024462-PV1,2018-02-20,SLURRY,0.0,0.0,0.0,0.0,0.0,
SS-003893-PV1,2018-02-20,SLURRY,0.0,0.0,0.0,0.0,0.0,
SS-024463-PV1,2018-02-20,SLURRY,0.0,0.0,0.0,0.0,0.0,
SS-024464-PV1,2018-02-20,SLURRY,0.0,0.0,0.0,0.0,0.0,
SS-003692-PV1,2018-02-20,SLURRY,0.0,0.5,0.0,7.532864260354051,-0.5,
SS-003230-PV1,2018-02-20,SLURRY,0.0,0.0,0.0,0.0,0.0,
SS-001805-PV1,2018-02-20,SLURRY,0.0,0.0,0.0,0.0,0.0,
SS-010314-PV1,2018-02-20,SLURRY,0.0,0.0,0.0,0.0,0.0,
SS-008712-PV1,2018-02-20,SLURRY,0.0,0.0,0.0,0.0,0.0,
SS-026656-PV1,2018-02-20,SLURRY,0.0,0.0,0.0,0.0,0.0,
SS-015960-PV1,2018-02-20,SLURRY,0.0,0.5,0.0,4.825236866125632,-0.5,
SS-008383-PV1,2018-02-20,SLURRY,0.0,0.0,0.0,0.0,0.0,
SS-015606-PV1,2018-02-20,SLURRY,0.0,0.0,0.0,0.0,0.0,
SS-022222-PV1,2018-02-20,SLURRY,0.5,0.0,2.8212060655930413,0.0,0.5,100.0
SS-007108-PV1,2018-02-20,SLURRY,0.0,0.0,0.0,0.0,0.0,
SS-023229-PV1,2018-02-20,SLURRY,0.0,0.0,0.0,0.0,0.0,
SS-003172-PV1,2018-02-20,SLURRY,0.0,0.0,0.0,0.0,0.0,
SS-008713-PV1,2018-02-20,SLURRY,0.0,0.0,0.0,0.0,0.0,
SS-008714-PV1,2018-02-20,SLURRY,0.0,0.0,0.0,0.0,0.0,
SS-003892-PV1,2018-02-20,SLURRY,0.0,0.0,0.0,0.0,0.0,
SS-005710-PV1,2018-02-20,SLURRY,0.0,0.0,0.0,0.0,0.0,
SS-023230-PV1,2018-02-20,SLURRY,0.0,0.5,0.0,9.030432557719514,-0.5,
SS-010313-PV1,2018-02-20,SLURRY,0.0,0.0,0.0,0.0,0.0,
SS-027851-PV1,2018-02-20,SLURRY,0.0,0.0,0.0,0.0,0.0,
SS-003894-PV1,2018-02-20,SLURRY,0.0,0.0,0.0,0.0,0.0,
SS-025067-PV1,2018-02-20,SLURRY,0.0,0.0,0.0,0.0,0.0,
SS-009861-PV1,2018-02-22,SLURRY,0.0,0.0,0.0,0.0,0.0,
SS-006083-PV1,2018-02-22,SLURRY,0.0,0.0,0.0,0.0,0.0,
SS-018825-PV1,2018-02-22,SLURRY,0.0,0.0,0.0,0.0,0.0,
SS-023126-PV1,2018-02-22,SLURRY,0.0,0.0,0.0,0.0,0.0,
SS-018076-PV1,2018-02-22,SLURRY,0.5,0.5,3.5180992882245485,3.5180992882245485,0.0,0.0
SS-009858-PV1,2018-02-22,SLURRY,0.0,0.0,0.0,0.0,0.0,
SS-009006-PV1,2018-02-22,SLURRY,0.0,0.0,0.0,0.0,0.0,
SS-026253-PV1,2018-02-22,SLURRY,0.0,0.5,0.0,6.54066472478295,-0.5,
SS-018078-PV1,2018-02-22,SLURRY,0.0,0.0,0.0,0.0,0.0,
SS-008948-PV1,2018-02-22,SLURRY,0.5,0.0,3.9842573540486543,0.0,0.5,100.0
SS-028898-PV1,2018-02-23,SLURRY,0.0,0.0,0.0,0.0,0.0,
SS-010862-PV1,2018-02-23,SLURRY,0.0,0.0,0.0,0.0,0.0,
SS-010913-PV1,2018-02-23,SLURRY,0.0,0.0,0.0,0.0,0.0,
SS-028349-PV1,2018-02-23,SLURRY,0.0,0.0,0.0,0.0,0.0,
SS-028918-PV1,2018-02-23,SLURRY,0.0,0.0,0.0,0.0,0.0,
SS-029046-PV1,2018-02-23,SLURRY,0.0,0.0,0.0,0.0,0.0,
SS-010869-PV1,2018-02-23,SLURRY,0.0,0.0,0.0,0.0,0.0,
SS-028919-PV1,2018-02-23,SLURRY,0.0,0.0,0.0,0.0,0.0,
SS-008020-PV1,2018-02-23,SLURRY,0.0,0.0,0.0,0.0,0.0,
SS-011080-PV1,2018-02-23,SLURRY,0.0,0.0,0.0,0.0,0.0,
SS-016365-PV1,2018-02-23,SLURRY,0.0,0.0,0.0,0.0,0.0,
SS-022038-PV1,2018-02-23,SLURRY,0.0,0.0,0.0,0.0,0.0,
SS-024241-PV1,2018-02-23,SLURRY,0.0,0.0,0.0,0.0,0.0,
SS-024680-PV1,2018-02-23,SLURRY,0.0,0.0,0.0,0.0,0.0,
SS-024242-PV1,2018-02-23,SLURRY,0.0,0.0,0.0,0.0,0.0,
SS-024243-PV1,2018-02-23,SLURRY,0.0,0.0,0.0,0.0,0.0,
SS-016364-PV1,2018-02-23,SLURRY,0.0,0.0,0.0,0.0,0.0,
SS-030859-PV1,2018-02-23,SLURRY,0.0,0.0,0.0,0.0,0.0,
SS-030394-PV1,2018-02-23,SLURRY,0.0,0.0,0.0,0.0,0.0,
SS-025271-PV1,2018-02-23,SLURRY,0.0,0.0,0.0,0.0,0.0,
SS-012833-PV1,2018-02-23,SLURRY,0.0,0.0,0.0,0.0,0.0,
SS-012832-PV1,2018-02-23,SLURRY,0.0,0.0,0.0,0.0,0.0,
SS-011079-PV1,2018-02-23,SLURRY,0.0,0.0,0.0,0.0,0.0,
SS-011081-PV1,2018-02-23,SLURRY,0.0,0.0,0.0,0.0,0.0,
SS-015039-PV1,2018-02-23,SLURRY,0.0,0.0,0.0,0.0,0.0,
SS-012831-PV1,2018-02-23,SLURRY,0.0,0.0,0.0,0.0,0.0,
SS-027351-PV1,2018-02-23,SLURRY,0.0,0.5,0.0,3.9878437230509,-0.5,
SS-026812-PV1,2018-02-23,SLURRY,0.0,0.0,0.0,0.0,0.0,
SS-026839-PV1,2018-02-23,SLURRY,0.0,0.0,0.0,0.0,0.0,
SS-011407-PV1,2018-02-23,SLURRY,0.0,0.0,0.0,0.0,0.0,
SS-026838-PV1,2018-02-23,SLURRY,0.0,0.0,0.0,0.0,0.0,
SS-018823-PV1,2018-02-23,SLURRY,0.0,1.0,0.0,5.881043203502251,-1.0,
SS-026841-PV1,2018-02-23,SLURRY,0.0,0.0,0.0,0.0,0.0,
SS-018824-PV1,2018-02-23,SLURRY,0.0,0.0,0.0,0.0,0.0,
SS-026840-PV1,2018-02-23,SLURRY,0.0,0.0,0.0,0.0,0.0,
SS-027350-PV1,2018-02-23,SLURRY,0.5,0.5,6.150654695256028,6.150654695256028,0.0,0.0
SS-030398-PV1,2018-02-26,SLURRY,0.0,0.0,0.0,0.0,0.0,
SS-011976-PV1,2018-02-26,OVERLAY,0.0,0.0,0.0,0.0,0.0,
SS-030870-PV1,2018-02-26,SLURRY,0.0,0.0,0.0,0.0,0.0,
SS-002478-PV1,2018-02-26,SLURRY,0.0,0.0,0.0,0.0,0.0,
SS-014536-PV1,2018-02-26,OVERLAY,0.0,0.0,0.0,0.0,0.0,
SS-026402-PV1,2018-02-26,SLURRY,0.0,0.0,0.0,0.0,0.0,
SS-028914-PV1,2018-02-26,SLURRY,0.0,0.0,0.0,0.0,0.0,
SS-030866-PV1,2018-02-26,SLURRY,0.0,0.0,0.0,0.0,0.0,
SS-018077-PV1,2018-02-26,SLURRY,0.0,0.0,0.0,0.0,0.0,
SS-030395-PV1,2018-02-26,SLURRY,0.0,0.0,0.0,0.0,0.0,
SS-006533-PV1,2018-02-26,SLURRY,0.0,0.0,0.0,0.0,0.0,
SS-030400-PV1,2018-02-26,SLURRY,0.0,0.0,0.0,0.0,0.0,
SS-030399-PV1,2018-02-26,SLURRY,0.0,0.0,0.0,0.0,0.0,
SS-010873-PV1,2018-02-26,SLURRY,0.0,0.0,0.0,0.0,0.0,
SS-030396-PV1,2018-02-26,SLURRY,0.0,0.0,0.0,0.0,0.0,
SS-006532-PV1,2018-02-26,SLURRY,0.0,0.0,0.0,0.0,0.0,
SS-030850-PV1,2018-02-26,SLURRY,0.0,0.0,0.0,0.0,0.0,
SS-004815-PV1,2018-02-26,SLURRY,0.0,0.0,0.0,0.0,0.0,
SS-030851-PV1,2018-02-26,SLURRY,0.0,0.0,0.0,0.0,0.0,
SS-010874-PV1,2018-02-26,SLURRY,0.0,0.0,0.0,0.0,0.0,
SS-010875-PV1,2018-02-26,SLURRY,0.0,0.0,0.0,0.0,0.0,
SS-001645-PV1,2018-02-28,SLURRY,0.0,0.0,0.0,0.0,0.0,
SS-010164-PV1,2018-02-28,SLURRY,0.0,0.0,0.0,0.0,0.0,
SS-025999-PV1,2018-02-28,SLURRY,0.0,0.0,0.0,0.0,0.0,
SS-016601-PV1,2018-02-28,SLURRY,0.0,0.0,0.0,0.0,0.0,
SS-028916-PV1,2018-02-28,SLURRY,0.0,0.0,0.0,0.0,0.0,
SS-028917-PV1,2018-02-28,SLURRY,0.0,0.0,0.0,0.0,0.0,
SS-003281-PV1,2018-02-28,SLURRY,0.0,0.5,0.0,6.043763717226032,-0.5,
SS-028915-PV1,2018-02-28,SLURRY,0.0,0.0,0.0,0.0,0.0,
SS-006086-PV1,2018-02-28,SLURRY,0.5,0.0,8.158222545804248,0.0,0.5,100.0
SS-030393-PV1,2018-02-28,SLURRY,0.0,0.0,0.0,0.0,0.0,
SS-006107-PV1,2018-02-28,SLURRY,0.0,0.0,0.0,0.0,0.0,
SS-026000-PV1,2018-02-28,SLURRY,0.0,0.0,0.0,0.0,0.0,
SS-003175-PV1,2018-02-28,SLURRY,0.0,0.0,0.0,0.0,0.0,
SS-028125-PV1,2018-02-28,SLURRY,0.0,2.0,0.0,16.02411143191369,-2.0,
SS-008677-PV1,2018-02-28,SLURRY,0.0,0.5,0.0,7.908413383551758,-0.5,
SS-022036-PV1,2018-02-28,SLURRY,0.0,0.0,0.0,0.0,0.0,
SS-008676-PV1,2018-02-28,SLURRY,0.0,0.0,0.0,0.0,0.0,
SS-002480-PV1,2018-02-28,SLURRY,0.0,0.0,0.0,0.0,0.0,
SS-024679-PV1,2018-02-28,SLURRY,0.0,0.0,0.0,0.0,0.0,
SS-002477-PV1,2018-02-28,SLURRY,0.0,0.0,0.0,0.0,0.0,
SS-013397-PV1,2018-02-28,SLURRY,0.0,0.0,0.0,0.0,0.0,
SS-030854-PV1,2018-02-28,SLURRY,0.0,0.0,0.0,0.0,0.0,
SS-008945-PV1,2018-02-28,SLURRY,0.0,0.5,0.0,4.023110330600615,-0.5,
SS-028126-PV1,2018-02-28,SLURRY,0.0,5.5,0.0,43.73448528923419,-5.5,
SS-003174-PV1,2018-02-28,SLURRY,0.0,0.0,0.0,0.0,0.0,
SS-008323-PV1,2018-02-28,SLURRY,0.0,0.0,0.0,0.0,0.0,
SS-022341-PV1,2018-02-28,SLURRY,0.0,0.0,0.0,0.0,0.0,
SS-002465-PV1,2018-02-28,SLURRY,0.0,0.0,0.0,0.0,0.0,
SS-002464-PV1,2018-02-28,SLURRY,0.0,0.0,0.0,0.0,0.0,
SS-028124-PV1,2018-02-28,SLURRY,0.0,2.0,0.0,28.024815762048082,-2.0,
SS-003282-PV1,2018-02-28,SLURRY,0.0,0.0,0.0,0.0,0.0,
SS-008675-PV1,2018-02-28,SLURRY,0.0,0.0,0.0,0.0,0.0,
SS-020649-PV1,2018-02-28,SLURRY,0.0,0.0,0.0,0.0,0.0,
SS-030392-PV1,2018-02-28,SLURRY,0.0,0.0,0.0,0.0,0.0,
SS-027349-PV1,2018-02-28,SLURRY,0.0,0.0,0.0,0.0,0.0,
SS-009083-PV1,2018-02-28,SLURRY,0.0,0.0,0.0,0.0,0.0,
SS-011198-PV1,2018-02-28,SLURRY,0.0,0.0,0.0,0.0,0.0,
SS-006085-PV1,2018-02-28,SLURRY,0.0,0.5,0.0,8.10311334506034,-0.5,
SS-011408-PV1,2018-02-28,SLURRY,0.0,0.0,0.0,0.0,0.0,
SS-028945-PV1,2018-02-28,SLURRY,0.0,0.0,0.0,0.0,0.0,
SS-007446-PV1,2018-02-28,SLURRY,0.0,0.0,0.0,0.0,0.0,
SS-024224-PV1,2018-02-28,SLURRY,0.0,0.0,0.0,0.0,0.0,
SS-024223-PV1,2018-02-28,SLURRY,0.0,0.0,0.0,0.0,0.0,
SS-017020-PV1,2018-02-28,SLURRY,0.0,0.0,0.0,0.0,0.0,
SS-010613-PV1,2018-02-28,SLURRY,0.0,0.0,0.0,0.0,0.0,
SS-006637-PV1,2018-02-28,SLURRY,0.0,0.0,0.0,0.0,0.0,
SS-010614-PV1,2018-02-28,SLURRY,0.0,0.0,0.0,0.0,0.0,
SS-010612-PV1,2018-02-28,SLURRY,0.0,0.0,0.0,0.0,0.0,
SS-016911-PV1,2018-02-28,SLURRY,0.0,0.0,0.0,0.0,0.0,
SS-010615-PV1,2018-02-28,SLURRY,0.0,0.0,0.0,0.0,0.0,
SS-002569-PV1,2018-02-28,SLURRY,0.0,0.0,0.0,0.0,0.0,
SS-005837-PV1,2018-02-28,SLURRY,0.0,0.0,0.0,0.0,0.0,
SS-017737-PV1,2018-02-28,SLURRY,0.0,0.0,0.0,0.0,0.0,
SS-017736-PV1,2018-02-28,SLURRY,0.0,0.0,0.0,0.0,0.0,
SS-017735-PV1,2018-02-28,SLURRY,0.0,0.0,0.0,0.0,0.0,
SS-005836-PV1,2018-02-28,SLURRY,0.0,0.0,0.0,0.0,0.0,
SS-002570-PV1,2018-02-28,SLURRY,0.0,0.0,0.0,0.0,0.0,
SS-001800-PV1,2018-02-28,SLURRY,0.0,0.0,0.0,0.0,0.0,
SS-014885-PV1,2018-02-28,OVERLAY,0.0,0.0,0.0,0.0,0.0,
SS-008812-PV1,2018-02-28,SLURRY,0.0,0.0,0.0,0.0,0.0,
SS-002479-PV1,2018-02-28,SLURRY,0.0,0.0,0.0,0.0,0.0,
SS-007445-PV1,2018-02-28,SLURRY,0.0,0.0,0.0,0.0,0.0,
SS-007444-PV1,2018-02-28,SLURRY,0.0,0.0,0.0,0.0,0.0,
SS-002311-PV1,2018-02-28,SLURRY,0.0,0.0,0.0,0.0,0.0,
SS-024245-PV1,2018-02-28,SLURRY,0.0,0.0,0.0,0.0,0.0,
SS-024244-PV1,2018-02-28,SLURRY,0.0,0.0,0.0,0.0,0.0,
SS-008520-PV1,2018-03-01,SLURRY,0.0,0.0,0.0,0.0,0.0,
SS-013857-PV1,2018-03-01,OVERLAY,0.0,0.0,0.0,0.0,0.0,
SS-030905-PV1,2018-03-01,SLURRY,0.0,0.0,0.0,0.0,0.0,
SS-028346-PV1,2018-03-01,SLURRY,0.0,0.0,0.0,0.0,0.0,
SS-030868-PV1,2018-03-01,SLURRY,0.0,0.0,0.0,0.0,0.0,
SS-030867-PV1,2018-03-01,SLURRY,0.0,0.0,0.0,0.0,0.0,
SS-002461-PV1,2018-03-01,SLURRY,0.0,0.0,0.0,0.0,0.0,
SS-014888-PV1,2018-03-01,OVERLAY,0.0,0.0,0.0,0.0,0.0,
SS-014884-PV1,2018-03-01,OVERLAY,0.0,0.0,0.0,0.0,0.0,
SS-014883-PV1,2018-03-01,OVERLAY,0.0,0.0,0.0,0.0,0.0,
SS-031722-PV1,2018-03-01,SLURRY,0.0,0.0,0.0,0.0,0.0,
SS-002460-PV1,2018-03-01,SLURRY,0.0,0.0,0.0,0.0,0.0,
SS-010617-PV1,2018-03-01,SLURRY,0.0,0.0,0.0,0.0,0.0,
SS-030856-PV1,2018-03-01,SLURRY,0.0,0.0,0.0,0.0,0.0,
SS-017503-PV1,2018-03-01,SLURRY,0.0,0.0,0.0,0.0,0.0,
SS-008521-PV1,2018-03-01,SLURRY,0.0,0.0,0.0,0.0,0.0,
SS-026002-PV1,2018-03-01,OVERLAY,0.0,0.0,0.0,0.0,0.0,
SS-007330-PV1,2018-03-01,SLURRY,0.0,0.0,0.0,0.0,0.0,
SS-028348-PV1,2018-03-01,SLURRY,0.0,0.0,0.0,0.0,0.0,
SS-025997-PV1,2018-03-01,SLURRY,0.0,0.0,0.0,0.0,0.0,
SS-010911-PV1,2018-03-01,SLURRY,0.0,0.0,0.0,0.0,0.0,
SS-030873-PV1,2018-03-01,SLURRY,0.0,0.0,0.0,0.0,0.0,
SS-013844-PV1,2018-03-01,OVERLAY,0.0,0.0,0.0,0.0,0.0,
SS-030877-PV1,2018-03-01,SLURRY,0.0,0.0,0.0,0.0,0.0,
SS-025998-PV1,2018-03-01,SLURRY,0.0,0.0,0.0,0.0,0.0,
SS-002462-PV1,2018-03-01,SLURRY,0.0,0.0,0.0,0.0,0.0,
SS-014476-PV1,2018-03-01,SLURRY,0.0,0.0,0.0,0.0,0.0,
SS-014882-PV1,2018-03-02,OVERLAY,0.0,0.0,0.0,0.0,0.0,
SS-013843-PV1,2018-03-02,OVERLAY,0.0,0.0,0.0,0.0,0.0,
SS-022760-PV1,2018-03-05,SLURRY,0.0,0.5,0.0,4.301663961832508,-0.5,
SS-009003-PV1,2018-03-05,SLURRY,0.0,0.0,0.0,0.0,0.0,
SS-009002-PV1,2018-03-05,SLURRY,0.0,0.0,0.0,0.0,0.0,
SS-030860-PV1,2018-03-05,SLURRY,0.0,0.0,0.0,0.0,0.0,
SS-025903-PV1,2018-03-05,SLURRY,0.0,0.0,0.0,0.0,0.0,
SS-025654-PV1,2018-03-05,SLURRY,0.0,0.0,0.0,0.0,0.0,
SS-021616-PV1,2018-03-05,SLURRY,0.0,0.0,0.0,0.0,0.0,
SS-012108-PV1,2018-03-05,SLURRY,0.0,0.0,0.0,0.0,0.0,
SS-030853-PV1,2018-03-05,SLURRY,0.0,0.0,0.0,0.0,0.0,
SS-022236-PV1,2018-03-05,SLURRY,0.0,0.0,0.0,0.0,0.0,
SS-003499-PV1,2018-03-05,SLURRY,0.0,0.0,0.0,0.0,0.0,
SS-017738-PV1,2018-03-05,SLURRY,0.0,0.0,0.0,0.0,0.0,
SS-004824-PV1,2018-03-05,SLURRY,0.0,0.0,0.0,0.0,0.0,
SS-004823-PV1,2018-03-05,SLURRY,0.0,0.0,0.0,0.0,0.0,
SS-024681-PV1,2018-03-05,SLURRY,0.0,0.0,0.0,0.0,0.0,
SS-022037-PV1,2018-03-05,SLURRY,0.0,0.0,0.0,0.0,0.0,
SS-025905-PV1,2018-03-05,SLURRY,0.0,0.0,0.0,0.0,0.0,
SS-025906-PV1,2018-03-05,SLURRY,0.5,2.5,7.047400710399347,35.237003551996736,-2.0,-400.0
SS-017739-PV1,2018-03-05,SLURRY,0.0,0.0,0.0,0.0,0.0,
SS-025904-PV1,2018-03-05,SLURRY,0.0,1.5,0.0,21.175700562760284,-1.5,
SS-012335-PV1,2018-03-05,SLURRY,0.0,0.0,0.0,0.0,0.0,
SS-012334-PV1,2018-03-05,SLURRY,0.0,0.0,0.0,0.0,0.0,
SS-030896-PV1,2018-03-05,SLURRY,0.0,0.0,0.0,0.0,0.0,
SS-020650-PV1,2018-03-05,SLURRY,0.0,0.0,0.0,0.0,0.0,
SS-030869-PV1,2018-03-05,SLURRY,0.5,0.0,2.9599793967494716,0.0,0.5,100.0
SS-020151-PV1,2018-03-05,SLURRY,0.0,0.0,0.0,0.0,0.0,
SS-003916-PV1,2018-03-05,SLURRY,0.0,0.0,0.0,0.0,0.0,
SS-030878-PV1,2018-03-05,SLURRY,0.0,0.0,0.0,0.0,0.0,
SS-030906-PV1,2018-03-05,SLURRY,0.0,0.0,0.0,0.0,0.0,
SS-030907-PV1,2018-03-05,SLURRY,0.0,0.0,0.0,0.0,0.0,
SS-028347-PV1,2018-03-05,SLURRY,0.0,0.0,0.0,0.0,0.0,
SS-028943-PV1,2018-03-05,SLURRY,0.0,0.0,0.0,0.0,0.0,
SS-006865-PV1,2018-03-05,SLURRY,0.0,0.0,0.0,0.0,0.0,
SS-024226-PV1,2018-03-05,SLURRY,0.0,0.0,0.0,0.0,0.0,
SS-021485-PV1,2018-03-05,SLURRY,0.0,0.0,0.0,0.0,0.0,
SS-030879-PV1,2018-03-05,SLURRY,0.0,0.0,0.0,0.0,0.0,
SS-024225-PV1,2018-03-05,SLURRY,0.0,0.0,0.0,0.0,0.0,
SS-019494-PV1,2018-03-06,SLURRY,0.0,0.0,0.0,0.0,0.0,
SS-030904-PV1,2018-03-06,SLURRY,0.0,0.0,0.0,0.0,0.0,
SS-008678-PV1,2018-03-06,SLURRY,0.0,0.0,0.0,0.0,0.0,
SS-008679-PV1,2018-03-06,SLURRY,0.0,0.0,0.0,0.0,0.0,
SS-030864-PV1,2018-03-06,SLURRY,0.0,0.0,0.0,0.0,0.0,
SS-027953-PV1,2018-03-06,SLURRY,0.0,0.0,0.0,0.0,0.0,
SS-013279-PV1,2018-03-06,SLURRY,0.0,0.0,0.0,0.0,0.0,
SS-013280-PV1,2018-03-06,SLURRY,0.0,0.0,0.0,0.0,0.0,
SS-023275-PV1,2018-03-06,SLURRY,0.0,0.0,0.0,0.0,0.0,
SS-002463-PV1,2018-03-06,SLURRY,0.0,0.0,0.0,0.0,0.0,
SS-017866-PV1,2018-03-06,SLURRY,0.5,0.0,6.943215282016836,0.0,0.5,100.0
SS-030865-PV1,2018-03-06,SLURRY,0.0,0.0,0.0,0.0,0.0,
SS-013278-PV1,2018-03-06,SLURRY,0.0,0.0,0.0,0.0,0.0,
SS-030862-PV1,2018-03-06,SLURRY,0.5,0.0,2.4393716806873558,0.0,0.5,100.0
SS-030861-PV1,2018-03-06,SLURRY,0.0,0.0,0.0,0.0,0.0,
SS-003266-PV1,2018-03-06,SLURRY,0.0,0.0,0.0,0.0,0.0,
SS-022340-PV1,2018-03-06,SLURRY,0.0,0.0,0.0,0.0,0.0,
SS-028127-PV1,2018-03-06,SLURRY,0.5,3.0,4.031703853026069,24.190223118156414,-2.5,-500.0
SS-028128-PV1,2018-03-06,SLURRY,0.5,3.0,4.049004612030973,24.294027672185837,-2.5,-500.0
SS-016366-PV1,2018-03-06,SLURRY,0.0,0.0,0.0,0.0,0.0,
SS-006108-PV1,2018-03-06,SLURRY,0.0,0.0,0.0,0.0,0.0,
SS-009482-PV1,2018-03-06,SLURRY,0.0,0.0,0.0,0.0,0.0,
SS-006105-PV1,2018-03-06,SLURRY,0.0,0.0,0.0,0.0,0.0,
SS-006104-PV1,2018-03-06,SLURRY,0.0,0.0,0.0,0.0,0.0,
SS-030397-PV1,2018-03-06,SLURRY,0.0,0.0,0.0,0.0,0.0,
SS-022339-PV1,2018-03-06,SLURRY,0.0,0.0,0.0,0.0,0.0,
SS-015038-PV1,2018-03-06,SLURRY,0.0,0.0,0.0,0.0,0.0,
SS-024222-PV1,2018-03-06,SLURRY,0.0,0.0,0.0,0.0,0.0,
SS-024221-PV1,2018-03-06,SLURRY,0.0,0.0,0.0,0.0,0.0,
SS-024220-PV1,2018-03-06,SLURRY,0.0,0.0,0.0,0.0,0.0,
SS-024219-PV1,2018-03-06,SLURRY,0.0,0.0,0.0,0.0,0.0,
SS-024218-PV1,2018-03-06,SLURRY,0.0,0.0,0.0,0.0,0.0,
SS-024217-PV1,2018-03-06,SLURRY,0.0,0.0,0.0,0.0,0.0,
SS-022754-PV1,2018-03-06,SLURRY,0.0,0.0,0.0,0.0,0.0,
SS-022755-PV1,2018-03-06,SLURRY,0.0,0.0,0.0,0.0,0.0,
SS-022756-PV1,2018-03-06,SLURRY,0.0,0.0,0.0,0.0,0.0,
SS-015037-PV1,2018-03-06,SLURRY,0.0,0.0,0.0,0.0,0.0,
SS-004433-PV1,2018-03-06,SLURRY,0.0,0.0,0.0,0.0,0.0,
SS-019495-PV1,2018-03-06,SLURRY,0.0,0.0,0.0,0.0,0.0,
SS-009160-PV1,2018-03-06,SLURRY,0.0,0.0,0.0,0.0,0.0,
SS-008946-PV1,2018-03-06,SLURRY,0.0,0.0,0.0,0.0,0.0,
SS-008947-PV1,2018-03-06,SLURRY,0.0,0.0,0.0,0.0,0.0,
SS-009159-PV1,2018-03-06,SLURRY,0.0,0.0,0.0,0.0,0.0,
SS-009158-PV1,2018-03-06,SLURRY,0.0,0.0,0.0,0.0,0.0,
SS-009161-PV1,2018-03-06,SLURRY,0.0,0.0,0.0,0.0,0.0,
SS-008680-PV1,2018-03-06,SLURRY,0.0,0.0,0.0,0.0,0.0,
SS-007090-PV1,2018-03-06,SLURRY,0.0,0.0,0.0,0.0,0.0,
SS-017814-PV1,2018-03-07,SLURRY,0.0,0.0,0.0,0.0,0.0,
SS-028920-PV1,2018-03-07,SLURRY,0.0,0.0,0.0,0.0,0.0,
SS-006106-PV1,2018-03-07,SLURRY,0.0,0.0,0.0,0.0,0.0,
SS-030857-PV1,2018-03-07,SLURRY,0.0,0.0,0.0,0.0,0.0,
SS-030895-PV1,2018-03-07,SLURRY,0.0,0.0,0.0,0.0,0.0,
SS-030858-PV1,2018-03-07,SLURRY,0.0,0.0,0.0,0.0,0.0,
SS-009155-PV1,2018-03-07,SLURRY,0.0,0.0,0.0,0.0,0.0,
SS-017815-PV1,2018-03-07,SLURRY,0.0,0.0,0.0,0.0,0.0,
SS-002467-PV1,2018-03-07,SLURRY,0.0,0.0,0.0,0.0,0.0,
SS-010912-PV1,2018-03-07,SLURRY,0.0,0.5,0.0,12.02646368668511,-0.5,
SS-025613-PV1,2018-03-07,SLURRY,0.0,0.0,0.0,0.0,0.0,
SS-010914-PV1,2018-03-07,SLURRY,0.0,0.0,0.0,0.0,0.0,
SS-004816-PV1,2018-03-07,SLURRY,0.0,0.0,0.0,0.0,0.0,
SS-010915-PV1,2018-03-07,SLURRY,0.5,0.0,4.915175978194492,0.0,0.5,100.0
SS-030863-PV1,2018-03-07,SLURRY,0.0,0.5,0.0,2.089871438075368,-0.5,
SS-027427-PV1,2018-03-07,SLURRY,0.0,0.0,0.0,0.0,0.0,
SS-009156-PV1,2018-03-07,SLURRY,0.0,0.0,0.0,0.0,0.0,
SS-025639-PV1,2018-03-07,SLURRY,0.0,0.0,0.0,0.0,0.0,
SS-025638-PV1,2018-03-07,SLURRY,0.0,0.0,0.0,0.0,0.0,
SS-002466-PV1,2018-03-07,SLURRY,0.0,0.0,0.0,0.0,0.0,
SS-009129-PV1,2018-03-07,SLURRY,0.0,0.0,0.0,0.0,0.0,
SS-009130-PV1,2018-03-07,SLURRY,0.0,0.0,0.0,0.0,0.0,
SS-019910-PV1,2018-03-07,SLURRY,0.0,0.0,0.0,0.0,0.0,
SS-010616-PV1,2018-03-07,SLURRY,0.0,0.0,0.0,0.0,0.0,
SS-010618-PV1,2018-03-07,SLURRY,0.0,0.0,0.0,0.0,0.0,
SS-017813-PV1,2018-03-07,SLURRY,0.0,0.0,0.0,0.0,0.0,
SS-023877-PV1,2018-03-07,SLURRY,0.0,0.0,0.0,0.0,0.0,
SS-030608-PV1,2018-03-08,SLURRY,0.0,0.0,0.0,0.0,0.0,
SS-025612-PV1,2018-03-08,SLURRY,0.0,0.0,0.0,0.0,0.0,
SS-007438-PV1,2018-03-08,SLURRY,0.0,0.0,0.0,0.0,0.0,
SS-026509-PV1,2018-03-08,SLURRY,0.0,0.0,0.0,0.0,0.0,
SS-025611-PV1,2018-03-08,SLURRY,0.0,0.0,0.0,0.0,0.0,
SS-017358-PV1,2018-03-08,SLURRY,0.0,0.0,0.0,0.0,0.0,
SS-020386-PV1,2018-03-08,SLURRY,0.0,0.0,0.0,0.0,0.0,
SS-032218-PV1,2018-03-08,SLURRY,0.0,0.0,0.0,0.0,0.0,
SS-032219-PV1,2018-03-08,SLURRY,0.0,0.0,0.0,0.0,0.0,
SS-020387-PV1,2018-03-08,SLURRY,0.0,0.5,0.0,5.22750746107883,-0.5,
SS-020388-PV1,2018-03-08,SLURRY,0.0,0.0,0.0,0.0,0.0,
SS-030490-PV1,2018-03-08,SLURRY,0.0,0.0,0.0,0.0,0.0,
SS-017359-PV1,2018-03-08,SLURRY,0.0,0.0,0.0,0.0,0.0,
SS-008198-PV1,2018-03-09,SLURRY,0.0,0.0,0.0,0.0,0.0,
SS-026832-PV1,2018-03-09,SLURRY,0.0,0.0,0.0,0.0,0.0,
SS-025050-PV1,2018-03-09,SLURRY,0.0,0.0,0.0,0.0,0.0,
SS-026833-PV1,2018-03-09,SLURRY,0.5,0.0,9.920735577448815,0.0,0.5,100.0
SS-030720-PV1,2018-03-09,SLURRY,0.0,1.0,0.0,5.530004884837648,-1.0,
SS-012668-PV1,2018-03-09,SLURRY,0.0,0.0,0.0,0.0,0.0,
SS-013611-PV1,2018-03-09,SLURRY,0.0,0.0,0.0,0.0,0.0,
SS-013612-PV1,2018-03-09,SLURRY,0.0,0.0,0.0,0.0,0.0,
SS-014528-PV1,2018-03-09,SLURRY,0.0,0.0,0.0,0.0,0.0,
SS-007439-PV1,2018-03-09,SLURRY,0.0,0.0,0.0,0.0,0.0,
SS-002452-PV1,2018-03-09,SLURRY,0.0,0.0,0.0,0.0,0.0,
SS-026831-PV1,2018-03-09,SLURRY,0.0,0.0,0.0,0.0,0.0,
SS-030612-PV1,2018-03-12,SLURRY,0.0,0.0,0.0,0.0,0.0,
SS-008037-PV1,2018-03-12,SLURRY,0.0,0.0,0.0,0.0,0.0,
SS-008039-PV1,2018-03-12,SLURRY,0.0,0.0,0.0,0.0,0.0,
SS-029032-PV1,2018-03-12,SLURRY,0.0,0.0,0.0,0.0,0.0,
SS-030617-PV1,2018-03-12,SLURRY,0.0,0.0,0.0,0.0,0.0,
SS-030618-PV1,2018-03-12,SLURRY,0.0,0.0,0.0,0.0,0.0,
SS-012181-PV1,2018-03-12,SLURRY,0.0,0.0,0.0,0.0,0.0,
SS-030620-PV1,2018-03-12,SLURRY,0.0,0.0,0.0,0.0,0.0,
SS-030495-PV1,2018-03-12,SLURRY,0.0,0.0,0.0,0.0,0.0,
SS-012182-PV1,2018-03-12,SLURRY,0.0,0.0,0.0,0.0,0.0,
SS-017230-PV1,2018-03-12,SLURRY,0.0,0.0,0.0,0.0,0.0,
SS-010185-PV1,2018-03-12,SLURRY,0.0,0.0,0.0,0.0,0.0,
SS-030713-PV1,2018-03-12,SLURRY,0.0,0.0,0.0,0.0,0.0,
SS-029037-PV1,2018-03-12,SLURRY,0.0,0.5,0.0,4.731417670733834,-0.5,
SS-030487-PV1,2018-03-12,SLURRY,0.0,0.0,0.0,0.0,0.0,
SS-007440-PV1,2018-03-12,SLURRY,0.0,0.0,0.0,0.0,0.0,
SS-030496-PV1,2018-03-12,SLURRY,0.0,0.0,0.0,0.0,0.0,
SS-024835-PV1,2018-03-12,SLURRY,0.0,0.0,0.0,0.0,0.0,
SS-004585-PV1,2018-03-12,SLURRY,0.0,0.0,0.0,0.0,0.0,
SS-030619-PV1,2018-03-12,SLURRY,0.0,0.0,0.0,0.0,0.0,
SS-012183-PV1,2018-03-12,SLURRY,0.0,0.0,0.0,0.0,0.0,
SS-002456-PV1,2018-03-12,SLURRY,0.0,0.0,0.0,0.0,0.0,
SS-011159-PV1,2018-03-12,SLURRY,0.0,0.0,0.0,0.0,0.0,
SS-014530-PV1,2018-03-12,SLURRY,0.0,0.0,0.0,0.0,0.0,
SS-020056-PV1,2018-03-12,SLURRY,0.0,0.5,0.0,3.6299851624356485,-0.5,
SS-012412-PV1,2018-03-12,SLURRY,0.0,0.0,0.0,0.0,0.0,
SS-002453-PV1,2018-03-12,SLURRY,0.0,0.0,0.0,0.0,0.0,
SS-028845-PV1,2018-03-12,SLURRY,0.0,0.0,0.0,0.0,0.0,
SS-002454-PV1,2018-03-12,SLURRY,0.0,0.0,0.0,0.0,0.0,
SS-030458-PV1,2018-03-12,SLURRY,0.0,0.0,0.0,0.0,0.0,
SS-012278-PV1,2018-03-12,SLURRY,0.0,0.0,0.0,0.0,0.0,
SS-005183-PV1,2018-03-12,SLURRY,0.0,0.5,0.0,2.826899923031225,-0.5,
SS-030459-PV1,2018-03-12,SLURRY,0.0,0.0,0.0,0.0,0.0,
SS-025279-PV1,2018-03-12,SLURRY,0.0,0.0,0.0,0.0,0.0,
SS-004203-PV1,2018-03-13,SLURRY,0.0,0.0,0.0,0.0,0.0,
SS-030597-PV1,2018-03-13,SLURRY,0.0,0.0,0.0,0.0,0.0,
SS-010261-PV1,2018-03-13,SLURRY,0.0,0.0,0.0,0.0,0.0,
SS-010260-PV1,2018-03-13,SLURRY,0.0,0.0,0.0,0.0,0.0,
SS-008034-PV1,2018-03-13,SLURRY,0.0,0.0,0.0,0.0,0.0,
SS-008843-PV1,2018-03-13,SLURRY,0.0,0.0,0.0,0.0,0.0,
SS-012270-PV1,2018-03-14,SLURRY,0.0,0.0,0.0,0.0,0.0,
SS-015049-PV1,2018-03-14,SLURRY,0.5,1.0,12.754701484425013,25.509402968850026,-0.5,-100.0
SS-015052-PV1,2018-03-14,SLURRY,0.0,0.5,0.0,4.392678868552412,-0.5,
SS-015051-PV1,2018-03-14,SLURRY,0.5,2.0,4.249952221791623,16.99980888716649,-1.5,-300.0
SS-012272-PV1,2018-03-14,SLURRY,0.0,0.0,0.0,0.0,0.0,
SS-012271-PV1,2018-03-14,SLURRY,0.0,0.0,0.0,0.0,0.0,
SS-029035-PV1,2018-03-15,SLURRY,0.0,0.0,0.0,0.0,0.0,
SS-029034-PV1,2018-03-15,SLURRY,0.0,0.0,0.0,0.0,0.0,
SS-009468-PV1,2018-03-15,SLURRY,0.0,0.5,0.0,17.48125565740447,-0.5,
SS-030611-PV1,2018-03-15,SLURRY,0.0,0.0,0.0,0.0,0.0,
SS-030610-PV1,2018-03-15,SLURRY,0.0,0.0,0.0,0.0,0.0,
SS-030621-PV1,2018-03-15,SLURRY,0.0,0.0,0.0,0.0,0.0,
SS-028458-PV1,2018-03-15,SLURRY,0.0,0.0,0.0,0.0,0.0,
SS-030491-PV1,2018-03-15,SLURRY,0.0,0.0,0.0,0.0,0.0,
SS-030714-PV1,2018-03-15,SLURRY,0.0,0.0,0.0,0.0,0.0,
SS-030609-PV1,2018-03-15,SLURRY,0.0,0.0,0.0,0.0,0.0,
SS-014904-PV1,2018-03-15,SLURRY,0.0,0.0,0.0,0.0,0.0,
SS-026095-PV1,2018-03-15,SLURRY,0.0,0.0,0.0,0.0,0.0,
SS-012277-PV1,2018-03-15,SLURRY,0.0,0.0,0.0,0.0,0.0,
SS-009466-PV1,2018-03-15,SLURRY,0.0,0.5,0.0,5.5294303932681705,-0.5,
SS-009463-PV1,2018-03-15,SLURRY,0.0,0.5,0.0,4.015436921364512,-0.5,
SS-007884-PV1,2018-03-15,SLURRY,0.0,0.5,0.0,2.5457352425704793,-0.5,
SS-030594-PV1,2018-03-15,SLURRY,0.0,0.0,0.0,0.0,0.0,
SS-029033-PV1,2018-03-15,SLURRY,0.0,0.0,0.0,0.0,0.0,
SS-030595-PV1,2018-03-15,SLURRY,0.0,0.0,0.0,0.0,0.0,
SS-017360-PV1,2018-03-15,SLURRY,0.0,0.0,0.0,0.0,0.0,
SS-030463-PV1,2018-03-15,SLURRY,0.0,0.0,0.0,0.0,0.0,
SS-012273-PV1,2018-03-15,SLURRY,0.0,0.0,0.0,0.0,0.0,
SS-005184-PV1,2018-03-15,SLURRY,0.0,0.0,0.0,0.0,0.0,
SS-012667-PV1,2018-03-15,SLURRY,0.0,0.0,0.0,0.0,0.0,
SS-019738-PV1,2018-03-15,SLURRY,0.0,0.0,0.0,0.0,0.0,
SS-030596-PV1,2018-03-15,SLURRY,0.0,0.0,0.0,0.0,0.0,
SS-019740-PV1,2018-03-15,SLURRY,0.0,1.0,0.0,10.49194504764297,-1.0,
SS-019739-PV1,2018-03-15,SLURRY,0.0,0.0,0.0,0.0,0.0,
SS-030462-PV1,2018-03-15,SLURRY,0.0,0.0,0.0,0.0,0.0,
SS-012275-PV1,2018-03-15,SLURRY,0.0,0.0,0.0,0.0,0.0,
SS-025051-PV1,2018-03-15,SLURRY,0.0,0.0,0.0,0.0,0.0,
SS-012276-PV1,2018-03-15,SLURRY,0.0,0.0,0.0,0.0,0.0,
SS-012413-PV1,2018-03-16,SLURRY,0.5,0.0,5.7785894069262955,0.0,0.5,100.0
SS-030461-PV1,2018-03-16,SLURRY,0.0,0.0,0.0,0.0,0.0,
SS-030488-PV1,2018-03-16,SLURRY,0.0,0.0,0.0,0.0,0.0,
SS-005730-PV1,2018-03-16,SLURRY,0.0,0.5,0.0,0.8232227906236046,-0.5,
SS-028844-PV1,2018-03-16,SLURRY,0.0,0.0,0.0,0.0,0.0,
SS-030616-PV1,2018-03-16,SLURRY,0.0,0.0,0.0,0.0,0.0,
SS-004204-PV1,2018-03-16,SLURRY,0.0,0.5,0.0,5.654178855812657,-0.5,
SS-014529-PV1,2018-03-16,SLURRY,0.0,0.0,0.0,0.0,0.0,
SS-004205-PV1,2018-03-16,SLURRY,0.0,0.0,0.0,0.0,0.0,
SS-008036-PV1,2018-03-16,SLURRY,0.0,0.0,0.0,0.0,0.0,
SS-012274-PV1,2018-03-16,SLURRY,0.0,0.0,0.0,0.0,0.0,
SS-009467-PV1,2018-03-16,SLURRY,0.0,0.0,0.0,0.0,0.0,
SS-007442-PV1,2018-03-16,SLURRY,0.0,0.0,0.0,0.0,0.0,
SS-008844-PV1,2018-03-16,SLURRY,0.0,0.0,0.0,0.0,0.0,
SS-007443-PV1,2018-03-16,SLURRY,0.0,0.0,0.0,0.0,0.0,
SS-012279-PV1,2018-03-16,SLURRY,0.0,0.5,0.0,8.069475740832893,-0.5,
SS-002455-PV1,2018-03-16,SLURRY,0.0,0.0,0.0,0.0,0.0,
SS-030489-PV1,2018-03-16,SLURRY,0.0,0.0,0.0,0.0,0.0,
SS-030593-PV1,2018-03-16,SLURRY,0.0,0.0,0.0,0.0,0.0,
SS-025357-PV1,2018-03-16,SLURRY,0.0,0.0,0.0,0.0,0.0,
SS-030613-PV1,2018-03-16,SLURRY,0.0,0.0,0.0,0.0,0.0,
SS-007441-PV1,2018-03-16,SLURRY,0.0,0.0,0.0,0.0,0.0,
SS-024834-PV1,2018-03-16,SLURRY,0.0,0.0,0.0,0.0,0.0,
SS-004834-PV1,2018-03-16,SLURRY,0.0,0.0,0.0,0.0,0.0,
SS-030614-PV1,2018-03-16,SLURRY,0.0,0.0,0.0,0.0,0.0,
SS-030711-PV1,2018-03-16,SLURRY,0.0,0.0,0.0,0.0,0.0,
SS-005182-PV1,2018-03-19,SLURRY,0.0,0.0,0.0,0.0,0.0,
SS-006371-PV1,2018-03-19,SLURRY,0.0,0.0,0.0,0.0,0.0,
SS-006379-PV1,2018-03-19,SLURRY,0.5,0.5,1.457758144671452,1.457758144671452,0.0,0.0
SS-006373-PV1,2018-03-19,SLURRY,0.0,0.0,0.0,0.0,0.0,
SS-006372-PV1,2018-03-19,SLURRY,0.0,1.0,0.0,4.660194174757282,-1.0,
SS-006374-PV1,2018-03-19,SLURRY,0.0,0.0,0.0,0.0,0.0,
SS-007883-PV1,2018-03-19,SLURRY,0.0,0.0,0.0,0.0,0.0,
SS-006375-PV1,2018-03-19,SLURRY,0.0,0.0,0.0,0.0,0.0,
SS-011158-PV1,2018-03-19,SLURRY,0.0,0.0,0.0,0.0,0.0,
SS-026099-PV1,2018-03-19,SLURRY,0.0,0.5,0.0,2.449436986702619,-0.5,
SS-008035-PV1,2018-03-19,SLURRY,0.0,0.0,0.0,0.0,0.0,
SS-026092-PV1,2018-03-19,SLURRY,0.0,0.0,0.0,0.0,0.0,
SS-030460-PV1,2018-03-20,SLURRY,0.0,0.0,0.0,0.0,0.0,
SS-030592-PV1,2018-03-20,SLURRY,0.0,0.0,0.0,0.0,0.0,
SS-030467-PV1,2018-03-20,SLURRY,0.0,0.0,0.0,0.0,0.0,
SS-030591-PV1,2018-03-20,SLURRY,0.0,0.0,0.0,0.0,0.0,
SS-030465-PV1,2018-03-20,SLURRY,0.0,0.0,0.0,0.0,0.0,
SS-031664-PV1,2018-03-20,SLURRY,0.0,0.0,0.0,0.0,0.0,
SS-030615-PV1,2018-03-20,SLURRY,0.0,0.0,0.0,0.0,0.0,
SS-032309-PV1,2018-03-20,SLURRY,0.0,0.5,0.0,1.1978221415607986,-0.5,
SS-024836-PV1,2018-03-20,SLURRY,0.0,0.0,0.0,0.0,0.0,
SS-030466-PV1,2018-03-20,SLURRY,0.0,0.0,0.0,0.0,0.0,
SS-032305-PV1,2018-03-20,SLURRY,0.0,0.0,0.0,0.0,0.0,
SS-030464-PV1,2018-03-20,SLURRY,0.0,0.0,0.0,0.0,0.0,
SS-030607-PV1,2018-03-20,SLURRY,0.0,0.0,0.0,0.0,0.0,
SS-032307-PV1,2018-03-20,SLURRY,0.0,0.0,0.0,0.0,0.0,
SS-032302-PV1,2018-03-20,SLURRY,0.0,0.0,0.0,0.0,0.0,
SS-030605-PV1,2018-03-20,SLURRY,0.0,0.0,0.0,0.0,0.0,
SS-030606-PV1,2018-03-20,SLURRY,0.0,0.0,0.0,0.0,0.0,
SS-026361-PV1,2018-03-21,OVERLAY,0.0,0.0,0.0,0.0,0.0,
SS-026364-PV1,2018-03-21,OVERLAY,0.0,0.0,0.0,0.0,0.0,
SS-026363-PV1,2018-03-21,OVERLAY,0.0,0.0,0.0,0.0,0.0,
SS-026362-PV1,2018-03-21,OVERLAY,0.0,0.0,0.0,0.0,0.0,
SS-014532-PV1,2018-03-21,SLURRY,0.0,0.0,0.0,0.0,0.0,
SS-014531-PV1,2018-03-21,SLURRY,0.0,0.0,0.0,0.0,0.0,
SS-029799-PV1,2018-03-23,OVERLAY,0.0,0.0,0.0,0.0,0.0,
SS-030686-PV1,2018-03-26,SLURRY,0.0,0.0,0.0,0.0,0.0,
SS-030685-PV1,2018-03-26,SLURRY,0.0,0.0,0.0,0.0,0.0,
SS-030684-PV1,2018-03-26,SLURRY,0.0,0.0,0.0,0.0,0.0,
SS-015716-PV1,2018-03-27,OVERLAY,0.0,0.0,0.0,0.0,0.0,
SS-030681-PV1,2018-03-27,SLURRY,0.0,0.0,0.0,0.0,0.0,
SS-015717-PV1,2018-03-27,OVERLAY,0.0,0.0,0.0,0.0,0.0,
SS-030689-PV1,2018-03-27,SLURRY,0.0,0.0,0.0,0.0,0.0,
SS-030715-PV1,2018-03-27,SLURRY,0.0,0.0,0.0,0.0,0.0,
SS-006967-PV1,2018-03-27,OVERLAY,0.0,0.0,0.0,0.0,0.0,
SS-030716-PV1,2018-03-27,SLURRY,0.0,0.0,0.0,0.0,0.0,
SS-030712-PV1,2018-03-27,SLURRY,0.0,0.0,0.0,0.0,0.0,
SS-001734-PV1,2018-03-28,SLURRY,0.0,0.5,0.0,7.630057803468207,-0.5,
SS-002826-PV1,2018-03-28,OVERLAY,0.0,0.0,0.0,0.0,0.0,
SS-001765-PV1,2018-03-28,SLURRY,0.0,1.0,0.0,14.00511186583103,-1.0,
SS-030691-PV1,2018-03-28,SLURRY,0.0,0.0,0.0,0.0,0.0,
SS-001713-PV1,2018-03-28,SLURRY,1.5,1.5,23.15433357325745,23.15433357325745,0.0,0.0
SS-001767-PV1,2018-03-28,SLURRY,0.0,0.0,0.0,0.0,0.0,
SS-021143-PV1,2018-03-28,OVERLAY,0.0,0.5,0.0,1.6750094615828013,-0.5,
SS-001768-PV1,2018-03-28,SLURRY,0.0,1.0,0.0,13.968146805222924,-1.0,
SS-001775-PV1,2018-03-28,SLURRY,0.0,0.0,0.0,0.0,0.0,
SS-001776-PV1,2018-03-28,SLURRY,0.0,0.5,0.0,6.7005076142131985,-0.5,
SS-001777-PV1,2018-03-28,SLURRY,0.0,1.0,0.0,14.0053050397878,-1.0,
SS-001714-PV1,2018-03-28,SLURRY,0.0,0.0,0.0,0.0,0.0,
SS-001766-PV1,2018-03-28,SLURRY,0.0,1.0,0.0,13.74981738523785,-1.0,
SS-001764-PV1,2018-03-28,SLURRY,0.0,1.0,0.0,13.894736842105262,-1.0,
SS-030692-PV1,2018-03-28,SLURRY,0.0,0.0,0.0,0.0,0.0,
SS-001712-PV1,2018-03-28,SLURRY,0.0,0.0,0.0,0.0,0.0,
SS-001735-PV1,2018-03-28,SLURRY,1.0,0.0,12.846715328467154,0.0,1.0,100.0
SS-001736-PV1,2018-03-28,SLURRY,0.0,0.0,0.0,0.0,0.0,
SS-030693-PV1,2018-03-28,SLURRY,0.0,0.0,0.0,0.0,0.0,
SS-001761-PV1,2018-03-28,SLURRY,0.0,0.0,0.0,0.0,0.0,
SS-030679-PV1,2018-03-28,SLURRY,0.0,0.0,0.0,0.0,0.0,
SS-030690-PV1,2018-03-28,SLURRY,0.0,0.0,0.0,0.0,0.0,
SS-001762-PV1,2018-03-28,SLURRY,0.0,0.5,0.0,6.82170542635659,-0.5,
SS-001763-PV1,2018-03-28,SLURRY,0.5,1.0,11.945701357466064,23.891402714932127,-0.5,-100.0
SS-009036-PV1,2018-03-28,OVERLAY,0.0,0.0,0.0,0.0,0.0,
SS-001709-PV1,2018-03-28,SLURRY,0.0,0.0,0.0,0.0,0.0,
SS-001710-PV1,2018-03-28,SLURRY,1.0,3.5,16.29350025119146,57.02725087917011,-2.5,-250.0
SS-026504-PV1,2018-03-29,OVERLAY,0.0,0.5,0.0,3.9798438996681362,-0.5,
SS-030675-PV1,2018-03-29,SLURRY,0.5,0.5,1.9970327421839054,1.9970327421839054,0.0,0.0
SS-026503-PV1,2018-03-29,OVERLAY,0.0,0.0,0.0,0.0,0.0,
SS-005728-PV1,2018-03-29,SLURRY,0.0,3.0,0.0,3.5802183982948215,-3.0,
SS-007628-PV1,2018-03-29,SLURRY,0.0,0.0,0.0,0.0,0.0,
SS-007611-PV1,2018-03-29,SLURRY,0.0,0.0,0.0,0.0,0.0,
SS-005735-PV1,2018-03-29,SLURRY,0.0,1.0,0.0,4.907836318081705,-1.0,
SS-021798-PV1,2018-03-29,OVERLAY,0.0,0.5,0.0,4.043344654698366,-0.5,
SS-030677-PV1,2018-03-29,SLURRY,0.0,0.0,0.0,0.0,0.0,
SS-031249-PV1,2018-03-29,SLURRY,0.0,0.0,0.0,0.0,0.0,
SS-027257-PV1,2018-03-31,OVERLAY,0.0,0.5,0.0,5.0866179751445495,-0.5,
SS-027234-PV1,2018-03-31,OVERLAY,0.0,0.5,0.0,3.9226646661076874,-0.5,
SS-027233-PV1,2018-03-31,OVERLAY,0.0,0.0,0.0,0.0,0.0,
SS-027232-PV1,2018-03-31,OVERLAY,0.0,0.0,0.0,0.0,0.0,
SS-030747-PV1,2018-04-02,SLURRY,0.0,0.5,0.0,1.5882388506685492,-0.5,
SS-030475-PV1,2018-04-02,SLURRY,0.5,0.5,5.103571572178421,5.103571572178421,0.0,0.0
SS-000919-PV1,2018-04-02,SLURRY,0.0,0.0,0.0,0.0,0.0,
SS-030687-PV1,2018-04-02,SLURRY,0.0,0.0,0.0,0.0,0.0,
SS-030680-PV1,2018-04-02,SLURRY,0.0,0.0,0.0,0.0,0.0,
SS-005983-PV1,2018-04-02,SLURRY,0.0,0.0,0.0,0.0,0.0,
SS-003496-PV1,2018-04-02,SLURRY,0.0,0.5,0.0,3.069300979490675,-0.5,
SS-030682-PV1,2018-04-02,SLURRY,0.0,0.0,0.0,0.0,0.0,
SS-009081-PV1,2018-04-02,SLURRY,0.0,0.0,0.0,0.0,0.0,
SS-011013-PV1,2018-04-02,SLURRY,0.5,1.0,3.0733410942956927,6.146682188591385,-0.5,-100.0
SS-005984-PV1,2018-04-02,SLURRY,0.0,0.0,0.0,0.0,0.0,
SS-016774-PV1,2018-04-03,SLURRY,0.0,0.0,0.0,0.0,0.0,
SS-030678-PV1,2018-04-03,SLURRY,0.0,0.0,0.0,0.0,0.0,
SS-013535-PV1,2018-04-03,SLURRY,0.0,0.5,0.0,3.6028413316865797,-0.5,
SS-026259-PV1,2018-04-03,SLURRY,0.0,0.0,0.0,0.0,0.0,
SS-026258-PV1,2018-04-03,SLURRY,0.0,0.0,0.0,0.0,0.0,
SS-030676-PV1,2018-04-03,SLURRY,0.0,0.0,0.0,0.0,0.0,
SS-000963-PV1,2018-04-03,SLURRY,0.0,0.0,0.0,0.0,0.0,
SS-030683-PV1,2018-04-03,SLURRY,0.0,0.0,0.0,0.0,0.0,
SS-009934-PV1,2018-04-03,SLURRY,0.0,0.0,0.0,0.0,0.0,
SS-030688-PV1,2018-04-03,SLURRY,0.0,0.0,0.0,0.0,0.0,
SS-010991-PV1,2018-04-04,SLURRY,0.0,0.5,0.0,3.74468085106383,-0.5,
SS-006905-PV1,2018-04-04,SLURRY,0.0,1.5,0.0,11.44508670520231,-1.5,
SS-001720-PV1,2018-04-04,SLURRY,1.0,5.0,16.343930783453132,81.71965391726566,-4.0,-400.0
SS-001721-PV1,2018-04-04,SLURRY,0.0,0.0,0.0,0.0,0.0,
SS-001075-PV1,2018-04-04,SLURRY,0.0,0.0,0.0,0.0,0.0,
SS-003467-PV1,2018-04-04,SLURRY,0.0,0.5,0.0,3.7493614368802812,-0.5,
SS-001117-PV1,2018-04-04,SLURRY,0.0,0.0,0.0,0.0,0.0,
SS-017297-PV1,2018-04-04,OVERLAY,0.0,0.5,0.0,4.093003584013783,-0.5,
SS-017293-PV1,2018-04-04,OVERLAY,0.0,0.0,0.0,0.0,0.0,
SS-017295-PV1,2018-04-04,OVERLAY,0.0,0.5,0.0,4.024315401451376,-0.5,
SS-009767-PV1,2018-04-04,SLURRY,0.0,0.0,0.0,0.0,0.0,
SS-017294-PV1,2018-04-04,OVERLAY,0.0,0.0,0.0,0.0,0.0,
SS-001719-PV1,2018-04-04,SLURRY,0.0,0.0,0.0,0.0,0.0,
SS-009770-PV1,2018-04-04,SLURRY,0.0,0.0,0.0,0.0,0.0,
SS-003468-PV1,2018-04-04,SLURRY,0.0,1.0,0.0,7.843493777346386,-1.0,
SS-009764-PV1,2018-04-05,SLURRY,0.0,0.5,0.0,14.689557894385416,-0.5,
SS-009763-PV1,2018-04-05,SLURRY,0.0,0.0,0.0,0.0,0.0,
SS-009773-PV1,2018-04-05,SLURRY,0.0,0.0,0.0,0.0,0.0,
SS-009771-PV1,2018-04-06,SLURRY,0.0,0.0,0.0,0.0,0.0,
SS-024343-PV1,2018-04-06,SLURRY,0.0,0.0,0.0,0.0,0.0,
SS-000902-PV1,2018-04-06,SLURRY,0.0,1.0,0.0,9.180593754901098,-1.0,
SS-009759-PV1,2018-04-06,SLURRY,0.0,0.0,0.0,0.0,0.0,
SS-018061-PV1,2018-04-06,SLURRY,0.0,1.0,0.0,7.564469914040115,-1.0,
SS-009766-PV1,2018-04-06,SLURRY,0.0,0.0,0.0,0.0,0.0,
SS-017932-PV1,2018-04-09,SLURRY,0.0,0.0,0.0,0.0,0.0,
SS-025239-PV1,2018-04-09,SLURRY,0.0,0.5,0.0,5.8246707902688275,-0.5,
SS-025238-PV1,2018-04-09,SLURRY,0.0,0.0,0.0,0.0,0.0,
SS-011466-PV1,2018-04-09,SLURRY,0.0,0.0,0.0,0.0,0.0,
SS-013179-PV1,2018-04-09,SLURRY,0.0,0.0,0.0,0.0,0.0,
SS-001399-PV1,2018-04-09,SLURRY,0.0,0.0,0.0,0.0,0.0,
SS-001233-PV1,2018-04-09,SLURRY,0.0,0.5,0.0,5.5341526394763685,-0.5,
SS-012153-PV1,2018-04-09,SLURRY,0.0,0.0,0.0,0.0,0.0,
SS-001237-PV1,2018-04-09,SLURRY,0.0,1.0,0.0,8.168292822159094,-1.0,
SS-021951-PV1,2018-04-09,SLURRY,0.0,0.0,0.0,0.0,0.0,
SS-021952-PV1,2018-04-09,SLURRY,0.0,0.0,0.0,0.0,0.0,
SS-010273-PV1,2018-04-09,SLURRY,0.0,0.0,0.0,0.0,0.0,
SS-001238-PV1,2018-04-09,SLURRY,0.0,0.0,0.0,0.0,0.0,
SS-008074-PV1,2018-04-09,SLURRY,0.0,0.0,0.0,0.0,0.0,
SS-010275-PV1,2018-04-09,SLURRY,0.0,0.0,0.0,0.0,0.0,
SS-021138-PV1,2018-04-09,SLURRY,0.0,0.0,0.0,0.0,0.0,
SS-021137-PV1,2018-04-09,SLURRY,0.0,0.0,0.0,0.0,0.0,
SS-001239-PV1,2018-04-09,SLURRY,0.0,0.0,0.0,0.0,0.0,
SS-018282-PV1,2018-04-09,SLURRY,0.0,0.5,0.0,8.14009096551654,-0.5,
SS-009484-PV1,2018-04-09,SLURRY,0.0,0.0,0.0,0.0,0.0,
SS-021141-PV1,2018-04-09,SLURRY,0.0,0.0,0.0,0.0,0.0,
SS-011327-PV1,2018-04-09,SLURRY,0.0,0.0,0.0,0.0,0.0,
SS-009485-PV1,2018-04-09,SLURRY,0.0,0.0,0.0,0.0,0.0,
SS-017931-PV1,2018-04-09,SLURRY,0.0,0.0,0.0,0.0,0.0,
SS-023446-PV1,2018-04-10,SLURRY,0.0,0.0,0.0,0.0,0.0,
SS-030173-PV1,2018-04-10,SLURRY,0.0,0.0,0.0,0.0,0.0,
SS-014689-PV1,2018-04-10,SLURRY,0.0,0.0,0.0,0.0,0.0,
SS-030174-PV1,2018-04-10,SLURRY,0.0,0.0,0.0,0.0,0.0,
SS-014688-PV1,2018-04-10,SLURRY,0.0,0.0,0.0,0.0,0.0,
SS-006110-PV1,2018-04-10,SLURRY,0.0,0.0,0.0,0.0,0.0,
SS-021130-PV1,2018-04-10,SLURRY,0.0,0.0,0.0,0.0,0.0,
SS-006897-PV1,2018-04-10,SLURRY,0.0,0.0,0.0,0.0,0.0,
SS-010272-PV1,2018-04-10,SLURRY,0.0,0.0,0.0,0.0,0.0,
SS-004412-PV1,2018-04-10,SLURRY,0.0,0.0,0.0,0.0,0.0,
SS-004411-PV1,2018-04-10,SLURRY,0.0,0.0,0.0,0.0,0.0,
SS-021928-PV1,2018-04-10,SLURRY,0.0,0.0,0.0,0.0,0.0,
SS-003703-PV1,2018-04-10,SLURRY,0.0,0.0,0.0,0.0,0.0,
SS-016352-PV1,2018-04-10,SLURRY,0.0,0.0,0.0,0.0,0.0,
SS-011076-PV1,2018-04-10,SLURRY,0.0,0.0,0.0,0.0,0.0,
SS-030424-PV1,2018-04-10,SLURRY,0.0,0.0,0.0,0.0,0.0,
SS-029048-PV1,2018-04-10,SLURRY,0.0,0.0,0.0,0.0,0.0,
SS-013132-PV1,2018-04-10,SLURRY,0.0,0.0,0.0,0.0,0.0,
SS-010274-PV1,2018-04-10,SLURRY,0.0,0.0,0.0,0.0,0.0,
SS-007099-PV1,2018-04-10,SLURRY,0.0,0.0,0.0,0.0,0.0,
SS-006896-PV1,2018-04-10,SLURRY,0.0,0.0,0.0,0.0,0.0,
SS-016351-PV1,2018-04-10,SLURRY,0.0,0.0,0.0,0.0,0.0,
SS-026792-PV1,2018-04-10,SLURRY,0.0,0.0,0.0,0.0,0.0,
SS-007850-PV1,2018-04-10,SLURRY,0.0,0.0,0.0,0.0,0.0,
SS-026791-PV1,2018-04-10,SLURRY,0.0,0.0,0.0,0.0,0.0,
SS-027137-PV1,2018-04-11,OVERLAY,0.0,0.0,0.0,0.0,0.0,
SS-027136-PV1,2018-04-11,OVERLAY,2.0,3.0,25.074654083749344,37.61198112562401,-1.0,-50.0
SS-024991-PV1,2018-04-11,SLURRY,0.0,0.0,0.0,0.0,0.0,
SS-022691-PV1,2018-04-11,OVERLAY,0.5,0.5,4.780601189572929,4.780601189572929,0.0,0.0
SS-012141-PV1,2018-04-11,SLURRY,0.0,0.0,0.0,0.0,0.0,
SS-021142-PV1,2018-04-11,SLURRY,0.0,0.0,0.0,0.0,0.0,
SS-012142-PV1,2018-04-11,SLURRY,0.0,0.0,0.0,0.0,0.0,
SS-012143-PV1,2018-04-11,SLURRY,0.0,0.0,0.0,0.0,0.0,
SS-027134-PV1,2018-04-11,OVERLAY,1.0,3.0,7.663207821696893,22.989623465090677,-2.0,-200.0
SS-022692-PV1,2018-04-11,OVERLAY,0.0,0.0,0.0,0.0,0.0,
SS-022693-PV1,2018-04-11,OVERLAY,1.5,2.0,2.1025600101687445,2.8034133468916593,-0.5,-33.33333333333333
SS-027135-PV1,2018-04-11,OVERLAY,4.0,6.0,38.02685286380733,57.04027929571099,-2.0,-50.0
SS-027139-PV1,2018-04-11,OVERLAY,0.5,0.5,7.432375936331565,7.432375936331565,0.0,0.0
SS-027205-PV1,2018-04-11,OVERLAY,2.0,2.0,17.30254616142358,17.30254616142358,0.0,0.0
SS-027204-PV1,2018-04-11,OVERLAY,0.5,0.5,8.7796546137085,8.7796546137085,0.0,0.0
SS-027140-PV1,2018-04-11,OVERLAY,0.0,2.0,0.0,37.749568078450466,-2.0,
SS-027202-PV1,2018-04-11,OVERLAY,2.0,6.0,35.91806192124216,107.7541857637265,-4.0,-200.0
SS-027138-PV1,2018-04-11,OVERLAY,0.5,2.5,10.193058064137501,50.96529032068751,-2.0,-400.0
SS-027141-PV1,2018-04-11,OVERLAY,0.0,0.0,0.0,0.0,0.0,
SS-010812-PV1,2018-04-11,SLURRY,0.0,0.5,0.0,1.618469780962185,-0.5,
SS-016570-PV1,2018-04-12,SLURRY,0.0,0.0,0.0,0.0,0.0,
SS-014690-PV1,2018-04-12,SLURRY,0.0,0.0,0.0,0.0,0.0,
SS-004825-PV1,2018-04-12,SLURRY,0.0,0.0,0.0,0.0,0.0,
SS-006645-PV1,2018-04-12,SLURRY,0.0,0.0,0.0,0.0,0.0,
SS-014687-PV1,2018-04-12,SLURRY,0.0,0.0,0.0,0.0,0.0,
SS-003008-PV1,2018-04-13,CONCRETE,0.0,3.0,0.0,11.298244627966422,-3.0,
SS-009981-PV1,2018-04-13,SLURRY,0.0,0.0,0.0,0.0,0.0,
SS-009979-PV1,2018-04-13,SLURRY,0.0,0.0,0.0,0.0,0.0,
SS-009978-PV1,2018-04-13,SLURRY,2.0,10.5,58.3033718783403,306.09270236128657,-8.5,-425.0
SS-009977-PV1,2018-04-13,SLURRY,0.0,0.0,0.0,0.0,0.0,
SS-009976-PV1,2018-04-13,SLURRY,0.0,3.5,0.0,19.376106157575556,-3.5,
SS-009980-PV1,2018-04-13,SLURRY,0.5,3.5,7.609305950592545,53.26514165414782,-3.0,-600.0
SS-018997-PV1,2018-04-14,SLURRY,0.0,0.0,0.0,0.0,0.0,
SS-018995-PV1,2018-04-14,OVERLAY,0.0,0.0,0.0,0.0,0.0,
SS-023335-PV1,2018-04-16,OVERLAY,0.0,1.0,0.0,14.50109637077106,-1.0,
SS-008177-PV1,2018-04-16,SLURRY,0.0,0.0,0.0,0.0,0.0,
SS-008176-PV1,2018-04-16,SLURRY,0.0,0.0,0.0,0.0,0.0,
SS-008178-PV1,2018-04-16,SLURRY,0.0,0.0,0.0,0.0,0.0,
SS-013394-PV1,2018-04-16,SLURRY,0.0,0.0,0.0,0.0,0.0,
SS-023331-PV1,2018-04-16,OVERLAY,0.5,1.5,7.457321663378195,22.371964990134586,-1.0,-200.0
SS-011781-PV1,2018-04-16,SLURRY,0.0,0.0,0.0,0.0,0.0,
SS-021293-PV1,2018-04-16,SLURRY,0.0,0.0,0.0,0.0,0.0,
SS-011782-PV1,2018-04-16,SLURRY,0.0,0.0,0.0,0.0,0.0,
SS-030177-PV1,2018-04-16,SLURRY,0.0,0.0,0.0,0.0,0.0,
SS-021290-PV1,2018-04-16,SLURRY,0.0,0.0,0.0,0.0,0.0,
SS-023336-PV1,2018-04-16,OVERLAY,0.0,0.5,0.0,4.186621176278795,-0.5,
SS-023321-PV1,2018-04-16,OVERLAY,1.5,2.5,28.693947171255044,47.823245285425074,-1.0,-66.66666666666666
SS-023322-PV1,2018-04-16,OVERLAY,0.0,1.0,0.0,9.426766876055154,-1.0,
SS-001121-PV1,2018-04-16,SLURRY,0.0,0.0,0.0,0.0,0.0,
SS-002382-PV1,2018-04-17,OVERLAY,0.0,0.0,0.0,0.0,0.0,
SS-025951-PV1,2018-04-17,SLURRY,0.0,0.0,0.0,0.0,0.0,
SS-013800-PV1,2018-04-17,SLURRY,0.0,0.0,0.0,0.0,0.0,
SS-030171-PV1,2018-04-17,SLURRY,0.0,0.0,0.0,0.0,0.0,
SS-012140-PV1,2018-04-17,SLURRY,0.0,0.0,0.0,0.0,0.0,
SS-008175-PV1,2018-04-17,SLURRY,0.0,0.0,0.0,0.0,0.0,
SS-000148-PV1,2018-04-17,OVERLAY,0.5,1.5,4.142006821132142,12.426020463396426,-1.0,-200.0
SS-000149-PV1,2018-04-17,OVERLAY,1.0,0.5,11.04602510460251,5.523012552301255,0.5,50.0
SS-012139-PV1,2018-04-17,SLURRY,0.0,0.0,0.0,0.0,0.0,
SS-028923-PV1,2018-04-17,SLURRY,0.0,0.0,0.0,0.0,0.0,
SS-022749-PV1,2018-04-17,SLURRY,0.0,0.0,0.0,0.0,0.0,
SS-023863-PV1,2018-04-17,OVERLAY,0.5,0.0,16.076857120586173,0.0,0.5,100.0
SS-025512-PV1,2018-04-17,OVERLAY,0.0,0.0,0.0,0.0,0.0,
SS-022698-PV1,2018-04-17,OVERLAY,0.0,0.0,0.0,0.0,0.0,
SS-002381-PV1,2018-04-17,OVERLAY,0.0,0.0,0.0,0.0,0.0,
SS-002380-PV1,2018-04-17,OVERLAY,0.0,0.0,0.0,0.0,0.0,
SS-018279-PV1,2018-04-17,SLURRY,0.0,0.0,0.0,0.0,0.0,
SS-002378-PV1,2018-04-17,OVERLAY,0.0,0.0,0.0,0.0,0.0,
SS-018281-PV1,2018-04-17,SLURRY,0.0,0.0,0.0,0.0,0.0,
SS-022697-PV1,2018-04-17,OVERLAY,0.0,1.0,0.0,6.573084042481544,-1.0,
SS-022696-PV1,2018-04-17,OVERLAY,0.0,0.0,0.0,0.0,0.0,
SS-022700-PV1,2018-04-17,OVERLAY,0.0,1.0,0.0,2.3443210952668156,-1.0,
SS-022694-PV1,2018-04-17,OVERLAY,0.0,1.0,0.0,5.1571958216555736,-1.0,
SS-018280-PV1,2018-04-17,SLURRY,0.0,0.0,0.0,0.0,0.0,
SS-030175-PV1,2018-04-17,SLURRY,0.0,0.0,0.0,0.0,0.0,
SS-030176-PV1,2018-04-17,SLURRY,0.0,0.0,0.0,0.0,0.0,
SS-022695-PV1,2018-04-17,OVERLAY,0.0,1.0,0.0,8.567795603552518,-1.0,
SS-023023-PV1,2018-04-18,SLURRY,0.0,0.0,0.0,0.0,0.0,
SS-002965-PV1,2018-04-18,SLURRY,0.0,0.0,0.0,0.0,0.0,
SS-029207-PV1,2018-04-18,SLURRY,0.0,0.0,0.0,0.0,0.0,
SS-017933-PV1,2018-04-18,SLURRY,0.0,0.0,0.0,0.0,0.0,
SS-016047-PV1,2018-04-18,CONCRETE,0.0,0.0,0.0,0.0,0.0,
SS-030172-PV1,2018-04-18,SLURRY,0.0,0.0,0.0,0.0,0.0,
SS-029047-PV1,2018-04-18,SLURRY,0.0,0.0,0.0,0.0,0.0,
SS-002963-PV1,2018-04-18,SLURRY,0.0,0.0,0.0,0.0,0.0,
SS-028674-PV1,2018-04-18,SLURRY,0.0,0.0,0.0,0.0,0.0,
SS-023637-PV1,2018-04-18,SLURRY,0.0,0.0,0.0,0.0,0.0,
SS-027321-PV1,2018-04-18,SLURRY,0.0,0.5,0.0,7.674034902906017,-0.5,
SS-018278-PV1,2018-04-18,SLURRY,0.0,0.0,0.0,0.0,0.0,
SS-019854-PV1,2018-04-18,SLURRY,0.0,0.0,0.0,0.0,0.0,
SS-030420-PV1,2018-04-18,SLURRY,0.0,0.0,0.0,0.0,0.0,
SS-010189-PV1,2018-04-18,SLURRY,0.0,0.0,0.0,0.0,0.0,
SS-003711-PV1,2018-04-18,SLURRY,0.0,0.0,0.0,0.0,0.0,
SS-030421-PV1,2018-04-18,SLURRY,0.0,0.0,0.0,0.0,0.0,
SS-009975-PV1,2018-04-19,SLURRY,0.5,1.5,4.948445260354762,14.845335781064287,-1.0,-200.0
SS-030083-PV1,2018-04-19,OVERLAY,0.0,0.5,0.0,9.32653250119938,-0.5,
SS-030082-PV1,2018-04-19,OVERLAY,0.5,0.5,9.360756093799031,9.360756093799031,0.0,0.0
SS-030081-PV1,2018-04-19,OVERLAY,0.0,0.5,0.0,9.496153518270923,-0.5,
SS-027320-PV1,2018-04-19,SLURRY,0.0,0.0,0.0,0.0,0.0,
SS-028304-PV1,2018-04-19,OVERLAY,2.0,2.5,30.08547008547008,37.6068376068376,-0.5,-25.0
SS-009989-PV1,2018-04-19,SLURRY,2.0,9.5,41.22355895164118,195.8119050202956,-7.5,-375.0
SS-028302-PV1,2018-04-19,OVERLAY,1.0,3.5,17.792479038235633,62.273676633824714,-2.5,-250.0
SS-028921-PV1,2018-04-19,SLURRY,0.0,0.0,0.0,0.0,0.0,
SS-009988-PV1,2018-04-19,SLURRY,0.0,0.0,0.0,0.0,0.0,
SS-009987-PV1,2018-04-19,SLURRY,0.0,0.0,0.0,0.0,0.0,
SS-009986-PV1,2018-04-19,SLURRY,1.5,5.0,21.456407866807723,71.52135955602574,-3.5,-233.33333333333334
SS-009985-PV1,2018-04-19,SLURRY,0.5,7.0,6.954447316373614,97.36226242923058,-6.5,-1300.0
SS-009984-PV1,2018-04-19,SLURRY,0.0,0.0,0.0,0.0,0.0,
SS-009983-PV1,2018-04-19,SLURRY,1.5,6.5,114.07764193448025,494.3364483827478,-5.0,-333.33333333333337
SS-009982-PV1,2018-04-19,SLURRY,0.0,0.0,0.0,0.0,0.0,
SS-028303-PV1,2018-04-19,OVERLAY,0.5,5.5,7.564463411636036,83.2090975279964,-5.0,-1000.0
SS-030079-PV1,2018-04-19,OVERLAY,0.0,1.5,0.0,18.33288774231182,-1.5,
SS-030080-PV1,2018-04-19,OVERLAY,0.0,1.0,0.0,19.19950430370707,-1.0,
SS-009972-PV1,2018-04-19,SLURRY,0.0,0.0,0.0,0.0,0.0,
SS-002966-PV1,2018-04-19,SLURRY,0.0,0.0,0.0,0.0,0.0,
SS-026790-PV1,2018-04-19,SLURRY,0.0,0.0,0.0,0.0,0.0,
SS-009957-PV1,2018-04-19,SLURRY,0.0,0.0,0.0,0.0,0.0,
SS-009958-PV1,2018-04-19,SLURRY,1.5,2.0,20.357484627143155,27.143312836190876,-0.5,-33.33333333333333
SS-009959-PV1,2018-04-19,SLURRY,0.0,1.5,0.0,11.662683389069768,-1.5,
SS-009973-PV1,2018-04-19,SLURRY,2.0,3.0,19.75118740921655,29.626781113824823,-1.0,-50.0
SS-017929-PV1,2018-04-19,SLURRY,0.0,0.0,0.0,0.0,0.0,
SS-030097-PV1,2018-04-19,OVERLAY,1.0,1.5,15.348703354331212,23.023055031496817,-0.5,-50.0
SS-013288-PV1,2018-04-19,SLURRY,0.0,0.0,0.0,0.0,0.0,
SS-030099-PV1,2018-04-19,OVERLAY,0.0,1.5,0.0,22.758620689655174,-1.5,
SS-022346-PV1,2018-04-20,SLURRY,0.0,0.0,0.0,0.0,0.0,
SS-029415-PV1,2018-04-20,OVERLAY,0.0,0.0,0.0,0.0,0.0,
SS-029459-PV1,2018-04-20,OVERLAY,0.5,0.5,7.951663524153179,7.951663524153179,0.0,0.0
SS-029458-PV1,2018-04-20,OVERLAY,0.0,0.0,0.0,0.0,0.0,
SS-029457-PV1,2018-04-20,OVERLAY,0.0,0.5,0.0,8.88808686623564,-0.5,
SS-001702-PV1,2018-04-20,OVERLAY,0.0,0.5,0.0,2.814485131522809,-0.5,
SS-026796-PV1,2018-04-20,SLURRY,0.0,0.0,0.0,0.0,0.0,
SS-029422-PV1,2018-04-20,OVERLAY,0.0,0.0,0.0,0.0,0.0,
SS-017930-PV1,2018-04-20,SLURRY,0.0,0.0,0.0,0.0,0.0,
SS-029416-PV1,2018-04-20,OVERLAY,0.0,0.0,0.0,0.0,0.0,
SS-022345-PV1,2018-04-20,SLURRY,0.0,0.0,0.0,0.0,0.0,
SS-029417-PV1,2018-04-20,OVERLAY,0.0,0.0,0.0,0.0,0.0,
SS-028922-PV1,2018-04-20,SLURRY,0.0,0.0,0.0,0.0,0.0,
SS-017675-PV1,2018-04-20,SLURRY,0.0,0.0,0.0,0.0,0.0,
SS-002964-PV1,2018-04-23,SLURRY,0.0,0.0,0.0,0.0,0.0,
SS-025627-PV1,2018-04-23,SLURRY,0.0,0.0,0.0,0.0,0.0,
SS-004840-PV1,2018-04-23,SLURRY,0.0,0.0,0.0,0.0,0.0,
SS-028736-PV1,2018-04-23,CONCRETE,0.5,0.5,2.281146068522517,2.281146068522517,0.0,0.0
SS-005020-PV1,2018-04-24,SLURRY,0.0,0.0,0.0,0.0,0.0,
SS-031317-PV1,2018-04-24,OVERLAY,0.0,0.0,0.0,0.0,0.0,
SS-028940-PV1,2018-04-24,SLURRY,0.0,0.0,0.0,0.0,0.0,
SS-015274-PV1,2018-04-24,OVERLAY,0.0,0.0,0.0,0.0,0.0,
SS-023535-PV1,2018-04-24,OVERLAY,0.0,0.0,0.0,0.0,0.0,
SS-015273-PV1,2018-04-24,OVERLAY,0.0,0.0,0.0,0.0,0.0,
SS-006530-PV1,2018-04-24,SLURRY,0.0,0.0,0.0,0.0,0.0,
SS-020375-PV1,2018-04-24,SLURRY,0.0,0.0,0.0,0.0,0.0,
SS-010910-PV1,2018-04-24,SLURRY,0.0,0.0,0.0,0.0,0.0,
SS-004219-PV1,2018-04-24,SLURRY,0.0,0.0,0.0,0.0,0.0,
SS-031316-PV1,2018-04-24,OVERLAY,0.5,0.5,10.696257484847981,10.696257484847981,0.0,0.0
SS-028939-PV1,2018-04-24,SLURRY,0.0,0.0,0.0,0.0,0.0,
SS-004221-PV1,2018-04-24,SLURRY,0.0,0.0,0.0,0.0,0.0,
SS-004218-PV1,2018-04-24,SLURRY,0.0,0.0,0.0,0.0,0.0,
SS-005019-PV1,2018-04-24,SLURRY,0.0,0.5,0.0,10.46950993175783,-0.5,
SS-014511-PV1,2018-04-24,SLURRY,0.0,0.0,0.0,0.0,0.0,
SS-012294-PV1,2018-04-24,OVERLAY,0.0,0.0,0.0,0.0,0.0,
SS-023536-PV1,2018-04-24,OVERLAY,3.0,8.5,33.193601681809156,94.04853809845926,-5.5,-183.33333333333331
SS-023592-PV1,2018-04-24,OVERLAY,0.0,0.0,0.0,0.0,0.0,
SS-029216-PV1,2018-04-24,SLURRY,0.0,0.0,0.0,0.0,0.0,
SS-018838-PV1,2018-04-24,SLURRY,0.0,0.0,0.0,0.0,0.0,
SS-030165-PV1,2018-04-24,SLURRY,0.0,0.0,0.0,0.0,0.0,
SS-030166-PV1,2018-04-24,SLURRY,0.0,0.0,0.0,0.0,0.0,
SS-004163-PV1,2018-04-24,OVERLAY,0.0,0.0,0.0,0.0,0.0,
SS-025592-PV1,2018-04-24,SLURRY,0.0,0.0,0.0,0.0,0.0,
SS-018839-PV1,2018-04-24,SLURRY,0.0,0.0,0.0,0.0,0.0,
SS-011962-PV1,2018-04-24,SLURRY,0.0,0.0,0.0,0.0,0.0,
SS-009928-PV1,2018-04-24,OVERLAY,0.0,0.0,0.0,0.0,0.0,
SS-029218-PV1,2018-04-24,SLURRY,0.0,0.0,0.0,0.0,0.0,
SS-002216-PV1,2018-04-24,SLURRY,0.0,1.0,0.0,26.87130932999342,-1.0,
SS-006342-PV1,2018-04-24,SLURRY,0.0,0.0,0.0,0.0,0.0,
SS-015263-PV1,2018-04-25,SLURRY,0.0,0.0,0.0,0.0,0.0,
SS-027105-PV1,2018-04-25,OVERLAY,0.0,0.5,0.0,7.173484193879713,-0.5,
SS-015264-PV1,2018-04-25,SLURRY,0.0,0.0,0.0,0.0,0.0,
SS-002215-PV1,2018-04-25,SLURRY,0.0,0.0,0.0,0.0,0.0,
SS-002214-PV1,2018-04-25,SLURRY,0.0,0.0,0.0,0.0,0.0,
SS-006531-PV1,2018-04-25,SLURRY,0.0,0.0,0.0,0.0,0.0,
SS-029217-PV1,2018-04-25,SLURRY,0.0,1.0,0.0,7.193460490463216,-1.0,
SS-005788-PV1,2018-04-25,OVERLAY,0.0,0.0,0.0,0.0,0.0,
SS-002213-PV1,2018-04-25,SLURRY,0.0,0.5,0.0,6.999882274707198,-0.5,
SS-030164-PV1,2018-04-25,SLURRY,0.0,0.0,0.0,0.0,0.0,
SS-004217-PV1,2018-04-25,SLURRY,0.0,0.0,0.0,0.0,0.0,
SS-002144-PV1,2018-04-25,SLURRY,0.0,0.0,0.0,0.0,0.0,
SS-030163-PV1,2018-04-25,SLURRY,0.0,0.0,0.0,0.0,0.0,
SS-012296-PV1,2018-04-25,SLURRY,0.0,0.0,0.0,0.0,0.0,
SS-030162-PV1,2018-04-25,SLURRY,0.0,0.0,0.0,0.0,0.0,
SS-030160-PV1,2018-04-26,OVERLAY,0.0,0.0,0.0,0.0,0.0,
SS-030168-PV1,2018-04-26,SLURRY,0.0,0.0,0.0,0.0,0.0,
SS-025418-PV1,2018-04-26,SLURRY,0.0,0.5,0.0,2.1633162851991634,-0.5,
SS-025419-PV1,2018-04-26,SLURRY,0.0,0.0,0.0,0.0,0.0,
SS-016229-PV1,2018-04-26,OVERLAY,0.0,0.0,0.0,0.0,0.0,
SS-018840-PV1,2018-04-26,SLURRY,0.0,0.0,0.0,0.0,0.0,
SS-025420-PV1,2018-04-26,SLURRY,0.0,0.0,0.0,0.0,0.0,
SS-025421-PV1,2018-04-26,SLURRY,0.0,0.5,0.0,6.230423725453547,-0.5,
SS-025422-PV1,2018-04-26,SLURRY,0.0,0.0,0.0,0.0,0.0,
SS-030169-PV1,2018-04-26,SLURRY,0.0,0.5,0.0,9.857043006577337,-0.5,
SS-014533-PV1,2018-04-26,SLURRY,0.0,0.0,0.0,0.0,0.0,
SS-016230-PV1,2018-04-26,OVERLAY,0.0,0.0,0.0,0.0,0.0,
SS-026356-PV1,2018-04-26,OVERLAY,0.0,0.5,0.0,4.0985438991311085,-0.5,
SS-019837-PV1,2018-04-26,SLURRY,0.0,0.0,0.0,0.0,0.0,
SS-025414-PV1,2018-04-26,SLURRY,0.0,0.0,0.0,0.0,0.0,
SS-025415-PV1,2018-04-26,SLURRY,0.0,0.0,0.0,0.0,0.0,
SS-025416-PV1,2018-04-26,SLURRY,0.0,0.0,0.0,0.0,0.0,
SS-025417-PV1,2018-04-26,SLURRY,0.0,0.0,0.0,0.0,0.0,
SS-016227-PV1,2018-04-26,OVERLAY,0.0,0.0,0.0,0.0,0.0,
SS-027318-PV1,2018-04-26,OVERLAY,0.0,0.0,0.0,0.0,0.0,
SS-011963-PV1,2018-04-26,SLURRY,0.0,0.5,0.0,2.367295808406859,-0.5,
SS-030167-PV1,2018-04-26,SLURRY,0.0,0.0,0.0,0.0,0.0,
SS-016228-PV1,2018-04-26,OVERLAY,0.0,0.0,0.0,0.0,0.0,
SS-009902-PV1,2018-04-27,SLURRY,0.5,0.0,3.0339035271541834,0.0,0.5,100.0
SS-009903-PV1,2018-04-27,SLURRY,0.0,0.5,0.0,3.650765049622055,-0.5,
SS-018814-PV1,2018-04-27,SLURRY,0.0,0.5,0.0,10.907567455454569,-0.5,
SS-018812-PV1,2018-04-27,SLURRY,0.0,0.0,0.0,0.0,0.0,
SS-017290-PV1,2018-04-27,SLURRY,0.0,0.0,0.0,0.0,0.0,
SS-017291-PV1,2018-04-27,SLURRY,0.0,0.0,0.0,0.0,0.0,
SS-017292-PV1,2018-04-27,SLURRY,0.0,0.5,0.0,10.037957929549504,-0.5,
SS-015265-PV1,2018-04-27,SLURRY,0.0,0.0,0.0,0.0,0.0,
SS-019746-PV1,2018-04-27,SLURRY,0.0,0.5,0.0,3.0677256207612515,-0.5,
SS-019745-PV1,2018-04-27,SLURRY,0.0,0.0,0.0,0.0,0.0,
SS-018771-PV1,2018-04-27,SLURRY,0.0,0.0,0.0,0.0,0.0,
SS-015266-PV1,2018-04-27,SLURRY,0.0,0.5,0.0,3.126020545059573,-0.5,
SS-020512-PV1,2018-04-27,OVERLAY,0.0,0.0,0.0,0.0,0.0,
SS-017627-PV1,2018-04-27,SLURRY,1.0,3.5,7.96249664082173,27.868738242876056,-2.5,-250.0
SS-001034-PV1,2018-04-27,SLURRY,0.5,6.0,3.7334571785189317,44.80148614222718,-5.5,-1100.0
SS-027488-PV1,2018-04-27,OVERLAY,0.0,0.0,0.0,0.0,0.0,
SS-013481-PV1,2018-04-27,SLURRY,0.0,1.5,0.0,10.788496030528172,-1.5,
SS-018156-PV1,2018-04-27,SLURRY,0.0,0.0,0.0,0.0,0.0,
SS-001016-PV1,2018-04-27,SLURRY,0.0,1.0,0.0,7.478753541076488,-1.0,
SS-018772-PV1,2018-04-27,SLURRY,0.0,0.0,0.0,0.0,0.0,
SS-021131-PV1,2018-04-27,SLURRY,0.0,0.0,0.0,0.0,0.0,
SS-004220-PV1,2018-04-27,SLURRY,0.0,0.0,0.0,0.0,0.0,
SS-001219-PV1,2018-04-29,SLURRY,0.0,0.0,0.0,0.0,0.0,
SS-020800-PV1,2018-04-29,SLURRY,0.0,0.0,0.0,0.0,0.0,
SS-005781-PV1,2018-04-29,SLURRY,1.0,9.5,0.7744290906543614,7.357076361216433,-8.5,-850.0
SS-005778-PV1,2018-04-29,SLURRY,0.0,0.5,0.0,1.81843730110842,-0.5,
SS-018987-PV1,2018-04-30,SLURRY,0.0,2.0,0.0,20.133471954321426,-2.0,
SS-028860-PV1,2018-04-30,SLURRY,0.0,0.0,0.0,0.0,0.0,
SS-026859-PV1,2018-04-30,OVERLAY,0.0,0.0,0.0,0.0,0.0,
SS-009703-PV1,2018-04-30,OVERLAY,0.0,0.5,0.0,9.850753619965388,-0.5,
SS-026858-PV1,2018-04-30,OVERLAY,0.0,0.0,0.0,0.0,0.0,
SS-018121-PV1,2018-04-30,SLURRY,0.0,0.0,0.0,0.0,0.0,
SS-018980-PV1,2018-04-30,SLURRY,0.0,0.0,0.0,0.0,0.0,
SS-018986-PV1,2018-04-30,SLURRY,0.0,0.0,0.0,0.0,0.0,
SS-018981-PV1,2018-04-30,SLURRY,0.0,1.5,0.0,8.369403489787636,-1.5,
SS-025953-PV1,2018-04-30,SLURRY,0.0,0.0,0.0,0.0,0.0,
SS-028724-PV1,2018-04-30,SLURRY,0.0,0.0,0.0,0.0,0.0,
SS-025897-PV1,2018-04-30,OVERLAY,0.0,0.0,0.0,0.0,0.0,
SS-025899-PV1,2018-04-30,OVERLAY,0.0,0.0,0.0,0.0,0.0,
SS-018985-PV1,2018-04-30,SLURRY,0.0,0.0,0.0,0.0,0.0,
SS-025900-PV1,2018-04-30,OVERLAY,1.5,2.5,20.71106959599293,34.51844932665489,-1.0,-66.66666666666666
SS-025901-PV1,2018-04-30,OVERLAY,0.0,0.0,0.0,0.0,0.0,
SS-018982-PV1,2018-04-30,SLURRY,0.0,0.0,0.0,0.0,0.0,
SS-018984-PV1,2018-04-30,SLURRY,0.0,0.0,0.0,0.0,0.0,
SS-025952-PV1,2018-04-30,SLURRY,0.0,0.0,0.0,0.0,0.0,
SS-025408-PV1,2018-04-30,SLURRY,0.0,0.0,0.0,0.0,0.0,
SS-018983-PV1,2018-04-30,SLURRY,0.0,0.5,0.0,6.111190330245021,-0.5,
SS-001633-PV1,2018-04-30,SLURRY,0.0,0.0,0.0,0.0,0.0,
SS-025898-PV1,2018-04-30,OVERLAY,1.0,3.5,13.990301647331522,48.96605576566033,-2.5,-250.0
SS-026868-PV1,2018-04-30,OVERLAY,0.0,0.0,0.0,0.0,0.0,
SS-026870-PV1,2018-04-30,OVERLAY,0.0,0.0,0.0,0.0,0.0,
SS-026865-PV1,2018-04-30,OVERLAY,0.0,0.0,0.0,0.0,0.0,
SS-026864-PV1,2018-04-30,OVERLAY,0.0,0.0,0.0,0.0,0.0,
SS-007497-PV1,2018-04-30,SLURRY,0.0,0.0,0.0,0.0,0.0,
SS-023022-PV1,2018-04-30,SLURRY,0.0,0.0,0.0,0.0,0.0,
SS-026869-PV1,2018-04-30,OVERLAY,0.0,0.0,0.0,0.0,0.0,
SS-022249-PV1,2018-04-30,SLURRY,0.0,0.0,0.0,0.0,0.0,
SS-026863-PV1,2018-04-30,OVERLAY,0.0,0.0,0.0,0.0,0.0,
SS-010482-PV1,2018-04-30,SLURRY,0.0,0.0,0.0,0.0,0.0,
SS-013889-PV1,2018-04-30,OVERLAY,0.0,0.0,0.0,0.0,0.0,
SS-014114-PV1,2018-04-30,OVERLAY,0.0,0.0,0.0,0.0,0.0,
SS-014115-PV1,2018-04-30,OVERLAY,0.0,0.0,0.0,0.0,0.0,
SS-014116-PV1,2018-04-30,OVERLAY,0.0,0.0,0.0,0.0,0.0,
SS-026758-PV1,2018-05-01,SLURRY,0.0,0.0,0.0,0.0,0.0,
SS-030422-PV1,2018-05-01,SLURRY,0.0,0.0,0.0,0.0,0.0,
SS-012462-PV1,2018-05-01,SLURRY,0.0,0.0,0.0,0.0,0.0,
SS-012461-PV1,2018-05-01,SLURRY,0.0,0.0,0.0,0.0,0.0,
SS-006749-PV1,2018-05-01,SLURRY,0.0,0.0,0.0,0.0,0.0,
SS-023953-PV1,2018-05-01,SLURRY,0.0,0.0,0.0,0.0,0.0,
SS-030423-PV1,2018-05-01,SLURRY,0.0,0.0,0.0,0.0,0.0,
SS-031209-PV1,2018-05-01,SLURRY,0.0,0.0,0.0,0.0,0.0,
SS-013522-PV1,2018-05-01,SLURRY,0.0,0.0,0.0,0.0,0.0,
SS-026756-PV1,2018-05-01,SLURRY,0.0,0.0,0.0,0.0,0.0,
SS-013521-PV1,2018-05-01,SLURRY,0.0,0.0,0.0,0.0,0.0,
SS-028859-PV1,2018-05-01,SLURRY,0.0,0.0,0.0,0.0,0.0,
SS-028858-PV1,2018-05-01,SLURRY,0.0,0.5,0.0,24.895655142367314,-0.5,
SS-026757-PV1,2018-05-01,SLURRY,0.0,0.0,0.0,0.0,0.0,
SS-019484-PV1,2018-05-01,SLURRY,0.0,0.0,0.0,0.0,0.0,
SS-019595-PV1,2018-05-02,OVERLAY,0.0,0.5,0.0,8.024316109422493,-0.5,
SS-017077-PV1,2018-05-02,SLURRY,0.0,0.0,0.0,0.0,0.0,
SS-014268-PV1,2018-05-02,OVERLAY,0.0,0.0,0.0,0.0,0.0,
SS-014269-PV1,2018-05-02,OVERLAY,0.0,0.0,0.0,0.0,0.0,
SS-014270-PV1,2018-05-02,OVERLAY,0.0,0.0,0.0,0.0,0.0,
SS-026413-PV1,2018-05-02,OVERLAY,0.0,0.0,0.0,0.0,0.0,
SS-013749-PV1,2018-05-02,SLURRY,0.0,0.0,0.0,0.0,0.0,
SS-015285-PV1,2018-05-02,SLURRY,0.0,0.0,0.0,0.0,0.0,
SS-012417-PV1,2018-05-02,SLURRY,0.0,0.0,0.0,0.0,0.0,
SS-015261-PV1,2018-05-03,SLURRY,0.0,0.0,0.0,0.0,0.0,
SS-015262-PV1,2018-05-03,SLURRY,0.0,0.0,0.0,0.0,0.0,
SS-002212-PV1,2018-05-03,SLURRY,0.0,0.0,0.0,0.0,0.0,
SS-021133-PV1,2018-05-03,SLURRY,0.0,0.0,0.0,0.0,0.0,
SS-002211-PV1,2018-05-03,SLURRY,0.0,0.0,0.0,0.0,0.0,
SS-021134-PV1,2018-05-03,SLURRY,0.0,0.0,0.0,0.0,0.0,
SS-028938-PV1,2018-05-03,SLURRY,0.0,0.5,0.0,2.546996916976005,-0.5,
SS-015260-PV1,2018-05-03,SLURRY,0.0,0.0,0.0,0.0,0.0,
SS-007962-PV1,2018-05-04,OVERLAY,0.0,1.0,0.0,15.736391597720607,-1.0,
SS-018157-PV1,2018-05-04,SLURRY,0.0,0.0,0.0,0.0,0.0,
SS-016047-PV1,2018-05-04,OVERLAY,0.0,0.0,0.0,0.0,0.0,
SS-025890-PV1,2018-05-04,OVERLAY,0.0,0.0,0.0,0.0,0.0,
SS-021136-PV1,2018-05-04,SLURRY,0.0,0.0,0.0,0.0,0.0,
SS-025892-PV1,2018-05-04,OVERLAY,0.5,5.0,9.5442822157485,95.44282215748501,-4.5,-900.0
SS-021135-PV1,2018-05-04,SLURRY,0.0,0.5,0.0,8.621886200899747,-0.5,
SS-025891-PV1,2018-05-04,OVERLAY,0.0,0.0,0.0,0.0,0.0,
SS-025896-PV1,2018-05-04,OVERLAY,0.5,4.5,6.918197295980659,62.263775663825925,-4.0,-800.0
SS-021132-PV1,2018-05-04,SLURRY,0.0,0.0,0.0,0.0,0.0,
SS-001328-PV1,2018-05-06,SLURRY,0.5,0.0,9.594860643735194,0.0,0.5,100.0
SS-013068-PV1,2018-05-06,SLURRY,0.0,0.5,0.0,6.0411899313501145,-0.5,
SS-001326-PV1,2018-05-06,SLURRY,0.0,0.0,0.0,0.0,0.0,
SS-001327-PV1,2018-05-06,SLURRY,0.0,0.0,0.0,0.0,0.0,
SS-015648-PV1,2018-05-07,SLURRY,0.0,0.0,0.0,0.0,0.0,
SS-003931-PV1,2018-05-07,OVERLAY,0.0,0.0,0.0,0.0,0.0,
SS-014928-PV1,2018-05-07,SLURRY,0.0,0.0,0.0,0.0,0.0,
SS-008553-PV1,2018-05-07,OVERLAY,0.0,0.0,0.0,0.0,0.0,
SS-014929-PV1,2018-05-07,SLURRY,0.0,0.0,0.0,0.0,0.0,
SS-013722-PV1,2018-05-07,SLURRY,0.0,0.0,0.0,0.0,0.0,
SS-026412-PV1,2018-05-07,OVERLAY,0.0,0.0,0.0,0.0,0.0,
SS-013723-PV1,2018-05-07,SLURRY,0.0,0.0,0.0,0.0,0.0,
SS-008508-PV1,2018-05-07,OVERLAY,0.0,0.0,0.0,0.0,0.0,
SS-013724-PV1,2018-05-07,SLURRY,0.0,0.0,0.0,0.0,0.0,
SS-008700-PV1,2018-05-08,SLURRY,0.0,0.0,0.0,0.0,0.0,
SS-010517-PV1,2018-05-08,SLURRY,0.0,1.0,0.0,13.69080509453527,-1.0,
SS-018013-PV1,2018-05-08,SLURRY,0.0,0.0,0.0,0.0,0.0,
SS-018014-PV1,2018-05-08,SLURRY,0.0,0.0,0.0,0.0,0.0,
SS-031208-PV1,2018-05-08,SLURRY,0.0,0.0,0.0,0.0,0.0,
SS-023323-PV1,2018-05-08,OVERLAY,0.0,2.0,0.0,15.438531035467832,-2.0,
SS-003680-PV1,2018-05-08,SLURRY,0.0,0.0,0.0,0.0,0.0,
SS-023342-PV1,2018-05-08,OVERLAY,0.0,0.0,0.0,0.0,0.0,
SS-023339-PV1,2018-05-08,OVERLAY,0.0,0.5,0.0,4.566649207305808,-0.5,
SS-001193-PV1,2018-05-08,OVERLAY,0.0,0.0,0.0,0.0,0.0,
SS-023338-PV1,2018-05-08,OVERLAY,0.5,0.0,8.407466594651195,0.0,0.5,100.0
SS-023325-PV1,2018-05-08,OVERLAY,0.0,0.0,0.0,0.0,0.0,
SS-015149-PV1,2018-05-08,SLURRY,0.0,0.0,0.0,0.0,0.0,
SS-023337-PV1,2018-05-08,OVERLAY,1.0,1.5,11.115546101727457,16.673319152591183,-0.5,-50.0
SS-016831-PV1,2018-05-08,SLURRY,0.0,0.0,0.0,0.0,0.0,
SS-014179-PV1,2018-05-08,SLURRY,0.0,0.0,0.0,0.0,0.0,
SS-023042-PV1,2018-05-08,SLURRY,0.0,0.0,0.0,0.0,0.0,
SS-016350-PV1,2018-05-08,SLURRY,0.0,0.0,0.0,0.0,0.0,
SS-009612-PV1,2018-05-08,SLURRY,0.0,0.0,0.0,0.0,0.0,
SS-023954-PV1,2018-05-09,SLURRY,0.0,0.0,0.0,0.0,0.0,
SS-020364-PV1,2018-05-09,SLURRY,0.0,0.0,0.0,0.0,0.0,
SS-022732-PV1,2018-05-09,SLURRY,0.0,0.0,0.0,0.0,0.0,
SS-023024-PV1,2018-05-09,SLURRY,0.0,0.5,0.0,3.074079732312863,-0.5,
SS-007401-PV1,2018-05-09,SLURRY,0.0,1.0,0.0,8.048743679525856,-1.0,
SS-029934-PV1,2018-05-09,SLURRY,0.0,0.0,0.0,0.0,0.0,
SS-029931-PV1,2018-05-09,SLURRY,0.0,0.0,0.0,0.0,0.0,
SS-015161-PV1,2018-05-09,SLURRY,0.0,0.0,0.0,0.0,0.0,
SS-001194-PV1,2018-05-09,OVERLAY,0.0,0.5,0.0,24.672897196261683,-0.5,
SS-019853-PV1,2018-05-09,SLURRY,0.0,0.0,0.0,0.0,0.0,
SS-007101-PV1,2018-05-09,SLURRY,0.0,0.0,0.0,0.0,0.0,
SS-025610-PV1,2018-05-09,OVERLAY,0.0,0.5,0.0,5.5921481156685,-0.5,
SS-016348-PV1,2018-05-09,SLURRY,0.0,0.0,0.0,0.0,0.0,
SS-016349-PV1,2018-05-09,SLURRY,0.0,0.0,0.0,0.0,0.0,
SS-016520-PV1,2018-05-09,SLURRY,0.0,0.0,0.0,0.0,0.0,
SS-028675-PV1,2018-05-09,SLURRY,0.0,0.0,0.0,0.0,0.0,
SS-016884-PV1,2018-05-09,CONCRETE,0.0,0.0,0.0,0.0,0.0,
SS-025301-PV1,2018-05-09,SLURRY,0.0,0.5,0.0,3.974800367909931,-0.5,
SS-016521-PV1,2018-05-09,SLURRY,0.0,0.5,0.0,5.118923847088437,-0.5,
SS-008909-PV1,2018-05-09,SLURRY,0.0,0.0,0.0,0.0,0.0,
SS-013524-PV1,2018-05-09,SLURRY,0.0,0.0,0.0,0.0,0.0,
SS-011346-PV1,2018-05-09,SLURRY,0.0,0.0,0.0,0.0,0.0,
SS-013523-PV1,2018-05-09,SLURRY,0.0,0.0,0.0,0.0,0.0,
SS-013391-PV1,2018-05-09,SLURRY,0.0,0.0,0.0,0.0,0.0,
SS-013392-PV1,2018-05-09,SLURRY,0.0,0.5,0.0,6.36144578313253,-0.5,
SS-011450-PV1,2018-05-09,SLURRY,0.0,0.0,0.0,0.0,0.0,
SS-011347-PV1,2018-05-09,SLURRY,0.0,0.0,0.0,0.0,0.0,
SS-011345-PV1,2018-05-09,SLURRY,0.0,0.0,0.0,0.0,0.0,
SS-011344-PV1,2018-05-09,SLURRY,0.0,0.0,0.0,0.0,0.0,
SS-008505-PV1,2018-05-09,SLURRY,0.0,0.0,0.0,0.0,0.0,
SS-008506-PV1,2018-05-09,SLURRY,0.0,0.0,0.0,0.0,0.0,
SS-010188-PV1,2018-05-09,SLURRY,0.0,0.0,0.0,0.0,0.0,
SS-013525-PV1,2018-05-09,SLURRY,0.0,0.0,0.0,0.0,0.0,
SS-024294-PV1,2018-05-10,SLURRY,0.0,0.0,0.0,0.0,0.0,
SS-023187-PV1,2018-05-10,SLURRY,0.0,0.0,0.0,0.0,0.0,
SS-005295-PV1,2018-05-10,SLURRY,0.0,0.0,0.0,0.0,0.0,
SS-016522-PV1,2018-05-10,SLURRY,0.0,0.5,0.0,1.8640604277552668,-0.5,
SS-024456-PV1,2018-05-10,SLURRY,0.0,0.0,0.0,0.0,0.0,
SS-005294-PV1,2018-05-10,SLURRY,0.0,0.0,0.0,0.0,0.0,
SS-027653-PV1,2018-05-10,SLURRY,0.0,0.0,0.0,0.0,0.0,
SS-010186-PV1,2018-05-10,SLURRY,0.0,0.0,0.0,0.0,0.0,
SS-020508-PV1,2018-05-10,SLURRY,0.0,0.0,0.0,0.0,0.0,
SS-028676-PV1,2018-05-10,SLURRY,0.0,0.0,0.0,0.0,0.0,
SS-013066-PV1,2018-05-10,SLURRY,1.0,0.0,16.097560975609756,0.0,1.0,100.0
SS-005293-PV1,2018-05-10,SLURRY,0.0,0.5,0.0,6.910994764397906,-0.5,
SS-010187-PV1,2018-05-10,SLURRY,0.0,0.0,0.0,0.0,0.0,
SS-025959-PV1,2018-05-10,SLURRY,0.0,0.0,0.0,0.0,0.0,
SS-025958-PV1,2018-05-10,SLURRY,0.0,0.0,0.0,0.0,0.0,
SS-011356-PV1,2018-05-10,SLURRY,0.0,0.0,0.0,0.0,0.0,
SS-009853-PV1,2018-05-10,SLURRY,0.0,0.5,0.0,6.910994764397906,-0.5,
SS-009852-PV1,2018-05-10,SLURRY,0.0,0.0,0.0,0.0,0.0,
SS-020507-PV1,2018-05-10,SLURRY,0.0,0.0,0.0,0.0,0.0,
SS-016826-PV1,2018-05-10,SLURRY,0.0,0.0,0.0,0.0,0.0,
SS-009851-PV1,2018-05-10,SLURRY,0.0,0.5,0.0,6.961520459354873,-0.5,
SS-023188-PV1,2018-05-10,SLURRY,0.0,0.0,0.0,0.0,0.0,
SS-013067-PV1,2018-05-10,SLURRY,0.0,0.0,0.0,0.0,0.0,
SS-011458-PV1,2018-05-10,SLURRY,0.0,0.5,0.0,7.436621813132905,-0.5,
SS-006195-PV1,2018-05-10,SLURRY,0.0,0.0,0.0,0.0,0.0,
SS-011446-PV1,2018-05-10,SLURRY,0.0,0.0,0.0,0.0,0.0,
SS-011355-PV1,2018-05-10,SLURRY,0.0,0.0,0.0,0.0,0.0,
SS-007100-PV1,2018-05-10,SLURRY,0.0,0.0,0.0,0.0,0.0,
SS-029432-PV1,2018-05-11,SLURRY,0.0,0.5,0.0,18.45965376961513,-0.5,
SS-002298-PV1,2018-05-11,SLURRY,0.0,0.0,0.0,0.0,0.0,
SS-029723-PV1,2018-05-11,SLURRY,0.0,0.0,0.0,0.0,0.0,
SS-029724-PV1,2018-05-11,SLURRY,0.0,0.0,0.0,0.0,0.0,
SS-017618-PV1,2018-05-11,SLURRY,0.0,1.5,0.0,24.43778439394449,-1.5,
SS-017598-PV1,2018-05-11,SLURRY,0.0,0.5,0.0,5.084150392249906,-0.5,
SS-029725-PV1,2018-05-11,SLURRY,0.0,0.0,0.0,0.0,0.0,
SS-029433-PV1,2018-05-11,SLURRY,0.0,0.5,0.0,16.705847362975664,-0.5,
SS-029933-PV1,2018-05-11,SLURRY,0.0,0.0,0.0,0.0,0.0,
SS-009850-PV1,2018-05-11,SLURRY,0.5,1.5,6.89991335904248,20.69974007712744,-1.0,-200.0
SS-029932-PV1,2018-05-11,SLURRY,0.0,0.0,0.0,0.0,0.0,
SS-011447-PV1,2018-05-11,SLURRY,0.0,0.0,0.0,0.0,0.0,
SS-029929-PV1,2018-05-11,SLURRY,0.0,0.0,0.0,0.0,0.0,
SS-017619-PV1,2018-05-11,SLURRY,0.0,0.0,0.0,0.0,0.0,
SS-029434-PV1,2018-05-11,SLURRY,0.0,0.0,0.0,0.0,0.0,
SS-029435-PV1,2018-05-11,SLURRY,0.0,1.0,0.0,31.79799600357005,-1.0,
SS-029440-PV1,2018-05-11,SLURRY,0.0,0.0,0.0,0.0,0.0,
SS-017597-PV1,2018-05-11,SLURRY,0.0,0.0,0.0,0.0,0.0,
SS-002274-PV1,2018-05-11,SLURRY,0.0,0.0,0.0,0.0,0.0,
SS-002275-PV1,2018-05-11,SLURRY,0.0,0.0,0.0,0.0,0.0,
SS-017600-PV1,2018-05-11,SLURRY,0.0,0.0,0.0,0.0,0.0,
SS-022733-PV1,2018-05-11,SLURRY,0.0,0.0,0.0,0.0,0.0,
SS-016822-PV1,2018-05-11,SLURRY,0.0,0.0,0.0,0.0,0.0,
SS-009849-PV1,2018-05-11,SLURRY,0.0,0.0,0.0,0.0,0.0,
SS-017601-PV1,2018-05-11,SLURRY,2.0,3.5,36.53894529088772,63.94315425905351,-1.5,-75.0
SS-017599-PV1,2018-05-11,SLURRY,0.5,1.0,9.195869939746151,18.391739879492302,-0.5,-100.0
SS-030122-PV1,2018-05-11,OVERLAY,1.0,3.5,4.296474653037294,15.037661285630529,-2.5,-250.0
SS-028733-PV1,2018-05-11,OVERLAY,0.0,0.0,0.0,0.0,0.0,
SS-028735-PV1,2018-05-11,OVERLAY,0.0,0.0,0.0,0.0,0.0,
SS-030120-PV1,2018-05-11,OVERLAY,0.0,0.0,0.0,0.0,0.0,
SS-030119-PV1,2018-05-11,OVERLAY,0.0,0.5,0.0,5.779383843250851,-0.5,
SS-017595-PV1,2018-05-11,SLURRY,0.0,0.0,0.0,0.0,0.0,
SS-017594-PV1,2018-05-11,SLURRY,2.5,3.5,18.17739902076148,25.448358629066075,-1.0,-40.0
SS-016820-PV1,2018-05-11,SLURRY,0.0,0.5,0.0,4.028038197397979,-0.5,
SS-024293-PV1,2018-05-11,SLURRY,0.0,0.0,0.0,0.0,0.0,
SS-030121-PV1,2018-05-11,OVERLAY,0.0,0.0,0.0,0.0,0.0,
SS-016823-PV1,2018-05-11,SLURRY,0.0,0.0,0.0,0.0,0.0,
SS-013846-PV1,2018-05-14,SLURRY,0.0,0.5,0.0,7.6521739130434785,-0.5,
SS-008100-PV1,2018-05-14,SLURRY,0.0,0.0,0.0,0.0,0.0,
SS-029715-PV1,2018-05-14,SLURRY,0.0,0.0,0.0,0.0,0.0,
SS-029716-PV1,2018-05-14,SLURRY,0.0,0.0,0.0,0.0,0.0,
SS-014639-PV1,2018-05-14,SLURRY,0.0,0.0,0.0,0.0,0.0,
SS-014638-PV1,2018-05-14,SLURRY,0.0,0.0,0.0,0.0,0.0,
SS-015150-PV1,2018-05-14,SLURRY,0.0,0.0,0.0,0.0,0.0,
SS-003616-PV1,2018-05-14,SLURRY,0.0,0.0,0.0,0.0,0.0,
SS-014637-PV1,2018-05-14,SLURRY,0.0,0.0,0.0,0.0,0.0,
SS-024992-PV1,2018-05-14,SLURRY,0.0,0.0,0.0,0.0,0.0,
SS-008098-PV1,2018-05-14,SLURRY,0.0,0.0,0.0,0.0,0.0,
SS-022734-PV1,2018-05-14,SLURRY,0.0,0.0,0.0,0.0,0.0,
SS-029930-PV1,2018-05-14,SLURRY,0.0,0.0,0.0,0.0,0.0,
SS-024993-PV1,2018-05-14,SLURRY,0.0,0.0,0.0,0.0,0.0,
SS-013845-PV1,2018-05-14,SLURRY,0.0,0.0,0.0,0.0,0.0,
SS-026278-PV1,2018-05-14,SLURRY,0.0,0.0,0.0,0.0,0.0,
SS-030123-PV1,2018-05-14,OVERLAY,0.0,0.5,0.0,1.4657762076205372,-0.5,
SS-008099-PV1,2018-05-14,SLURRY,0.0,0.0,0.0,0.0,0.0,
SS-001349-PV1,2018-05-15,SLURRY,0.0,0.5,0.0,6.905674502601792,-0.5,
SS-018907-PV1,2018-05-15,SLURRY,0.0,0.5,0.0,15.175728032558835,-0.5,
SS-018906-PV1,2018-05-15,SLURRY,1.5,2.5,16.957186956840104,28.261978261400174,-1.0,-66.66666666666666
SS-018918-PV1,2018-05-15,SLURRY,0.5,2.0,2.6012814858519846,10.405125943407938,-1.5,-300.0
SS-003345-PV1,2018-05-15,SLURRY,1.0,1.5,13.836409095447376,20.754613643171062,-0.5,-50.0
SS-018905-PV1,2018-05-15,SLURRY,1.0,4.0,3.9609804416838275,15.84392176673531,-3.0,-300.0
SS-001325-PV1,2018-05-15,SLURRY,0.0,0.0,0.0,0.0,0.0,
SS-016821-PV1,2018-05-15,SLURRY,0.0,0.5,0.0,4.036654659148092,-0.5,
SS-003343-PV1,2018-05-15,SLURRY,0.0,2.0,0.0,27.818287573655237,-2.0,
SS-010549-PV1,2018-05-15,OVERLAY,0.0,0.0,0.0,0.0,0.0,
SS-024292-PV1,2018-05-15,SLURRY,0.0,0.0,0.0,0.0,0.0,
SS-024295-PV1,2018-05-15,SLURRY,0.0,0.0,0.0,0.0,0.0,
SS-010548-PV1,2018-05-15,OVERLAY,0.0,0.0,0.0,0.0,0.0,
SS-010547-PV1,2018-05-15,OVERLAY,1.5,5.0,28.080685168718116,93.60228389572706,-3.5,-233.33333333333334
SS-010546-PV1,2018-05-15,OVERLAY,0.0,0.5,0.0,6.6488423962428,-0.5,
SS-010550-PV1,2018-05-15,OVERLAY,0.0,0.0,0.0,0.0,0.0,
SS-003349-PV1,2018-05-15,SLURRY,0.0,1.0,0.0,13.828885871095402,-1.0,
SS-016819-PV1,2018-05-15,SLURRY,0.5,0.5,3.9806714276904254,3.9806714276904254,0.0,0.0
SS-003350-PV1,2018-05-15,SLURRY,0.0,0.0,0.0,0.0,0.0,
SS-005291-PV1,2018-05-16,SLURRY,0.0,0.0,0.0,0.0,0.0,
SS-009845-PV1,2018-05-16,SLURRY,0.0,0.0,0.0,0.0,0.0,
SS-009846-PV1,2018-05-16,SLURRY,0.0,1.5,0.0,28.40691033961322,-1.5,
SS-005292-PV1,2018-05-16,SLURRY,0.0,1.5,0.0,21.0079575596817,-1.5,
SS-024288-PV1,2018-05-16,SLURRY,0.0,1.0,0.0,7.995084234572137,-1.0,
SS-009844-PV1,2018-05-16,SLURRY,0.0,0.0,0.0,0.0,0.0,
SS-003347-PV1,2018-05-16,SLURRY,0.0,3.5,0.0,48.7851880988428,-3.5,
SS-010551-PV1,2018-05-16,OVERLAY,1.0,4.5,59.984663012298,269.93098355534096,-3.5,-350.0
SS-003348-PV1,2018-05-16,SLURRY,0.0,0.0,0.0,0.0,0.0,
SS-026125-PV1,2018-05-17,SLURRY,0.0,0.0,0.0,0.0,0.0,
SS-024199-PV1,2018-05-17,SLURRY,0.0,0.0,0.0,0.0,0.0,
SS-010554-PV1,2018-05-17,OVERLAY,0.0,0.5,0.0,5.919266584932956,-0.5,
SS-010553-PV1,2018-05-17,OVERLAY,0.5,3.0,13.33334006734347,80.00004040406081,-2.5,-500.0
SS-021691-PV1,2018-05-17,SLURRY,0.0,0.0,0.0,0.0,0.0,
SS-010552-PV1,2018-05-17,OVERLAY,0.0,0.0,0.0,0.0,0.0,
SS-024669-PV1,2018-05-17,SLURRY,0.0,0.0,0.0,0.0,0.0,
SS-015459-PV1,2018-05-17,SLURRY,0.0,0.0,0.0,0.0,0.0,
SS-024670-PV1,2018-05-17,SLURRY,0.0,0.0,0.0,0.0,0.0,
SS-024671-PV1,2018-05-17,SLURRY,0.0,0.0,0.0,0.0,0.0,
SS-005358-PV1,2018-05-18,SLURRY,0.0,0.0,0.0,0.0,0.0,
SS-005359-PV1,2018-05-18,SLURRY,0.0,0.0,0.0,0.0,0.0,
SS-005360-PV1,2018-05-18,SLURRY,0.0,0.0,0.0,0.0,0.0,
SS-022863-PV1,2018-05-18,SLURRY,0.0,0.0,0.0,0.0,0.0,
SS-028678-PV1,2018-05-18,SLURRY,0.0,0.0,0.0,0.0,0.0,
SS-028677-PV1,2018-05-18,SLURRY,0.5,0.0,24.481143491956924,0.0,0.5,100.0
SS-010557-PV1,2018-05-18,OVERLAY,0.0,3.0,0.0,13.608062708427155,-3.0,
SS-010556-PV1,2018-05-18,OVERLAY,0.5,1.0,3.987897335812677,7.975794671625354,-0.5,-100.0
SS-019695-PV1,2018-05-18,SLURRY,0.5,5.0,3.9878003519838026,39.878003519838025,-4.5,-900.0
SS-017075-PV1,2018-05-18,SLURRY,0.0,0.0,0.0,0.0,0.0,
SS-011118-PV1,2018-05-18,SLURRY,0.0,1.0,0.0,9.59786403898478,-1.0,
SS-019689-PV1,2018-05-18,SLURRY,0.5,1.0,3.9999587883033927,7.999917576606785,-0.5,-100.0
SS-019702-PV1,2018-05-18,SLURRY,1.5,2.5,6.022813688212928,10.038022813688213,-1.0,-66.66666666666666
SS-017076-PV1,2018-05-18,SLURRY,0.0,0.0,0.0,0.0,0.0,
SS-010555-PV1,2018-05-18,OVERLAY,0.0,0.0,0.0,0.0,0.0,
SS-005356-PV1,2018-05-18,SLURRY,0.0,0.0,0.0,0.0,0.0,
SS-014189-PV1,2018-05-18,SLURRY,0.0,0.0,0.0,0.0,0.0,
SS-005357-PV1,2018-05-18,SLURRY,0.0,0.0,0.0,0.0,0.0,
SS-001164-PV1,2018-05-18,SLURRY,0.0,0.0,0.0,0.0,0.0,
SS-005287-PV1,2018-05-18,SLURRY,0.0,0.0,0.0,0.0,0.0,
SS-005286-PV1,2018-05-18,SLURRY,1.0,1.0,19.241568785510808,19.241568785510808,0.0,0.0
SS-028679-PV1,2018-05-18,SLURRY,0.0,0.0,0.0,0.0,0.0,
SS-027315-PV1,2018-05-21,SLURRY,0.0,0.0,0.0,0.0,0.0,
SS-013520-PV1,2018-05-21,SLURRY,0.0,0.0,0.0,0.0,0.0,
SS-006745-PV1,2018-05-21,SLURRY,0.0,0.0,0.0,0.0,0.0,
SS-027312-PV1,2018-05-21,SLURRY,0.0,0.0,0.0,0.0,0.0,
SS-014190-PV1,2018-05-21,SLURRY,0.0,0.0,0.0,0.0,0.0,
SS-015463-PV1,2018-05-21,SLURRY,0.0,0.0,0.0,0.0,0.0,
SS-015465-PV1,2018-05-21,SLURRY,0.0,0.0,0.0,0.0,0.0,
SS-006250-PV1,2018-05-21,SLURRY,0.0,0.0,0.0,0.0,0.0,
SS-015466-PV1,2018-05-21,SLURRY,0.0,0.0,0.0,0.0,0.0,
SS-014191-PV1,2018-05-21,SLURRY,0.0,0.0,0.0,0.0,0.0,
SS-015467-PV1,2018-05-21,SLURRY,0.0,0.0,0.0,0.0,0.0,
SS-015468-PV1,2018-05-21,SLURRY,0.0,1.0,0.0,18.949582983561594,-1.0,
SS-015464-PV1,2018-05-21,SLURRY,0.0,0.0,0.0,0.0,0.0,
SS-020129-PV1,2018-05-24,OVERLAY,2.0,6.0,0.7773912996235607,2.3321738988706824,-4.0,-200.0
SS-025028-PV1,2018-05-24,SLURRY,0.0,0.0,0.0,0.0,0.0,
SS-025032-PV1,2018-05-24,SLURRY,0.0,0.0,0.0,0.0,0.0,
SS-012156-PV1,2018-05-24,SLURRY,0.0,0.5,0.0,8.53052084646032,-0.5,
SS-010932-PV1,2018-05-24,SLURRY,1.0,0.0,9.03779492866732,0.0,1.0,100.0
SS-025029-PV1,2018-05-24,SLURRY,0.0,0.0,0.0,0.0,0.0,
SS-012157-PV1,2018-05-24,SLURRY,0.0,0.5,0.0,4.571428571428571,-0.5,
SS-028199-PV1,2018-05-24,SLURRY,0.0,1.5,0.0,20.83559139932042,-1.5,
SS-028200-PV1,2018-05-24,SLURRY,0.0,0.5,0.0,6.84882287154021,-0.5,
SS-025031-PV1,2018-05-24,SLURRY,0.0,0.0,0.0,0.0,0.0,
SS-025030-PV1,2018-05-24,SLURRY,0.5,0.0,6.828291993284478,0.0,0.5,100.0
SS-010931-PV1,2018-05-24,SLURRY,0.0,0.5,0.0,4.4122189048872675,-0.5,
SS-025027-PV1,2018-05-24,SLURRY,0.0,0.0,0.0,0.0,0.0,
SS-009304-PV1,2018-05-25,SLURRY,0.0,0.0,0.0,0.0,0.0,
SS-001600-PV1,2018-05-25,SLURRY,0.0,0.0,0.0,0.0,0.0,
SS-009306-PV1,2018-05-25,SLURRY,0.0,0.0,0.0,0.0,0.0,
SS-015528-PV1,2018-05-25,SLURRY,1.0,0.5,5.57644433868915,2.788222169344575,0.5,50.0
SS-015515-PV1,2018-05-25,SLURRY,0.0,0.5,0.0,3.9586898715869983,-0.5,
SS-015514-PV1,2018-05-25,SLURRY,0.5,1.5,4.225846525897956,12.677539577693869,-1.0,-200.0
SS-015513-PV1,2018-05-25,SLURRY,1.0,0.5,35.948104009847604,17.974052004923802,0.5,50.0
SS-015512-PV1,2018-05-25,SLURRY,0.0,0.0,0.0,0.0,0.0,
SS-015511-PV1,2018-05-25,SLURRY,0.5,1.0,3.243416969262727,6.486833938525454,-0.5,-100.0
SS-015510-PV1,2018-05-25,SLURRY,0.5,0.0,4.020854221341019,0.0,0.5,100.0
SS-015509-PV1,2018-05-25,SLURRY,0.0,0.0,0.0,0.0,0.0,
SS-015508-PV1,2018-05-25,SLURRY,0.0,0.0,0.0,0.0,0.0,
SS-015507-PV1,2018-05-25,SLURRY,0.0,0.0,0.0,0.0,0.0,
SS-015506-PV1,2018-05-25,SLURRY,0.0,0.5,0.0,4.762978665824726,-0.5,
SS-010706-PV1,2018-05-25,SLURRY,0.0,0.0,0.0,0.0,0.0,
SS-001597-PV1,2018-05-25,SLURRY,0.0,0.0,0.0,0.0,0.0,
SS-014334-PV1,2018-05-25,SLURRY,0.0,0.0,0.0,0.0,0.0,
SS-014335-PV1,2018-05-25,SLURRY,0.0,0.0,0.0,0.0,0.0,
SS-005285-PV1,2018-05-29,SLURRY,0.0,0.0,0.0,0.0,0.0,
SS-029073-PV1,2018-05-29,OVERLAY,0.0,0.0,0.0,0.0,0.0,
SS-012418-PV1,2018-05-29,SLURRY,0.0,0.0,0.0,0.0,0.0,
SS-027078-PV1,2018-05-29,OVERLAY,0.0,0.0,0.0,0.0,0.0,
SS-024289-PV1,2018-05-29,SLURRY,0.0,3.5,0.0,27.889793060150197,-3.5,
SS-018177-PV1,2018-05-29,OVERLAY,0.0,0.0,0.0,0.0,0.0,
SS-005284-PV1,2018-05-29,SLURRY,0.0,0.0,0.0,0.0,0.0,
SS-005283-PV1,2018-05-29,SLURRY,0.0,1.0,0.0,16.448106224860567,-1.0,
SS-020501-PV1,2018-05-30,SLURRY,0.0,0.0,0.0,0.0,0.0,
SS-024200-PV1,2018-05-30,OVERLAY,0.0,0.0,0.0,0.0,0.0,
SS-020500-PV1,2018-05-30,SLURRY,0.0,0.0,0.0,0.0,0.0,
SS-009882-PV1,2018-05-30,OVERLAY,0.0,0.0,0.0,0.0,0.0,
SS-026250-PV1,2018-05-30,SLURRY,0.0,0.0,0.0,0.0,0.0,
SS-009881-PV1,2018-05-30,OVERLAY,0.0,0.0,0.0,0.0,0.0,
SS-024291-PV1,2018-05-30,SLURRY,0.0,0.5,0.0,4.014551532775544,-0.5,
SS-013456-PV1,2018-05-30,SLURRY,0.5,0.0,4.659340442121991,0.0,0.5,100.0
SS-021631-PV1,2018-05-30,SLURRY,0.0,0.0,0.0,0.0,0.0,
SS-010704-PV1,2018-05-30,SLURRY,0.0,0.0,0.0,0.0,0.0,
SS-010705-PV1,2018-05-30,SLURRY,0.5,0.0,13.912097675573044,0.0,0.5,100.0
SS-015726-PV1,2018-05-30,OVERLAY,0.0,0.0,0.0,0.0,0.0,
SS-006280-PV1,2018-05-30,SLURRY,0.0,0.0,0.0,0.0,0.0,
SS-008064-PV1,2018-05-30,OVERLAY,0.0,0.0,0.0,0.0,0.0,
SS-008890-PV1,2018-05-30,OVERLAY,0.0,0.0,0.0,0.0,0.0,
SS-011117-PV1,2018-05-30,SLURRY,0.0,0.5,0.0,6.526029091752261,-0.5,
SS-013748-PV1,2018-05-30,SLURRY,0.0,0.0,0.0,0.0,0.0,
SS-011116-PV1,2018-05-30,SLURRY,0.0,0.0,0.0,0.0,0.0,
SS-008889-PV1,2018-05-30,OVERLAY,0.0,0.0,0.0,0.0,0.0,
SS-008888-PV1,2018-05-30,OVERLAY,0.0,0.0,0.0,0.0,0.0,
SS-010338-PV1,2018-05-30,OVERLAY,0.0,0.0,0.0,0.0,0.0,
SS-022861-PV1,2018-05-30,SLURRY,0.0,0.0,0.0,0.0,0.0,
SS-008063-PV1,2018-05-30,OVERLAY,0.0,0.0,0.0,0.0,0.0,
SS-005301-PV1,2018-05-30,SLURRY,0.0,0.5,0.0,5.0959171280337605,-0.5,
SS-024672-PV1,2018-05-30,SLURRY,0.0,0.0,0.0,0.0,0.0,
SS-020233-PV1,2018-05-31,OVERLAY,0.0,0.0,0.0,0.0,0.0,
SS-004495-PV1,2018-05-31,SLURRY,0.0,0.0,0.0,0.0,0.0,
SS-011115-PV1,2018-05-31,SLURRY,0.0,0.0,0.0,0.0,0.0,
SS-009352-PV1,2018-05-31,OVERLAY,0.0,0.0,0.0,0.0,0.0,
SS-017752-PV1,2018-05-31,SLURRY,0.0,0.0,0.0,0.0,0.0,
SS-005288-PV1,2018-05-31,SLURRY,1.0,1.5,13.909143786827618,20.863715680241427,-0.5,-50.0
SS-026621-PV1,2018-05-31,OVERLAY,0.0,0.0,0.0,0.0,0.0,
SS-026626-PV1,2018-05-31,OVERLAY,0.0,0.0,0.0,0.0,0.0,
SS-030059-PV1,2018-05-31,OVERLAY,0.0,0.0,0.0,0.0,0.0,
SS-026622-PV1,2018-05-31,OVERLAY,0.0,0.5,0.0,7.534797062799108,-0.5,
SS-012973-PV1,2018-05-31,OVERLAY,0.0,0.0,0.0,0.0,0.0,
SS-011647-PV1,2018-05-31,OVERLAY,0.0,0.0,0.0,0.0,0.0,
SS-005289-PV1,2018-05-31,SLURRY,0.0,0.0,0.0,0.0,0.0,
SS-011648-PV1,2018-05-31,OVERLAY,0.0,0.0,0.0,0.0,0.0,
SS-004494-PV1,2018-05-31,SLURRY,0.0,0.0,0.0,0.0,0.0,
SS-017442-PV1,2018-05-31,SLURRY,0.0,0.0,0.0,0.0,0.0,
SS-003344-PV1,2018-05-31,SLURRY,0.0,0.0,0.0,0.0,0.0,
SS-022862-PV1,2018-05-31,SLURRY,0.0,0.0,0.0,0.0,0.0,
SS-026623-PV1,2018-05-31,OVERLAY,0.0,0.5,0.0,6.7286209538431905,-0.5,
SS-026625-PV1,2018-05-31,OVERLAY,0.0,0.0,0.0,0.0,0.0,
SS-030570-PV1,2018-06-01,SLURRY,0.0,0.0,0.0,0.0,0.0,
SS-026249-PV1,2018-06-01,SLURRY,0.0,0.0,0.0,0.0,0.0,
SS-030571-PV1,2018-06-01,SLURRY,0.0,0.0,0.0,0.0,0.0,
SS-009296-PV1,2018-06-03,SLURRY,0.0,0.0,0.0,0.0,0.0,
SS-009299-PV1,2018-06-03,SLURRY,0.0,0.0,0.0,0.0,0.0,
SS-009298-PV1,2018-06-03,SLURRY,0.0,0.0,0.0,0.0,0.0,
SS-026641-PV1,2018-06-03,SLURRY,0.0,0.0,0.0,0.0,0.0,
SS-009297-PV1,2018-06-03,SLURRY,0.0,0.0,0.0,0.0,0.0,
SS-009295-PV1,2018-06-03,SLURRY,0.5,1.0,4.502994747358968,9.005989494717936,-0.5,-100.0
SS-000138-PV1,2018-06-04,OVERLAY,0.0,3.0,0.0,40.82417409654607,-3.0,
SS-015831-PV1,2018-06-05,SLURRY,0.0,0.0,0.0,0.0,0.0,
SS-015830-PV1,2018-06-05,SLURRY,0.0,0.0,0.0,0.0,0.0,
SS-015886-PV1,2018-06-06,SLURRY,0.0,0.0,0.0,0.0,0.0,
SS-003355-PV1,2018-06-06,SLURRY,0.0,0.0,0.0,0.0,0.0,
SS-003183-PV1,2018-06-06,OVERLAY,0.5,2.0,0.9885089578007773,3.954035831203109,-1.5,-300.0
SS-026994-PV1,2018-06-06,SLURRY,0.0,0.0,0.0,0.0,0.0,
SS-010228-PV1,2018-06-06,OVERLAY,0.0,0.0,0.0,0.0,0.0,
SS-026993-PV1,2018-06-06,SLURRY,0.0,0.0,0.0,0.0,0.0,
SS-003950-PV1,2018-06-06,SLURRY,0.0,0.0,0.0,0.0,0.0,
SS-015743-PV1,2018-06-06,SLURRY,0.0,0.0,0.0,0.0,0.0,
SS-015883-PV1,2018-06-06,SLURRY,0.0,0.0,0.0,0.0,0.0,
SS-015882-PV1,2018-06-06,SLURRY,0.0,0.0,0.0,0.0,0.0,
SS-001693-PV1,2018-06-06,SLURRY,0.0,0.0,0.0,0.0,0.0,
SS-015740-PV1,2018-06-06,SLURRY,0.0,0.0,0.0,0.0,0.0,
SS-015741-PV1,2018-06-06,SLURRY,0.0,0.0,0.0,0.0,0.0,
SS-026995-PV1,2018-06-06,SLURRY,0.0,0.0,0.0,0.0,0.0,
SS-010217-PV1,2018-06-07,OVERLAY,0.0,0.0,0.0,0.0,0.0,
SS-006913-PV1,2018-06-07,SLURRY,0.0,0.5,0.0,2.907244688579583,-0.5,
SS-011160-PV1,2018-06-07,SLURRY,0.0,0.0,0.0,0.0,0.0,
SS-006155-PV1,2018-06-07,OVERLAY,0.0,0.0,0.0,0.0,0.0,
SS-011943-PV1,2018-06-07,SLURRY,0.0,0.0,0.0,0.0,0.0,
SS-011161-PV1,2018-06-07,SLURRY,0.0,0.0,0.0,0.0,0.0,
SS-015881-PV1,2018-06-07,SLURRY,0.0,0.0,0.0,0.0,0.0,
SS-007739-PV1,2018-06-07,SLURRY,0.0,0.0,0.0,0.0,0.0,
SS-006154-PV1,2018-06-07,OVERLAY,0.0,0.0,0.0,0.0,0.0,
SS-006156-PV1,2018-06-07,OVERLAY,0.0,0.0,0.0,0.0,0.0,
SS-015880-PV1,2018-06-07,SLURRY,0.0,1.0,0.0,5.845152608299718,-1.0,
SS-010214-PV1,2018-06-07,OVERLAY,0.0,1.0,0.0,7.97472977295884,-1.0,
SS-015878-PV1,2018-06-07,SLURRY,0.0,0.5,0.0,2.807665351814294,-0.5,
SS-015745-PV1,2018-06-07,SLURRY,0.0,0.0,0.0,0.0,0.0,
SS-015879-PV1,2018-06-07,SLURRY,0.0,0.0,0.0,0.0,0.0,
SS-015744-PV1,2018-06-07,SLURRY,0.0,0.0,0.0,0.0,0.0,
SS-005107-PV1,2018-06-07,SLURRY,0.0,0.0,0.0,0.0,0.0,
SS-021306-PV1,2018-06-08,OVERLAY,0.0,0.0,0.0,0.0,0.0,
SS-021307-PV1,2018-06-08,OVERLAY,0.0,0.0,0.0,0.0,0.0,
SS-007917-PV1,2018-06-08,SLURRY,0.0,0.0,0.0,0.0,0.0,
SS-015742-PV1,2018-06-08,SLURRY,0.0,0.0,0.0,0.0,0.0,
SS-023878-PV1,2018-06-08,SLURRY,0.0,0.5,0.0,5.150484877181421,-0.5,
SS-019138-PV1,2018-06-08,SLURRY,0.0,0.0,0.0,0.0,0.0,
SS-015885-PV1,2018-06-08,SLURRY,0.0,0.0,0.0,0.0,0.0,
SS-007919-PV1,2018-06-08,SLURRY,0.0,0.0,0.0,0.0,0.0,
SS-019142-PV1,2018-06-08,SLURRY,0.0,0.0,0.0,0.0,0.0,
SS-011981-PV1,2018-06-08,SLURRY,0.0,0.0,0.0,0.0,0.0,
SS-019139-PV1,2018-06-08,SLURRY,1.0,1.0,7.159555993626368,7.159555993626368,0.0,0.0
SS-007918-PV1,2018-06-08,SLURRY,0.0,0.0,0.0,0.0,0.0,
SS-021305-PV1,2018-06-08,OVERLAY,0.0,0.0,0.0,0.0,0.0,
SS-019141-PV1,2018-06-08,SLURRY,0.0,0.0,0.0,0.0,0.0,
SS-021308-PV1,2018-06-08,OVERLAY,0.5,1.0,3.2096971760135924,6.419394352027185,-0.5,-100.0
SS-019137-PV1,2018-06-08,SLURRY,0.0,0.0,0.0,0.0,0.0,
SS-015884-PV1,2018-06-08,SLURRY,0.0,0.0,0.0,0.0,0.0,
SS-009300-PV1,2018-06-08,SLURRY,0.0,0.5,0.0,8.045042486356948,-0.5,
SS-019143-PV1,2018-06-08,SLURRY,0.0,0.0,0.0,0.0,0.0,
SS-019140-PV1,2018-06-08,SLURRY,0.0,0.0,0.0,0.0,0.0,
SS-030578-PV1,2018-06-08,SLURRY,0.0,0.5,0.0,1.0482042117798143,-0.5,
SS-030577-PV1,2018-06-10,SLURRY,0.0,0.0,0.0,0.0,0.0,
SS-015169-PV1,2018-06-10,SLURRY,0.0,0.0,0.0,0.0,0.0,
SS-012637-PV1,2018-06-10,SLURRY,0.0,0.0,0.0,0.0,0.0,
SS-009301-PV1,2018-06-10,SLURRY,0.0,0.0,0.0,0.0,0.0,
SS-012636-PV1,2018-06-10,SLURRY,0.0,0.5,0.0,2.2974093924361623,-0.5,
SS-030573-PV1,2018-06-11,SLURRY,0.0,0.0,0.0,0.0,0.0,
SS-030569-PV1,2018-06-11,SLURRY,0.0,0.0,0.0,0.0,0.0,
SS-030568-PV1,2018-06-11,SLURRY,0.0,0.0,0.0,0.0,0.0,
SS-030576-PV1,2018-06-11,SLURRY,0.0,0.0,0.0,0.0,0.0,
SS-030574-PV1,2018-06-11,SLURRY,0.0,0.0,0.0,0.0,0.0,
SS-016380-PV1,2018-06-18,SLURRY,0.0,0.0,0.0,0.0,0.0,
SS-029042-PV1,2018-06-18,SLURRY,0.0,0.0,0.0,0.0,0.0,
SS-028223-PV1,2018-06-18,SLURRY,0.0,0.5,0.0,4.861878453038674,-0.5,
SS-029151-PV1,2018-06-18,SLURRY,0.0,0.0,0.0,0.0,0.0,
SS-014550-PV1,2018-06-18,SLURRY,0.0,0.0,0.0,0.0,0.0,
SS-028222-PV1,2018-06-18,SLURRY,0.0,0.0,0.0,0.0,0.0,
SS-016379-PV1,2018-06-18,SLURRY,0.0,0.5,0.0,4.0,-0.5,
SS-025000-PV1,2018-06-18,SLURRY,0.0,0.0,0.0,0.0,0.0,
SS-025001-PV1,2018-06-18,SLURRY,0.0,0.0,0.0,0.0,0.0,
SS-023113-PV1,2018-06-18,SLURRY,0.0,0.0,0.0,0.0,0.0,
SS-012773-PV1,2018-06-18,SLURRY,0.0,0.5,0.0,2.453531598513011,-0.5,
SS-025804-PV1,2018-06-18,SLURRY,0.0,0.0,0.0,0.0,0.0,
SS-016214-PV1,2018-06-19,SLURRY,0.0,0.0,0.0,0.0,0.0,
SS-009031-PV1,2018-06-19,SLURRY,0.0,0.0,0.0,0.0,0.0,
SS-009030-PV1,2018-06-19,SLURRY,0.0,0.0,0.0,0.0,0.0,
SS-021708-PV1,2018-06-19,SLURRY,0.0,0.5,0.0,8.571428571428571,-0.5,
SS-009033-PV1,2018-06-19,SLURRY,0.0,0.0,0.0,0.0,0.0,
SS-009034-PV1,2018-06-19,SLURRY,0.5,1.0,9.581895444099075,19.16379088819815,-0.5,-100.0
SS-009025-PV1,2018-06-19,SLURRY,0.0,0.0,0.0,0.0,0.0,
SS-017468-PV1,2018-06-19,SLURRY,0.0,0.0,0.0,0.0,0.0,
SS-009024-PV1,2018-06-19,SLURRY,0.0,0.5,0.0,4.5434581774674765,-0.5,
SS-019778-PV1,2018-06-19,SLURRY,0.0,0.0,0.0,0.0,0.0,
SS-009026-PV1,2018-06-19,SLURRY,0.5,0.0,4.91943951931113,0.0,0.5,100.0
SS-019777-PV1,2018-06-19,SLURRY,0.0,0.0,0.0,0.0,0.0,
SS-013976-PV1,2018-06-19,SLURRY,0.0,1.5,0.0,24.520123839009287,-1.5,
SS-017480-PV1,2018-06-19,SLURRY,0.0,0.0,0.0,0.0,0.0,
SS-009023-PV1,2018-06-19,SLURRY,0.0,0.0,0.0,0.0,0.0,
SS-013622-PV1,2018-06-19,SLURRY,0.0,0.0,0.0,0.0,0.0,
SS-013623-PV1,2018-06-19,SLURRY,0.0,0.0,0.0,0.0,0.0,
SS-013977-PV1,2018-06-19,SLURRY,0.0,0.5,0.0,2.5239005736137665,-0.5,
SS-031335-PV1,2018-06-19,SLURRY,0.0,0.5,0.0,5.580268677254381,-0.5,
SS-026108-PV1,2018-06-20,SLURRY,0.0,0.5,0.0,8.90566271961398,-0.5,
SS-007769-PV1,2018-06-20,SLURRY,0.0,0.0,0.0,0.0,0.0,
SS-026106-PV1,2018-06-20,SLURRY,0.0,0.0,0.0,0.0,0.0,
SS-014595-PV1,2018-06-20,SLURRY,0.0,0.0,0.0,0.0,0.0,
SS-026107-PV1,2018-06-20,SLURRY,0.0,0.0,0.0,0.0,0.0,
SS-026109-PV1,2018-06-20,SLURRY,0.0,0.0,0.0,0.0,0.0,
SS-030699-PV1,2018-06-20,SLURRY,0.0,0.0,0.0,0.0,0.0,
SS-030987-PV1,2018-06-20,OVERLAY,1.0,0.5,0.5466389958283059,0.27331949791415294,0.5,50.0
SS-011841-PV1,2018-06-20,SLURRY,0.0,0.0,0.0,0.0,0.0,
SS-028783-PV1,2018-06-20,SLURRY,0.0,0.0,0.0,0.0,0.0,
SS-002040-PV1,2018-06-20,SLURRY,0.0,0.0,0.0,0.0,0.0,
SS-025015-PV1,2018-06-20,SLURRY,0.0,0.0,0.0,0.0,0.0,
SS-026532-PV1,2018-06-20,SLURRY,0.0,0.0,0.0,0.0,0.0,
SS-021848-PV1,2018-06-20,SLURRY,0.0,0.0,0.0,0.0,0.0,
SS-022085-PV1,2018-06-20,SLURRY,0.0,0.0,0.0,0.0,0.0,
SS-026110-PV1,2018-06-20,SLURRY,0.5,0.0,27.789473684210524,0.0,0.5,100.0
SS-025014-PV1,2018-06-20,SLURRY,0.0,0.0,0.0,0.0,0.0,
SS-016792-PV1,2018-06-20,SLURRY,0.0,0.0,0.0,0.0,0.0,
SS-023599-PV1,2018-06-20,SLURRY,0.0,0.0,0.0,0.0,0.0,
SS-028910-PV1,2018-06-20,SLURRY,0.0,0.0,0.0,0.0,0.0,
SS-030554-PV1,2018-06-21,SLURRY,0.0,0.0,0.0,0.0,0.0,
SS-031075-PV1,2018-06-21,SLURRY,0.0,0.0,0.0,0.0,0.0,
SS-031562-PV1,2018-06-21,SLURRY,0.0,0.0,0.0,0.0,0.0,
SS-030548-PV1,2018-06-21,SLURRY,0.0,0.0,0.0,0.0,0.0,
SS-014157-PV1,2018-06-22,SLURRY,0.0,0.5,0.0,1.99546485260771,-0.5,
SS-021709-PV1,2018-06-22,SLURRY,0.0,0.5,0.0,7.0212765957446805,-0.5,
SS-014201-PV1,2018-06-22,SLURRY,0.0,0.0,0.0,0.0,0.0,
SS-021706-PV1,2018-06-22,SLURRY,0.5,0.0,8.68421052631579,0.0,0.5,100.0
SS-021705-PV1,2018-06-22,SLURRY,0.0,0.0,0.0,0.0,0.0,
SS-031074-PV1,2018-06-22,SLURRY,0.0,0.0,0.0,0.0,0.0,
SS-030547-PV1,2018-06-22,SLURRY,0.0,0.0,0.0,0.0,0.0,
SS-031553-PV1,2018-06-22,SLURRY,0.0,0.0,0.0,0.0,0.0,
SS-030549-PV1,2018-06-22,SLURRY,0.0,0.0,0.0,0.0,0.0,
SS-021767-PV1,2018-06-22,SLURRY,0.0,0.0,0.0,0.0,0.0,
SS-031678-PV1,2018-06-22,SLURRY,0.0,0.0,0.0,0.0,0.0,
SS-030553-PV1,2018-06-22,SLURRY,0.0,0.0,0.0,0.0,0.0,
SS-013624-PV1,2018-06-22,SLURRY,0.0,0.0,0.0,0.0,0.0,
SS-031552-PV1,2018-06-22,SLURRY,0.0,0.0,0.0,0.0,0.0,
SS-013625-PV1,2018-06-22,SLURRY,0.0,0.0,0.0,0.0,0.0,
SS-025542-PV1,2018-06-22,SLURRY,0.0,0.0,0.0,0.0,0.0,
SS-021700-PV1,2018-06-22,SLURRY,0.0,0.0,0.0,0.0,0.0,
SS-002734-PV1,2018-06-22,SLURRY,0.0,0.0,0.0,0.0,0.0,
SS-031677-PV1,2018-06-22,SLURRY,0.0,0.0,0.0,0.0,0.0,
SS-025646-PV1,2018-06-22,SLURRY,0.0,0.0,0.0,0.0,0.0,
SS-002735-PV1,2018-06-22,SLURRY,0.0,0.0,0.0,0.0,0.0,
SS-031557-PV1,2018-06-22,SLURRY,0.0,0.0,0.0,0.0,0.0,
SS-024132-PV1,2018-06-22,OVERLAY,0.5,0.0,0.64347435593823,0.0,0.5,100.0
SS-031556-PV1,2018-06-22,SLURRY,0.0,0.0,0.0,0.0,0.0,
SS-031458-PV1,2018-06-22,OVERLAY,0.0,0.0,0.0,0.0,0.0,
SS-025967-PV1,2018-06-22,SLURRY,0.0,0.0,0.0,0.0,0.0,
SS-016215-PV1,2018-06-22,SLURRY,0.0,0.0,0.0,0.0,0.0,
SS-026028-PV1,2018-06-22,SLURRY,0.0,0.0,0.0,0.0,0.0,
SS-030255-PV1,2018-06-22,SLURRY,0.5,0.0,9.530630870002195,0.0,0.5,100.0
SS-024130-PV1,2018-06-22,OVERLAY,0.0,0.0,0.0,0.0,0.0,
SS-017479-PV1,2018-06-22,SLURRY,0.0,0.0,0.0,0.0,0.0,
SS-017477-PV1,2018-06-22,SLURRY,0.0,0.0,0.0,0.0,0.0,
SS-030697-PV1,2018-06-22,SLURRY,0.0,0.0,0.0,0.0,0.0,
SS-017476-PV1,2018-06-22,SLURRY,0.0,0.0,0.0,0.0,0.0,
SS-026029-PV1,2018-06-22,SLURRY,0.0,0.5,0.0,10.311787036599423,-0.5,
SS-024131-PV1,2018-06-22,OVERLAY,0.0,0.0,0.0,0.0,0.0,
SS-030256-PV1,2018-06-22,SLURRY,0.0,0.0,0.0,0.0,0.0,
SS-009659-PV1,2018-06-23,OVERLAY,0.0,1.5,0.0,28.28552234824121,-1.5,
SS-031564-PV1,2018-06-25,SLURRY,0.0,0.0,0.0,0.0,0.0,
SS-031561-PV1,2018-06-25,SLURRY,0.0,0.0,0.0,0.0,0.0,
SS-031563-PV1,2018-06-25,SLURRY,0.0,0.0,0.0,0.0,0.0,
SS-031675-PV1,2018-06-25,SLURRY,0.0,0.0,0.0,0.0,0.0,
SS-031555-PV1,2018-06-25,SLURRY,0.0,0.0,0.0,0.0,0.0,
SS-030700-PV1,2018-06-25,SLURRY,0.0,0.0,0.0,0.0,0.0,
SS-031559-PV1,2018-06-25,SLURRY,0.0,0.0,0.0,0.0,0.0,
SS-030561-PV1,2018-06-25,SLURRY,0.0,0.0,0.0,0.0,0.0,
SS-030698-PV1,2018-06-25,SLURRY,0.0,0.0,0.0,0.0,0.0,
SS-031558-PV1,2018-06-25,SLURRY,0.0,0.0,0.0,0.0,0.0,
SS-031554-PV1,2018-06-25,SLURRY,0.0,0.0,0.0,0.0,0.0,
SS-008109-PV1,2018-06-26,SLURRY,0.0,0.0,0.0,0.0,0.0,
SS-031070-PV1,2018-06-26,SLURRY,0.0,0.0,0.0,0.0,0.0,
SS-030702-PV1,2018-06-26,SLURRY,0.0,0.0,0.0,0.0,0.0,
SS-017361-PV1,2018-06-26,SLURRY,0.0,0.0,0.0,0.0,0.0,
SS-017362-PV1,2018-06-26,SLURRY,0.0,0.0,0.0,0.0,0.0,
SS-017475-PV1,2018-06-26,SLURRY,0.0,0.0,0.0,0.0,0.0,
SS-025023-PV1,2018-06-26,SLURRY,0.0,0.0,0.0,0.0,0.0,
SS-017491-PV1,2018-06-26,SLURRY,0.0,0.0,0.0,0.0,0.0,
SS-030701-PV1,2018-06-26,SLURRY,0.0,0.0,0.0,0.0,0.0,
SS-025540-PV1,2018-06-26,SLURRY,0.0,0.0,0.0,0.0,0.0,
SS-020793-PV1,2018-06-26,SLURRY,0.0,0.0,0.0,0.0,0.0,
SS-020792-PV1,2018-06-26,SLURRY,0.0,0.0,0.0,0.0,0.0,
SS-025541-PV1,2018-06-26,SLURRY,0.0,0.5,0.0,4.170616113744075,-0.5,
SS-017490-PV1,2018-06-26,SLURRY,0.0,0.0,0.0,0.0,0.0,
SS-017030-PV1,2018-06-26,SLURRY,0.0,0.0,0.0,0.0,0.0,
SS-008110-PV1,2018-06-26,SLURRY,0.0,0.0,0.0,0.0,0.0,
SS-024613-PV1,2018-06-26,SLURRY,0.0,0.0,0.0,0.0,0.0,
SS-009836-PV1,2018-06-26,SLURRY,0.0,0.0,0.0,0.0,0.0,
SS-000468-PV1,2018-06-26,OVERLAY,0.0,0.0,0.0,0.0,0.0,
SS-000456-PV1,2018-06-26,OVERLAY,0.0,0.0,0.0,0.0,0.0,
SS-009838-PV1,2018-06-26,SLURRY,0.0,0.0,0.0,0.0,0.0,
SS-013980-PV1,2018-06-26,SLURRY,0.0,0.0,0.0,0.0,0.0,
SS-009837-PV1,2018-06-26,SLURRY,0.0,0.0,0.0,0.0,0.0,
SS-000469-PV1,2018-06-26,OVERLAY,0.0,0.0,0.0,0.0,0.0,
SS-024652-PV1,2018-06-26,SLURRY,0.0,0.0,0.0,0.0,0.0,
SS-030258-PV1,2018-06-26,SLURRY,0.0,0.0,0.0,0.0,0.0,
SS-000457-PV1,2018-06-26,OVERLAY,0.0,0.0,0.0,0.0,0.0,
SS-031071-PV1,2018-06-26,SLURRY,0.0,0.5,0.0,5.835899802905748,-0.5,
SS-031072-PV1,2018-06-26,SLURRY,0.0,0.0,0.0,0.0,0.0,
SS-030704-PV1,2018-06-26,SLURRY,0.0,0.0,0.0,0.0,0.0,
SS-031073-PV1,2018-06-26,SLURRY,0.0,0.0,0.0,0.0,0.0,
SS-030703-PV1,2018-06-26,SLURRY,0.0,0.0,0.0,0.0,0.0,
SS-008111-PV1,2018-06-26,SLURRY,0.0,0.0,0.0,0.0,0.0,
SS-030257-PV1,2018-06-26,SLURRY,0.5,0.0,8.888433992603746,0.0,0.5,100.0
SS-029260-PV1,2018-06-27,SLURRY,0.0,0.0,0.0,0.0,0.0,
SS-026776-PV1,2018-06-27,SLURRY,0.0,0.0,0.0,0.0,0.0,
SS-031056-PV1,2018-06-27,SLURRY,1.0,0.0,4.313661349153142,0.0,1.0,100.0
SS-000481-PV1,2018-06-27,OVERLAY,0.0,0.5,0.0,6.965701046359114,-0.5,
SS-031068-PV1,2018-06-27,SLURRY,0.0,0.0,0.0,0.0,0.0,
SS-026777-PV1,2018-06-27,SLURRY,0.0,0.0,0.0,0.0,0.0,
SS-031067-PV1,2018-06-27,SLURRY,0.0,0.0,0.0,0.0,0.0,
SS-029261-PV1,2018-06-27,SLURRY,0.0,0.0,0.0,0.0,0.0,
SS-027023-PV1,2018-06-27,SLURRY,0.0,0.0,0.0,0.0,0.0,
SS-030545-PV1,2018-06-27,SLURRY,0.0,0.0,0.0,0.0,0.0,
SS-030546-PV1,2018-06-27,SLURRY,0.0,0.0,0.0,0.0,0.0,
SS-031717-PV1,2018-06-27,SLURRY,0.0,0.5,0.0,2.1876581442742316,-0.5,
SS-030550-PV1,2018-06-27,SLURRY,0.0,0.0,0.0,0.0,0.0,
SS-013380-PV1,2018-06-27,SLURRY,0.0,0.0,0.0,0.0,0.0,
SS-030544-PV1,2018-06-27,SLURRY,0.0,0.0,0.0,0.0,0.0,
SS-021707-PV1,2018-06-27,SLURRY,0.0,0.0,0.0,0.0,0.0,
SS-013381-PV1,2018-06-27,SLURRY,0.0,0.0,0.0,0.0,0.0,
SS-009666-PV1,2018-06-27,OVERLAY,0.0,0.0,0.0,0.0,0.0,
SS-000480-PV1,2018-06-27,OVERLAY,0.0,1.0,0.0,13.858271353876994,-1.0,
SS-009667-PV1,2018-06-27,OVERLAY,0.0,0.0,0.0,0.0,0.0,
SS-031676-PV1,2018-06-27,SLURRY,0.0,0.0,0.0,0.0,0.0,
SS-012354-PV1,2018-06-27,SLURRY,0.0,0.0,0.0,0.0,0.0,
SS-000494-PV1,2018-06-27,OVERLAY,0.0,0.0,0.0,0.0,0.0,
SS-029262-PV1,2018-06-27,SLURRY,0.0,0.0,0.0,0.0,0.0,
SS-009668-PV1,2018-06-27,OVERLAY,0.0,0.0,0.0,0.0,0.0,
SS-000495-PV1,2018-06-27,OVERLAY,0.0,0.0,0.0,0.0,0.0,
SS-026027-PV1,2018-06-27,SLURRY,0.0,0.0,0.0,0.0,0.0,
SS-026854-PV1,2018-06-27,SLURRY,0.0,0.0,0.0,0.0,0.0,
SS-025543-PV1,2018-06-27,SLURRY,0.0,0.0,0.0,0.0,0.0,
SS-020338-PV1,2018-06-27,SLURRY,0.0,0.0,0.0,0.0,0.0,
SS-009038-PV1,2018-06-27,SLURRY,0.0,0.0,0.0,0.0,0.0,
SS-025519-PV1,2018-06-27,SLURRY,0.0,0.0,0.0,0.0,0.0,
SS-027022-PV1,2018-06-27,SLURRY,0.0,0.0,0.0,0.0,0.0,
SS-031069-PV1,2018-06-27,SLURRY,0.0,0.0,0.0,0.0,0.0,
SS-024616-PV1,2018-06-27,SLURRY,0.0,0.0,0.0,0.0,0.0,
SS-024612-PV1,2018-06-27,SLURRY,0.0,0.0,0.0,0.0,0.0,
SS-017725-PV1,2018-06-27,SLURRY,0.0,0.0,0.0,0.0,0.0,
SS-030696-PV1,2018-06-27,SLURRY,0.0,0.0,0.0,0.0,0.0,
SS-030694-PV1,2018-06-27,SLURRY,0.0,0.0,0.0,0.0,0.0,
SS-030695-PV1,2018-06-27,SLURRY,0.0,0.0,0.0,0.0,0.0,
SS-014551-PV1,2018-06-27,SLURRY,0.0,0.0,0.0,0.0,0.0,
SS-020336-PV1,2018-06-28,SLURRY,0.0,0.5,0.0,2.9922337932003753,-0.5,
SS-023683-PV1,2018-06-28,SLURRY,0.0,0.0,0.0,0.0,0.0,
SS-017727-PV1,2018-06-28,SLURRY,0.0,0.0,0.0,0.0,0.0,
SS-017726-PV1,2018-06-28,SLURRY,0.0,0.0,0.0,0.0,0.0,
SS-020337-PV1,2018-06-28,SLURRY,0.5,1.0,1.7868458096909041,3.5736916193818082,-0.5,-100.0
SS-030555-PV1,2018-06-28,SLURRY,0.0,0.0,0.0,0.0,0.0,
SS-020339-PV1,2018-06-28,SLURRY,0.0,1.5,0.0,10.994530221214944,-1.5,
SS-020794-PV1,2018-06-28,SLURRY,0.0,0.0,0.0,0.0,0.0,
SS-031550-PV1,2018-06-28,SLURRY,0.0,0.0,0.0,0.0,0.0,
SS-030560-PV1,2018-06-28,SLURRY,0.0,0.0,0.0,0.0,0.0,
SS-012600-PV1,2018-06-28,SLURRY,0.0,0.0,0.0,0.0,0.0,
SS-024598-PV1,2018-06-28,SLURRY,0.0,0.0,0.0,0.0,0.0,
SS-031549-PV1,2018-06-28,SLURRY,0.0,0.5,0.0,7.100236513181428,-0.5,
SS-020335-PV1,2018-06-28,SLURRY,0.0,0.0,0.0,0.0,0.0,
SS-024599-PV1,2018-06-28,SLURRY,0.0,0.0,0.0,0.0,0.0,
SS-026354-PV1,2018-06-28,SLURRY,0.0,0.5,0.0,2.2599833480317857,-0.5,
SS-009669-PV1,2018-06-28,OVERLAY,0.0,1.0,0.0,19.924377929223176,-1.0,
SS-009670-PV1,2018-06-28,OVERLAY,0.0,0.0,0.0,0.0,0.0,
SS-031679-PV1,2018-06-28,SLURRY,0.0,0.0,0.0,0.0,0.0,
SS-009671-PV1,2018-06-28,OVERLAY,0.0,0.0,0.0,0.0,0.0,
SS-024597-PV1,2018-06-28,SLURRY,0.0,0.0,0.0,0.0,0.0,
SS-012599-PV1,2018-06-28,SLURRY,0.0,0.0,0.0,0.0,0.0,
SS-026026-PV1,2018-06-28,SLURRY,0.0,0.0,0.0,0.0,0.0,
SS-031680-PV1,2018-06-28,SLURRY,0.0,0.0,0.0,0.0,0.0,
SS-031560-PV1,2018-06-28,SLURRY,0.0,0.0,0.0,0.0,0.0,
SS-031551-PV1,2018-06-28,SLURRY,0.0,0.0,0.0,0.0,0.0,
SS-017729-PV1,2018-06-28,SLURRY,0.0,0.0,0.0,0.0,0.0,
SS-023684-PV1,2018-06-28,SLURRY,0.0,0.5,0.0,2.8631011441451046,-0.5,
SS-031822-PV1,2018-06-28,SLURRY,0.0,0.0,0.0,0.0,0.0,
SS-012597-PV1,2018-06-28,SLURRY,0.5,0.0,16.29350025119146,0.0,0.5,100.0
SS-020678-PV1,2018-06-28,SLURRY,0.0,0.0,0.0,0.0,0.0,
SS-030719-PV1,2018-06-28,SLURRY,0.0,0.0,0.0,0.0,0.0,
SS-013388-PV1,2018-06-28,SLURRY,0.0,0.0,0.0,0.0,0.0,
SS-012598-PV1,2018-06-28,SLURRY,0.0,0.0,0.0,0.0,0.0,
SS-008735-PV1,2018-06-28,SLURRY,0.0,0.0,0.0,0.0,0.0,
SS-026853-PV1,2018-06-28,SLURRY,0.0,0.0,0.0,0.0,0.0,
SS-024617-PV1,2018-06-28,SLURRY,0.5,0.0,4.417737214917895,0.0,0.5,100.0
SS-017728-PV1,2018-06-28,SLURRY,0.0,0.0,0.0,0.0,0.0,
SS-030705-PV1,2018-06-29,SLURRY,0.0,0.0,0.0,0.0,0.0,
SS-030707-PV1,2018-06-29,SLURRY,0.0,0.0,0.0,0.0,0.0,
SS-027250-PV1,2018-06-29,SLURRY,0.0,0.0,0.0,0.0,0.0,
SS-025523-PV1,2018-06-29,SLURRY,0.0,0.0,0.0,0.0,0.0,
SS-027249-PV1,2018-06-29,SLURRY,0.0,0.5,0.0,9.46230115278785,-0.5,
SS-016378-PV1,2018-06-29,SLURRY,0.0,0.0,0.0,0.0,0.0,
SS-027248-PV1,2018-06-29,SLURRY,0.0,0.0,0.0,0.0,0.0,
SS-001589-PV1,2018-06-29,OVERLAY,0.5,1.0,4.093023255813954,8.186046511627907,-0.5,-100.0
SS-017478-PV1,2018-06-29,SLURRY,0.0,0.0,0.0,0.0,0.0,
SS-029043-PV1,2018-06-29,SLURRY,0.0,0.0,0.0,0.0,0.0,
SS-016377-PV1,2018-06-29,SLURRY,0.0,0.0,0.0,0.0,0.0,
SS-025520-PV1,2018-06-29,SLURRY,0.0,0.0,0.0,0.0,0.0,
SS-025521-PV1,2018-06-29,SLURRY,0.0,0.0,0.0,0.0,0.0,
SS-026128-PV1,2018-06-29,SLURRY,0.0,0.0,0.0,0.0,0.0,
SS-031055-PV1,2018-06-29,SLURRY,0.0,0.0,0.0,0.0,0.0,
SS-000518-PV1,2018-06-29,OVERLAY,0.0,1.0,0.0,13.894641773503658,-1.0,
SS-013386-PV1,2018-06-29,SLURRY,0.0,0.0,0.0,0.0,0.0,
SS-013387-PV1,2018-06-29,SLURRY,0.0,0.0,0.0,0.0,0.0,
SS-017481-PV1,2018-06-29,SLURRY,0.0,0.0,0.0,0.0,0.0,
SS-030706-PV1,2018-06-29,SLURRY,0.0,0.0,0.0,0.0,0.0,
SS-024614-PV1,2018-06-29,SLURRY,0.0,0.0,0.0,0.0,0.0,
SS-024615-PV1,2018-06-29,SLURRY,0.0,0.0,0.0,0.0,0.0,
SS-024618-PV1,2018-06-29,SLURRY,0.0,0.0,0.0,0.0,0.0,
SS-016376-PV1,2018-06-29,SLURRY,0.0,0.0,0.0,0.0,0.0,
SS-026852-PV1,2018-06-29,SLURRY,0.0,0.0,0.0,0.0,0.0,
SS-025522-PV1,2018-06-29,SLURRY,0.0,0.0,0.0,0.0,0.0,
SS-025963-PV1,2018-06-29,SLURRY,0.0,0.0,0.0,0.0,0.0,
SS-000491-PV1,2018-06-29,OVERLAY,0.0,0.0,0.0,0.0,0.0,
SS-012772-PV1,2018-06-29,SLURRY,0.0,0.5,0.0,9.687493922381892,-0.5,
SS-001572-PV1,2018-06-29,OVERLAY,0.0,0.0,0.0,0.0,0.0,
SS-017028-PV1,2018-06-29,SLURRY,0.0,0.0,0.0,0.0,0.0,
SS-030552-PV1,2018-06-29,SLURRY,0.0,0.0,0.0,0.0,0.0,
SS-025964-PV1,2018-06-29,SLURRY,0.0,0.0,0.0,0.0,0.0,
SS-025966-PV1,2018-06-29,SLURRY,0.0,0.0,0.0,0.0,0.0,
SS-025965-PV1,2018-06-29,SLURRY,0.0,0.0,0.0,0.0,0.0,
SS-017029-PV1,2018-06-29,SLURRY,0.0,0.0,0.0,0.0,0.0,
SS-001574-PV1,2018-06-29,OVERLAY,0.0,0.5,0.0,3.876651982378855,-0.5,
SS-030551-PV1,2018-06-29,SLURRY,0.0,0.0,0.0,0.0,0.0,
SS-030077-PV1,2018-06-30,OVERLAY,0.0,0.0,0.0,0.0,0.0,
SS-011564-PV1,2018-06-30,OVERLAY,0.0,0.0,0.0,0.0,0.0,
SS-000477-PV1,2018-07-02,OVERLAY,0.0,0.0,0.0,0.0,0.0,
SS-014294-PV1,2018-07-02,OVERLAY,0.5,0.5,3.8629755739957368,3.8629755739957368,0.0,0.0
SS-000465-PV1,2018-07-02,OVERLAY,0.0,0.0,0.0,0.0,0.0,
SS-011687-PV1,2018-07-02,OVERLAY,0.0,0.0,0.0,0.0,0.0,
SS-011978-PV1,2018-07-03,OVERLAY,0.0,0.0,0.0,0.0,0.0,
SS-011975-PV1,2018-07-03,OVERLAY,0.0,0.0,0.0,0.0,0.0,
SS-021346-PV1,2018-07-06,OVERLAY,0.0,0.0,0.0,0.0,0.0,
SS-021347-PV1,2018-07-06,OVERLAY,0.0,0.0,0.0,0.0,0.0,
SS-021348-PV1,2018-07-06,OVERLAY,0.0,0.0,0.0,0.0,0.0,
SS-008939-PV1,2018-07-06,OVERLAY,0.0,0.0,0.0,0.0,0.0,
SS-008940-PV1,2018-07-06,OVERLAY,0.0,0.0,0.0,0.0,0.0,
SS-021344-PV1,2018-07-06,OVERLAY,0.0,0.0,0.0,0.0,0.0,
SS-021345-PV1,2018-07-06,OVERLAY,0.0,0.0,0.0,0.0,0.0,
SS-002436-PV1,2018-07-06,OVERLAY,0.0,0.0,0.0,0.0,0.0,
SS-011977-PV1,2018-07-06,OVERLAY,0.0,0.5,0.0,18.826428883164894,-0.5,
SS-008938-PV1,2018-07-06,OVERLAY,0.0,0.0,0.0,0.0,0.0,
SS-021423-PV1,2018-07-06,OVERLAY,0.0,0.0,0.0,0.0,0.0,
SS-026532-PV1,2018-07-06,SLURRY,0.0,0.0,0.0,0.0,0.0,
SS-001924-PV1,2018-07-06,OVERLAY,0.0,0.0,0.0,0.0,0.0,
SS-023974-PV1,2018-07-09,SLURRY,0.0,0.0,0.0,0.0,0.0,
SS-030580-PV1,2018-07-09,SLURRY,0.0,0.0,0.0,0.0,0.0,
SS-021559-PV1,2018-07-09,SLURRY,0.0,0.5,0.0,4.118716383317701,-0.5,
SS-005541-PV1,2018-07-09,SLURRY,0.0,0.0,0.0,0.0,0.0,
SS-030311-PV1,2018-07-09,SLURRY,0.0,0.5,0.0,5.5,-0.5,
SS-029115-PV1,2018-07-09,SLURRY,0.0,0.0,0.0,0.0,0.0,
SS-001884-PV1,2018-07-09,SLURRY,0.0,0.0,0.0,0.0,0.0,
SS-029116-PV1,2018-07-09,SLURRY,0.0,0.0,0.0,0.0,0.0,
SS-028894-PV1,2018-07-09,SLURRY,0.0,0.0,0.0,0.0,0.0,
SS-030581-PV1,2018-07-09,SLURRY,0.0,0.0,0.0,0.0,0.0,
SS-030313-PV1,2018-07-09,SLURRY,0.5,0.5,3.295880149812734,3.295880149812734,0.0,0.0
SS-029117-PV1,2018-07-09,SLURRY,0.0,0.0,0.0,0.0,0.0,
SS-025490-PV1,2018-07-10,SLURRY,0.0,0.0,0.0,0.0,0.0,
SS-030271-PV1,2018-07-10,SLURRY,0.0,0.0,0.0,0.0,0.0,
SS-024121-PV1,2018-07-10,SLURRY,0.0,0.0,0.0,0.0,0.0,
SS-029531-PV1,2018-07-10,SLURRY,0.0,0.0,0.0,0.0,0.0,
SS-029563-PV1,2018-07-10,SLURRY,0.0,0.0,0.0,0.0,0.0,
SS-024129-PV1,2018-07-10,SLURRY,0.0,5.5,0.0,19.844000463026678,-5.5,
SS-030272-PV1,2018-07-10,SLURRY,0.0,0.0,0.0,0.0,0.0,
SS-029562-PV1,2018-07-10,SLURRY,0.0,0.0,0.0,0.0,0.0,
SS-003981-PV1,2018-07-10,SLURRY,0.0,0.5,0.0,7.319629360586015,-0.5,
SS-024122-PV1,2018-07-10,SLURRY,0.0,0.5,0.0,3.497796917910946,-0.5,
SS-030325-PV1,2018-07-10,SLURRY,0.0,0.0,0.0,0.0,0.0,
SS-029612-PV1,2018-07-11,SLURRY,0.0,0.0,0.0,0.0,0.0,
SS-025352-PV1,2018-07-11,SLURRY,0.0,0.0,0.0,0.0,0.0,
SS-029530-PV1,2018-07-11,SLURRY,0.0,0.5,0.0,2.6907140400847087,-0.5,
SS-029593-PV1,2018-07-11,SLURRY,0.0,0.5,0.0,13.89452476777986,-0.5,
SS-031313-PV1,2018-07-11,SLURRY,0.0,0.0,0.0,0.0,0.0,
SS-025492-PV1,2018-07-11,SLURRY,0.0,0.0,0.0,0.0,0.0,
SS-030309-PV1,2018-07-11,SLURRY,0.0,0.0,0.0,0.0,0.0,
SS-025491-PV1,2018-07-11,SLURRY,0.0,0.0,0.0,0.0,0.0,
SS-023110-PV1,2018-07-11,SLURRY,0.0,0.0,0.0,0.0,0.0,
SS-029595-PV1,2018-07-11,SLURRY,0.0,0.0,0.0,0.0,0.0,
SS-030310-PV1,2018-07-11,SLURRY,0.0,0.0,0.0,0.0,0.0,
SS-029610-PV1,2018-07-11,SLURRY,0.0,0.0,0.0,0.0,0.0,
SS-030579-PV1,2018-07-11,SLURRY,0.0,0.0,0.0,0.0,0.0,
SS-029596-PV1,2018-07-11,SLURRY,0.0,0.0,0.0,0.0,0.0,
SS-023111-PV1,2018-07-11,SLURRY,0.5,0.0,3.297973395348558,0.0,0.5,100.0
SS-029597-PV1,2018-07-11,SLURRY,0.0,0.5,0.0,6.845816143160536,-0.5,
SS-029125-PV1,2018-07-11,SLURRY,0.0,0.0,0.0,0.0,0.0,
SS-031311-PV1,2018-07-11,SLURRY,0.0,0.0,0.0,0.0,0.0,
SS-025300-PV1,2018-07-11,SLURRY,0.0,0.5,0.0,4.183837171396437,-0.5,
SS-012287-PV1,2018-07-11,SLURRY,0.0,0.0,0.0,0.0,0.0,
SS-022401-PV1,2018-07-12,SLURRY,0.0,0.0,0.0,0.0,0.0,
SS-028538-PV1,2018-07-12,SLURRY,0.0,1.0,0.0,7.915153155964945,-1.0,
SS-023308-PV1,2018-07-12,OVERLAY,0.0,0.0,0.0,0.0,0.0,
SS-030270-PV1,2018-07-12,SLURRY,0.0,0.0,0.0,0.0,0.0,
SS-026229-PV1,2018-07-12,OVERLAY,0.0,0.0,0.0,0.0,0.0,
SS-006673-PV1,2018-07-12,OVERLAY,0.0,0.5,0.0,9.041095890410958,-0.5,
SS-026230-PV1,2018-07-12,OVERLAY,0.0,0.0,0.0,0.0,0.0,
SS-028537-PV1,2018-07-12,SLURRY,0.0,0.5,0.0,4.01137528786176,-0.5,
SS-015679-PV1,2018-07-12,SLURRY,0.5,1.0,1.5102974828375286,3.0205949656750573,-0.5,-100.0
SS-006685-PV1,2018-07-12,OVERLAY,0.0,0.0,0.0,0.0,0.0,
SS-020026-PV1,2018-07-12,SLURRY,0.0,0.0,0.0,0.0,0.0,
SS-006686-PV1,2018-07-12,OVERLAY,0.0,0.5,0.0,7.837353539455732,-0.5,
SS-012884-PV1,2018-07-12,SLURRY,0.0,0.0,0.0,0.0,0.0,
SS-012883-PV1,2018-07-12,SLURRY,0.0,0.0,0.0,0.0,0.0,
SS-030327-PV1,2018-07-12,SLURRY,0.0,0.5,0.0,7.690716664093383,-0.5,
SS-006674-PV1,2018-07-12,OVERLAY,0.5,1.0,13.594162748904486,27.18832549780897,-0.5,-100.0
SS-028714-PV1,2018-07-12,OVERLAY,0.0,0.5,0.0,32.752676352691736,-0.5,
SS-030326-PV1,2018-07-12,SLURRY,0.0,0.0,0.0,0.0,0.0,
SS-006675-PV1,2018-07-12,OVERLAY,0.0,0.0,0.0,0.0,0.0,
SS-020028-PV1,2018-07-13,SLURRY,0.0,0.0,0.0,0.0,0.0,
SS-020027-PV1,2018-07-13,SLURRY,0.0,0.0,0.0,0.0,0.0,
SS-012751-PV1,2018-07-13,OVERLAY,0.0,0.0,0.0,0.0,0.0,
SS-012750-PV1,2018-07-13,OVERLAY,0.0,0.0,0.0,0.0,0.0,
SS-007195-PV1,2018-07-13,OVERLAY,0.0,0.0,0.0,0.0,0.0,
SS-020025-PV1,2018-07-13,SLURRY,0.0,0.0,0.0,0.0,0.0,
SS-001856-PV1,2018-07-13,SLURRY,0.0,0.0,0.0,0.0,0.0,
SS-012752-PV1,2018-07-13,OVERLAY,0.0,0.0,0.0,0.0,0.0,
SS-007194-PV1,2018-07-13,OVERLAY,0.0,0.0,0.0,0.0,0.0,
SS-007191-PV1,2018-07-13,OVERLAY,0.0,1.0,0.0,29.331524555985716,-1.0,
SS-007192-PV1,2018-07-13,OVERLAY,0.0,0.0,0.0,0.0,0.0,
SS-007193-PV1,2018-07-13,OVERLAY,0.0,0.0,0.0,0.0,0.0,
SS-002198-PV1,2018-07-13,OVERLAY,0.0,0.0,0.0,0.0,0.0,
SS-022681-PV1,2018-07-17,OVERLAY,0.5,2.5,4.639718804920914,23.19859402460457,-2.0,-400.0
SS-022689-PV1,2018-07-17,OVERLAY,0.0,0.5,0.0,3.1132075471698113,-0.5,
SS-022680-PV1,2018-07-17,OVERLAY,0.5,1.0,3.3333333333333335,6.666666666666667,-0.5,-100.0
SS-022682-PV1,2018-07-17,OVERLAY,0.0,0.0,0.0,0.0,0.0,
SS-022686-PV1,2018-07-17,OVERLAY,0.0,3.5,0.0,14.0,-3.5,
SS-022688-PV1,2018-07-17,OVERLAY,0.5,0.5,4.125,4.125,0.0,0.0
SS-022687-PV1,2018-07-17,OVERLAY,1.5,4.0,4.093023255813954,10.914728682170542,-2.5,-166.66666666666669
SS-001442-PV1,2018-07-18,SLURRY,0.0,0.0,0.0,0.0,0.0,
SS-023392-PV1,2018-07-18,SLURRY,0.0,0.5,0.0,11.416497617454786,-0.5,
SS-024351-PV1,2018-07-18,SLURRY,0.0,0.0,0.0,0.0,0.0,
SS-008813-PV1,2018-07-18,SLURRY,0.5,1.0,5.799452303239303,11.598904606478605,-0.5,-100.0
SS-001494-PV1,2018-07-18,SLURRY,0.5,0.0,7.7192463325539045,0.0,0.5,100.0
SS-010514-PV1,2018-07-18,SLURRY,0.0,0.5,0.0,3.9392995716459365,-0.5,
SS-023393-PV1,2018-07-18,SLURRY,0.0,0.0,0.0,0.0,0.0,
SS-001456-PV1,2018-07-18,SLURRY,0.0,0.5,0.0,8.935609792751393,-0.5,
SS-001441-PV1,2018-07-18,SLURRY,0.0,0.0,0.0,0.0,0.0,
SS-023390-PV1,2018-07-18,SLURRY,0.0,0.0,0.0,0.0,0.0,
SS-001486-PV1,2018-07-18,SLURRY,0.0,0.0,0.0,0.0,0.0,
SS-023391-PV1,2018-07-18,SLURRY,0.0,0.0,0.0,0.0,0.0,
SS-001455-PV1,2018-07-18,SLURRY,0.0,1.0,0.0,8.789119070590608,-1.0,
SS-002831-PV1,2018-07-18,SLURRY,0.0,0.5,0.0,3.9289292417702324,-0.5,
SS-013022-PV1,2018-07-18,SLURRY,0.0,0.5,0.0,6.733597950129545,-0.5,
SS-005681-PV1,2018-07-18,OVERLAY,0.0,0.0,0.0,0.0,0.0,
SS-001160-PV1,2018-07-18,SLURRY,0.0,1.5,0.0,13.77222205412692,-1.5,
SS-005683-PV1,2018-07-18,OVERLAY,0.0,0.0,0.0,0.0,0.0,
SS-010920-PV1,2018-07-19,OVERLAY,0.0,0.0,0.0,0.0,0.0,
SS-025626-PV1,2018-07-19,SLURRY,0.0,0.0,0.0,0.0,0.0,
SS-001459-PV1,2018-07-19,SLURRY,0.0,1.5,0.0,14.010832567189638,-1.5,
SS-010919-PV1,2018-07-19,OVERLAY,0.0,0.0,0.0,0.0,0.0,
SS-001457-PV1,2018-07-19,SLURRY,0.0,0.0,0.0,0.0,0.0,
SS-010921-PV1,2018-07-19,OVERLAY,0.0,0.0,0.0,0.0,0.0,
SS-010918-PV1,2018-07-19,OVERLAY,0.0,0.0,0.0,0.0,0.0,
SS-005937-PV1,2018-07-19,OVERLAY,0.0,0.0,0.0,0.0,0.0,
SS-010922-PV1,2018-07-19,OVERLAY,0.0,0.0,0.0,0.0,0.0,
SS-005883-PV1,2018-07-19,OVERLAY,0.0,0.0,0.0,0.0,0.0,
SS-001458-PV1,2018-07-19,SLURRY,0.0,0.0,0.0,0.0,0.0,
SS-010923-PV1,2018-07-19,OVERLAY,0.0,0.5,0.0,5.637123017398212,-0.5,
SS-005688-PV1,2018-07-19,OVERLAY,0.0,0.0,0.0,0.0,0.0,
SS-028420-PV1,2018-07-19,SLURRY,0.0,0.0,0.0,0.0,0.0,
SS-028419-PV1,2018-07-19,SLURRY,0.0,0.0,0.0,0.0,0.0,
SS-028424-PV1,2018-07-19,SLURRY,0.0,0.0,0.0,0.0,0.0,
SS-024352-PV1,2018-07-19,SLURRY,0.0,0.0,0.0,0.0,0.0,
SS-010513-PV1,2018-07-19,SLURRY,0.0,0.0,0.0,0.0,0.0,
SS-001161-PV1,2018-07-19,SLURRY,0.0,0.5,0.0,3.933688150017754,-0.5,
SS-005840-PV1,2018-07-19,OVERLAY,0.0,0.0,0.0,0.0,0.0,
SS-007176-PV1,2018-07-19,SLURRY,0.0,0.0,0.0,0.0,0.0,
SS-004709-PV1,2018-07-19,SLURRY,0.0,0.0,0.0,0.0,0.0,
SS-024350-PV1,2018-07-19,SLURRY,0.0,0.0,0.0,0.0,0.0,
SS-026862-PV1,2018-07-20,SLURRY,0.0,0.0,0.0,0.0,0.0,
SS-009788-PV1,2018-07-20,SLURRY,0.0,1.0,0.0,6.176752691596025,-1.0,
SS-001733-PV1,2018-07-20,SLURRY,0.0,0.0,0.0,0.0,0.0,
SS-002830-PV1,2018-07-20,SLURRY,0.0,0.5,0.0,3.50132625994695,-0.5,
SS-002607-PV1,2018-07-20,SLURRY,0.0,0.0,0.0,0.0,0.0,
SS-028422-PV1,2018-07-20,SLURRY,0.0,0.0,0.0,0.0,0.0,
SS-028421-PV1,2018-07-20,SLURRY,0.0,0.0,0.0,0.0,0.0,
SS-026866-PV1,2018-07-20,SLURRY,0.5,2.5,4.305994400902432,21.52997200451216,-2.0,-400.0
SS-017889-PV1,2018-07-20,SLURRY,0.0,0.0,0.0,0.0,0.0,
SS-017647-PV1,2018-07-20,SLURRY,0.0,0.0,0.0,0.0,0.0,
SS-017646-PV1,2018-07-20,SLURRY,0.0,0.0,0.0,0.0,0.0,
SS-001454-PV1,2018-07-20,SLURRY,0.0,0.0,0.0,0.0,0.0,
SS-017645-PV1,2018-07-20,SLURRY,0.0,0.0,0.0,0.0,0.0,
SS-017644-PV1,2018-07-20,SLURRY,0.5,0.0,8.465402157907969,0.0,0.5,100.0
SS-017638-PV1,2018-07-20,SLURRY,0.0,0.0,0.0,0.0,0.0,
SS-026860-PV1,2018-07-20,SLURRY,0.0,1.0,0.0,16.397434050017143,-1.0,
SS-011248-PV1,2018-07-23,CONCRETE,0.0,1.5,0.0,10.434744114250961,-1.5,
SS-011249-PV1,2018-07-23,CONCRETE,0.0,1.0,0.0,13.538287970667044,-1.0,
SS-025399-PV1,2018-07-23,SLURRY,0.0,0.0,0.0,0.0,0.0,
SS-025388-PV1,2018-07-23,SLURRY,0.5,0.0,2.2506604921273774,0.0,0.5,100.0
SS-025391-PV1,2018-07-23,SLURRY,0.0,0.0,0.0,0.0,0.0,
SS-025385-PV1,2018-07-23,SLURRY,0.0,0.0,0.0,0.0,0.0,
SS-025386-PV1,2018-07-23,SLURRY,0.0,0.0,0.0,0.0,0.0,
SS-025390-PV1,2018-07-23,SLURRY,0.0,0.0,0.0,0.0,0.0,
SS-025387-PV1,2018-07-23,SLURRY,1.0,1.0,5.25885048102048,5.25885048102048,0.0,0.0
SS-025398-PV1,2018-07-23,SLURRY,0.0,0.0,0.0,0.0,0.0,
SS-025389-PV1,2018-07-23,SLURRY,0.0,0.5,0.0,6.302241162897179,-0.5,
SS-025392-PV1,2018-07-24,SLURRY,0.0,0.5,0.0,2.5865988899375716,-0.5,
SS-024551-PV1,2018-07-24,SLURRY,0.0,0.5,0.0,0.671971012392291,-0.5,
SS-024541-PV1,2018-07-24,SLURRY,0.0,0.0,0.0,0.0,0.0,
SS-024540-PV1,2018-07-24,SLURRY,0.0,1.0,0.0,2.856895506882521,-1.0,
SS-025402-PV1,2018-07-24,SLURRY,0.0,0.0,0.0,0.0,0.0,
SS-009101-PV1,2018-07-24,OVERLAY,0.0,0.5,0.0,6.164290962939303,-0.5,
SS-009100-PV1,2018-07-24,OVERLAY,0.0,0.0,0.0,0.0,0.0,
SS-007126-PV1,2018-07-24,OVERLAY,0.0,0.0,0.0,0.0,0.0,
SS-007125-PV1,2018-07-24,OVERLAY,0.0,0.0,0.0,0.0,0.0,
SS-007124-PV1,2018-07-24,OVERLAY,0.0,0.0,0.0,0.0,0.0,
SS-025400-PV1,2018-07-24,SLURRY,0.0,0.0,0.0,0.0,0.0,
SS-025384-PV1,2018-07-24,SLURRY,0.0,0.5,0.0,4.812290590167287,-0.5,
SS-025401-PV1,2018-07-24,SLURRY,0.0,0.5,0.0,5.759682484412859,-0.5,
SS-025397-PV1,2018-07-24,SLURRY,0.0,0.0,0.0,0.0,0.0,
SS-007177-PV1,2018-07-25,SLURRY,0.0,0.0,0.0,0.0,0.0,
SS-011425-PV1,2018-07-25,OVERLAY,0.0,0.0,0.0,0.0,0.0,
SS-011424-PV1,2018-07-25,OVERLAY,0.0,0.0,0.0,0.0,0.0,
SS-011426-PV1,2018-07-25,OVERLAY,0.0,0.0,0.0,0.0,0.0,
SS-000702-PV1,2018-07-25,SLURRY,0.5,0.5,3.981787545089219,3.981787545089219,0.0,0.0
SS-011798-PV1,2018-07-25,OVERLAY,0.0,0.5,0.0,6.08740265055657,-0.5,
SS-010419-PV1,2018-07-25,OVERLAY,0.0,0.0,0.0,0.0,0.0,
SS-017639-PV1,2018-07-25,SLURRY,0.0,0.0,0.0,0.0,0.0,
SS-017643-PV1,2018-07-25,SLURRY,0.0,0.0,0.0,0.0,0.0,
SS-003473-PV1,2018-07-26,SLURRY,0.0,0.0,0.0,0.0,0.0,
SS-003474-PV1,2018-07-26,SLURRY,0.0,0.5,0.0,3.999926668011086,-0.5,
SS-021667-PV1,2018-07-26,SLURRY,0.0,0.0,0.0,0.0,0.0,
SS-003475-PV1,2018-07-26,SLURRY,0.0,1.0,0.0,15.196361162245333,-1.0,
SS-021666-PV1,2018-07-26,SLURRY,0.0,0.5,0.0,4.018148638015035,-0.5,
SS-021618-PV1,2018-07-26,OVERLAY,0.0,0.0,0.0,0.0,0.0,
SS-028987-PV1,2018-07-27,SLURRY,0.0,0.0,0.0,0.0,0.0,
SS-000505-PV1,2018-07-27,SLURRY,0.0,0.0,0.0,0.0,0.0,
SS-003010-PV1,2018-07-27,SLURRY,0.5,0.5,1.4748286140214302,1.4748286140214302,0.0,0.0
SS-030137-PV1,2018-07-27,SLURRY,0.5,0.5,1.9881122934019975,1.9881122934019975,0.0,0.0
SS-000524-PV1,2018-07-27,SLURRY,0.5,0.5,6.73460797693907,6.73460797693907,0.0,0.0
SS-028986-PV1,2018-07-27,SLURRY,1.0,0.5,6.260172038538473,3.1300860192692364,0.5,50.0
SS-016046-PV1,2018-07-27,SLURRY,0.0,0.5,0.0,1.9534352824301147,-0.5,
SS-000508-PV1,2018-07-27,SLURRY,0.0,0.0,0.0,0.0,0.0,
SS-028417-PV1,2018-07-27,SLURRY,0.0,0.5,0.0,4.189770579907099,-0.5,
SS-026567-PV1,2018-07-27,SLURRY,0.0,0.0,0.0,0.0,0.0,
SS-026568-PV1,2018-07-27,SLURRY,0.0,0.0,0.0,0.0,0.0,
SS-000525-PV1,2018-07-27,SLURRY,1.0,2.5,13.64256480218281,34.106412005457024,-1.5,-150.0
SS-028418-PV1,2018-07-27,SLURRY,0.0,0.0,0.0,0.0,0.0,
SS-006658-PV1,2018-07-27,SLURRY,0.0,0.5,0.0,3.856347548064114,-0.5,
SS-004945-PV1,2018-07-27,SLURRY,0.5,0.5,3.8766479975718084,3.8766479975718084,0.0,0.0
SS-000260-PV1,2018-07-30,SLURRY,0.5,1.0,4.637230673945948,9.274461347891895,-0.5,-100.0
SS-012829-PV1,2018-07-30,SLURRY,0.0,0.0,0.0,0.0,0.0,
SS-012828-PV1,2018-07-30,SLURRY,0.0,0.0,0.0,0.0,0.0,
SS-012827-PV1,2018-07-30,SLURRY,0.0,0.0,0.0,0.0,0.0,
SS-000231-PV1,2018-07-31,SLURRY,0.0,0.5,0.0,8.122888851207033,-0.5,
SS-024233-PV1,2018-07-31,SLURRY,0.0,0.0,0.0,0.0,0.0,
SS-000232-PV1,2018-07-31,SLURRY,0.5,1.5,6.616541353383459,19.84962406015038,-1.0,-200.0
SS-000240-PV1,2018-07-31,SLURRY,0.0,0.0,0.0,0.0,0.0,
SS-024248-PV1,2018-07-31,SLURRY,0.0,0.0,0.0,0.0,0.0,
SS-029770-PV1,2018-07-31,SLURRY,0.0,0.0,0.0,0.0,0.0,
SS-000195-PV1,2018-07-31,SLURRY,1.0,3.5,10.623656952459136,37.18279933360697,-2.5,-250.0
SS-012830-PV1,2018-07-31,SLURRY,0.0,0.5,0.0,8.666856856025452,-0.5,
SS-000196-PV1,2018-07-31,SLURRY,0.0,0.5,0.0,7.833827893175074,-0.5,
SS-004993-PV1,2018-07-31,SLURRY,0.0,0.0,0.0,0.0,0.0,
SS-021608-PV1,2018-07-31,SLURRY,0.0,0.5,0.0,7.478687864214223,-0.5,
SS-000197-PV1,2018-07-31,SLURRY,0.5,2.0,8.009424422737421,32.037697690949685,-1.5,-300.0
SS-004994-PV1,2018-07-31,SLURRY,0.0,0.0,0.0,0.0,0.0,
SS-000198-PV1,2018-07-31,SLURRY,0.0,0.0,0.0,0.0,0.0,
SS-004995-PV1,2018-07-31,SLURRY,0.0,0.5,0.0,7.3130214163494225,-0.5,
SS-021609-PV1,2018-07-31,SLURRY,0.5,1.5,7.312964695277902,21.938894085833706,-1.0,-200.0
SS-033131-PV1,2018-08-01,SLURRY,0.0,0.0,0.0,0.0,0.0,
SS-022312-PV1,2018-08-01,OVERLAY,0.5,1.0,1.397030812096657,2.794061624193314,-0.5,-100.0
SS-033134-PV1,2018-08-01,SLURRY,0.0,0.0,0.0,0.0,0.0,
SS-013910-PV1,2018-08-01,SLURRY,0.0,0.0,0.0,0.0,0.0,
SS-022310-PV1,2018-08-01,OVERLAY,1.0,4.0,3.022353394394794,12.089413577579176,-3.0,-300.0
SS-022311-PV1,2018-08-01,OVERLAY,1.0,4.0,2.7478519526064233,10.991407810425693,-3.0,-300.0
SS-024247-PV1,2018-08-01,SLURRY,0.0,0.0,0.0,0.0,0.0,
SS-024232-PV1,2018-08-01,SLURRY,0.0,0.0,0.0,0.0,0.0,
SS-013909-PV1,2018-08-01,SLURRY,0.0,0.0,0.0,0.0,0.0,
SS-013907-PV1,2018-08-01,SLURRY,0.0,0.0,0.0,0.0,0.0,
SS-022313-PV1,2018-08-01,OVERLAY,0.0,2.5,0.0,12.562160090074496,-2.5,
SS-008903-PV1,2018-08-01,SLURRY,0.0,0.0,0.0,0.0,0.0,
SS-013906-PV1,2018-08-01,SLURRY,0.0,0.0,0.0,0.0,0.0,
SS-013905-PV1,2018-08-01,SLURRY,0.0,0.0,0.0,0.0,0.0,
SS-013904-PV1,2018-08-01,SLURRY,0.0,0.0,0.0,0.0,0.0,
SS-008158-PV1,2018-08-02,SLURRY,1.0,1.0,5.2578340233244685,5.2578340233244685,0.0,0.0
SS-017386-PV1,2018-08-02,OVERLAY,0.0,0.0,0.0,0.0,0.0,
SS-017385-PV1,2018-08-02,OVERLAY,0.0,0.0,0.0,0.0,0.0,
SS-017384-PV1,2018-08-02,OVERLAY,0.0,0.0,0.0,0.0,0.0,
SS-024778-PV1,2018-08-02,SLURRY,0.0,0.0,0.0,0.0,0.0,
SS-008901-PV1,2018-08-02,SLURRY,0.0,0.0,0.0,0.0,0.0,
SS-008900-PV1,2018-08-02,SLURRY,0.0,0.0,0.0,0.0,0.0,
SS-008161-PV1,2018-08-02,SLURRY,0.0,0.0,0.0,0.0,0.0,
SS-012525-PV1,2018-08-02,SLURRY,0.0,0.0,0.0,0.0,0.0,
SS-008162-PV1,2018-08-02,SLURRY,0.0,0.0,0.0,0.0,0.0,
SS-024777-PV1,2018-08-02,SLURRY,0.0,0.5,0.0,8.456245177297673,-0.5,
SS-008163-PV1,2018-08-02,SLURRY,0.0,0.0,0.0,0.0,0.0,
SS-027531-PV1,2018-08-03,OVERLAY,0.0,0.5,0.0,3.8948111820619165,-0.5,
SS-008160-PV1,2018-08-03,SLURRY,0.0,0.0,0.0,0.0,0.0,
SS-016589-PV1,2018-08-03,SLURRY,0.0,0.0,0.0,0.0,0.0,
SS-008159-PV1,2018-08-03,SLURRY,0.0,0.0,0.0,0.0,0.0,
SS-001976-PV1,2018-08-03,OVERLAY,0.0,0.0,0.0,0.0,0.0,
SS-003023-PV1,2018-08-03,SLURRY,0.0,0.0,0.0,0.0,0.0,
SS-008902-PV1,2018-08-03,SLURRY,0.0,0.5,0.0,2.929681973034275,-0.5,
SS-013637-PV1,2018-08-03,OVERLAY,0.0,0.5,0.0,5.311775038278984,-0.5,
SS-003022-PV1,2018-08-03,SLURRY,0.0,0.0,0.0,0.0,0.0,
SS-001975-PV1,2018-08-03,OVERLAY,0.5,0.0,11.185544886447653,0.0,0.5,100.0
SS-008899-PV1,2018-08-03,SLURRY,0.0,0.0,0.0,0.0,0.0,
SS-013641-PV1,2018-08-03,OVERLAY,0.0,3.5,0.0,55.49149610838859,-3.5,
SS-013638-PV1,2018-08-03,OVERLAY,0.0,0.0,0.0,0.0,0.0,
SS-001977-PV1,2018-08-03,OVERLAY,0.0,0.0,0.0,0.0,0.0,
SS-013640-PV1,2018-08-03,OVERLAY,0.0,1.0,0.0,2.2885892888559876,-1.0,
SS-015571-PV1,2018-08-06,OVERLAY,0.0,0.0,0.0,0.0,0.0,
SS-021432-PV1,2018-08-08,OVERLAY,0.0,0.0,0.0,0.0,0.0,
SS-021431-PV1,2018-08-08,OVERLAY,0.5,0.0,7.4907557264557605,0.0,0.5,100.0
SS-015559-PV1,2018-08-08,OVERLAY,0.0,0.5,0.0,2.9497206703910615,-0.5,
SS-015560-PV1,2018-08-08,OVERLAY,0.0,0.0,0.0,0.0,0.0,
SS-021433-PV1,2018-08-08,OVERLAY,0.0,2.5,0.0,9.790353668367642,-2.5,
SS-018419-PV1,2018-08-09,OVERLAY,1.5,9.5,7.367363732142747,46.65997030357073,-8.0,-533.3333333333333
SS-012054-PV1,2018-08-10,CONCRETE,0.0,0.0,0.0,0.0,0.0,
SS-029901-PV1,2018-08-13,OVERLAY,0.0,0.0,0.0,0.0,0.0,
SS-029900-PV1,2018-08-13,OVERLAY,0.0,0.5,0.0,9.428568061225693,-0.5,
SS-029899-PV1,2018-08-13,OVERLAY,0.0,0.0,0.0,0.0,0.0,
SS-029898-PV1,2018-08-13,OVERLAY,0.0,0.0,0.0,0.0,0.0,
SS-029897-PV1,2018-08-13,OVERLAY,0.0,0.0,0.0,0.0,0.0,
SS-029907-PV1,2018-08-13,OVERLAY,0.0,0.0,0.0,0.0,0.0,
SS-029906-PV1,2018-08-13,OVERLAY,0.0,0.0,0.0,0.0,0.0,
SS-030098-PV1,2018-08-14,OVERLAY,0.0,1.5,0.0,23.2258064516129,-1.5,
SS-032354-PV1,2018-08-15,SLURRY,0.0,0.0,0.0,0.0,0.0,
SS-032344-PV1,2018-08-15,SLURRY,0.0,0.0,0.0,0.0,0.0,
SS-012749-PV1,2018-08-15,OVERLAY,0.0,0.0,0.0,0.0,0.0,
SS-027523-PV1,2018-08-15,OVERLAY,0.0,0.0,0.0,0.0,0.0,
SS-012748-PV1,2018-08-15,OVERLAY,0.0,0.0,0.0,0.0,0.0,
SS-012400-PV1,2018-08-15,OVERLAY,0.0,0.0,0.0,0.0,0.0,
SS-032346-PV1,2018-08-15,SLURRY,0.0,0.0,0.0,0.0,0.0,
SS-012164-PV1,2018-08-15,OVERLAY,0.0,0.0,0.0,0.0,0.0,
SS-024467-PV1,2018-08-15,OVERLAY,0.0,0.0,0.0,0.0,0.0,
SS-012163-PV1,2018-08-15,OVERLAY,0.0,0.0,0.0,0.0,0.0,
SS-032348-PV1,2018-08-15,SLURRY,0.0,0.0,0.0,0.0,0.0,
SS-019597-PV1,2018-08-15,OVERLAY,0.0,0.5,0.0,3.3306986329626884,-0.5,
SS-001992-PV1,2018-08-15,OVERLAY,0.0,0.0,0.0,0.0,0.0,
SS-032355-PV1,2018-08-15,SLURRY,0.0,0.0,0.0,0.0,0.0,
SS-019545-PV1,2018-08-15,OVERLAY,0.0,0.0,0.0,0.0,0.0,
SS-032352-PV1,2018-08-16,SLURRY,0.0,0.0,0.0,0.0,0.0,
SS-032356-PV1,2018-08-16,SLURRY,0.0,0.0,0.0,0.0,0.0,
SS-022194-PV1,2018-08-16,OVERLAY,0.0,0.0,0.0,0.0,0.0,
SS-022208-PV1,2018-08-16,OVERLAY,0.0,3.0,0.0,5.531362827230397,-3.0,
SS-018362-PV1,2018-08-16,OVERLAY,0.0,0.0,0.0,0.0,0.0,
SS-032343-PV1,2018-08-16,SLURRY,0.0,0.0,0.0,0.0,0.0,
SS-032350-PV1,2018-08-16,SLURRY,0.0,0.0,0.0,0.0,0.0,
SS-032351-PV1,2018-08-16,SLURRY,0.0,0.0,0.0,0.0,0.0,
SS-022197-PV1,2018-08-16,OVERLAY,0.0,0.5,0.0,0.9585961272571217,-0.5,
SS-022196-PV1,2018-08-16,OVERLAY,0.5,0.5,0.7879995312596728,0.7879995312596728,0.0,0.0
SS-032349-PV1,2018-08-17,SLURRY,0.0,0.0,0.0,0.0,0.0,
SS-032345-PV1,2018-08-17,SLURRY,0.0,0.0,0.0,0.0,0.0,
SS-006544-PV1,2018-08-17,SLURRY,0.0,0.5,0.0,1.576722511112161,-0.5,
SS-005055-PV1,2018-08-17,SLURRY,0.0,0.0,0.0,0.0,0.0,
SS-032353-PV1,2018-08-17,SLURRY,0.0,0.0,0.0,0.0,0.0,
SS-017014-PV1,2018-08-17,SLURRY,0.0,0.5,0.0,1.8291523230061286,-0.5,
SS-032357-PV1,2018-08-18,SLURRY,0.0,0.0,0.0,0.0,0.0,
SS-017015-PV1,2018-08-19,SLURRY,0.0,0.5,0.0,0.9039426073142516,-0.5,
SS-017013-PV1,2018-08-19,SLURRY,0.0,0.5,0.0,3.7005648687995563,-0.5,
SS-017012-PV1,2018-08-19,SLURRY,0.0,0.0,0.0,0.0,0.0,
SS-026251-PV1,2018-08-19,SLURRY,0.0,0.0,0.0,0.0,0.0,
SS-017018-PV1,2018-08-19,SLURRY,1.0,1.0,2.8211685312115007,2.8211685312115007,0.0,0.0
SS-011235-PV1,2018-08-21,CONCRETE,0.0,0.0,0.0,0.0,0.0,
SS-000868-PV1,2018-08-22,SLURRY,0.0,0.0,0.0,0.0,0.0,
SS-000903-PV1,2018-08-22,SLURRY,0.0,1.0,0.0,6.1598121257301655,-1.0,
SS-017160-PV1,2018-08-22,SLURRY,0.0,0.0,0.0,0.0,0.0,
SS-000887-PV1,2018-08-22,SLURRY,0.0,0.0,0.0,0.0,0.0,
SS-000884-PV1,2018-08-22,SLURRY,0.5,1.0,3.733455594576138,7.466911189152276,-0.5,-100.0
SS-000740-PV1,2018-08-22,SLURRY,0.0,0.5,0.0,3.975903614457831,-0.5,
SS-020382-PV1,2018-08-23,SLURRY,0.5,0.0,3.666666666666667,0.0,0.5,100.0
SS-020379-PV1,2018-08-23,SLURRY,0.0,1.5,0.0,11.66421207658321,-1.5,
SS-017150-PV1,2018-08-23,SLURRY,0.0,0.0,0.0,0.0,0.0,
SS-018800-PV1,2018-08-23,SLURRY,0.0,0.0,0.0,0.0,0.0,
SS-014909-PV1,2018-08-23,SLURRY,0.0,0.5,0.0,3.882315259881301,-0.5,
SS-005982-PV1,2018-08-24,SLURRY,0.0,0.0,0.0,0.0,0.0,
SS-013653-PV1,2018-08-24,OVERLAY,0.0,0.5,0.0,3.0732892168874915,-0.5,
SS-006734-PV1,2018-08-24,SLURRY,0.0,0.0,0.0,0.0,0.0,
SS-018721-PV1,2018-08-24,SLURRY,0.0,0.0,0.0,0.0,0.0,
SS-027767-PV1,2018-08-24,SLURRY,0.5,0.0,8.480497265521478,0.0,0.5,100.0
SS-006733-PV1,2018-08-24,SLURRY,0.0,0.0,0.0,0.0,0.0,
SS-026736-PV1,2018-08-24,SLURRY,0.0,0.5,0.0,0.8985363557509645,-0.5,
SS-013652-PV1,2018-08-24,OVERLAY,0.5,1.5,2.6371524028354183,7.911457208506255,-1.0,-200.0
SS-005944-PV1,2018-08-24,SLURRY,0.0,0.0,0.0,0.0,0.0,
SS-013657-PV1,2018-08-24,OVERLAY,0.5,1.5,2.853974451307196,8.561923353921587,-1.0,-200.0
SS-005981-PV1,2018-08-24,SLURRY,0.0,0.0,0.0,0.0,0.0,
SS-027906-PV1,2018-08-24,SLURRY,0.0,0.0,0.0,0.0,0.0,
SS-021037-PV1,2018-08-27,OVERLAY,0.0,0.0,0.0,0.0,0.0,
SS-021036-PV1,2018-08-27,OVERLAY,0.0,1.5,0.0,9.449019556845755,-1.5,
SS-021039-PV1,2018-08-27,OVERLAY,0.0,1.0,0.0,3.371593684647435,-1.0,
SS-021041-PV1,2018-08-27,OVERLAY,0.0,0.5,0.0,5.206776066817137,-0.5,
SS-021052-PV1,2018-08-27,OVERLAY,0.0,1.0,0.0,5.568262255028099,-1.0,
SS-031366-PV1,2018-08-27,OVERLAY,0.0,0.0,0.0,0.0,0.0,
SS-021042-PV1,2018-08-27,OVERLAY,1.0,6.0,12.510976723422585,75.06586034053551,-5.0,-500.0
SS-021038-PV1,2018-08-27,OVERLAY,0.5,1.5,2.4122555740921556,7.236766722276467,-1.0,-200.0
SS-021035-PV1,2018-08-27,OVERLAY,0.0,0.5,0.0,10.644375838395796,-0.5,
SS-021040-PV1,2018-08-27,OVERLAY,0.5,2.0,4.2037734599221155,16.815093839688462,-1.5,-300.0
SS-023947-PV1,2018-08-29,SLURRY,0.0,0.0,0.0,0.0,0.0,
SS-023948-PV1,2018-08-29,SLURRY,0.0,0.0,0.0,0.0,0.0,
SS-018723-PV1,2018-08-29,SLURRY,0.0,0.0,0.0,0.0,0.0,
SS-018097-PV1,2018-08-29,SLURRY,0.0,0.0,0.0,0.0,0.0,
SS-018722-PV1,2018-08-29,SLURRY,0.0,0.0,0.0,0.0,0.0,
SS-017217-PV1,2018-08-30,SLURRY,0.0,0.0,0.0,0.0,0.0,
SS-007944-PV1,2018-08-30,SLURRY,0.0,0.0,0.0,0.0,0.0,
SS-008554-PV1,2018-08-30,SLURRY,0.0,0.0,0.0,0.0,0.0,
SS-027383-PV1,2018-08-30,SLURRY,0.0,0.0,0.0,0.0,0.0,
SS-016108-PV1,2018-08-30,SLURRY,0.0,0.0,0.0,0.0,0.0,
SS-022247-PV1,2018-08-30,SLURRY,0.0,0.0,0.0,0.0,0.0,
SS-018861-PV1,2018-08-30,SLURRY,0.0,0.0,0.0,0.0,0.0,
SS-022246-PV1,2018-08-30,SLURRY,0.0,0.0,0.0,0.0,0.0,
SS-018098-PV1,2018-08-30,SLURRY,0.0,0.0,0.0,0.0,0.0,
SS-027741-PV1,2018-08-30,SLURRY,0.0,0.0,0.0,0.0,0.0,
SS-027788-PV1,2018-08-30,SLURRY,0.0,0.0,0.0,0.0,0.0,
SS-016816-PV1,2018-08-31,SLURRY,0.0,0.0,0.0,0.0,0.0,
SS-027761-PV1,2018-08-31,SLURRY,0.0,0.0,0.0,0.0,0.0,
SS-016817-PV1,2018-08-31,SLURRY,0.0,0.0,0.0,0.0,0.0,
SS-017309-PV1,2018-08-31,SLURRY,0.0,0.0,0.0,0.0,0.0,
SS-027573-PV1,2018-08-31,SLURRY,0.0,0.5,0.0,10.07685125880484,-0.5,
SS-008555-PV1,2018-08-31,SLURRY,0.0,0.0,0.0,0.0,0.0,
SS-018874-PV1,2018-08-31,SLURRY,0.0,0.0,0.0,0.0,0.0,
SS-018724-PV1,2018-08-31,SLURRY,0.0,0.0,0.0,0.0,0.0,
SS-017338-PV1,2018-08-31,SLURRY,0.0,0.0,0.0,0.0,0.0,
SS-017339-PV1,2018-08-31,SLURRY,0.0,0.0,0.0,0.0,0.0,
SS-023997-PV1,2018-08-31,SLURRY,0.0,0.0,0.0,0.0,0.0,
SS-016814-PV1,2018-08-31,SLURRY,0.0,0.0,0.0,0.0,0.0,
SS-004308-PV1,2018-09-04,SLURRY,0.0,0.0,0.0,0.0,0.0,
SS-027825-PV1,2018-09-04,SLURRY,0.0,0.0,0.0,0.0,0.0,
SS-019001-PV1,2018-09-04,SLURRY,0.0,0.0,0.0,0.0,0.0,
SS-019002-PV1,2018-09-04,SLURRY,0.0,0.0,0.0,0.0,0.0,
SS-027789-PV1,2018-09-04,SLURRY,0.0,0.0,0.0,0.0,0.0,
SS-023996-PV1,2018-09-04,SLURRY,0.0,0.0,0.0,0.0,0.0,
SS-022248-PV1,2018-09-04,SLURRY,0.0,0.0,0.0,0.0,0.0,
SS-021450-PV1,2018-09-04,SLURRY,0.0,0.0,0.0,0.0,0.0,
SS-027905-PV1,2018-09-04,SLURRY,0.0,0.0,0.0,0.0,0.0,
SS-027824-PV1,2018-09-05,SLURRY,0.0,0.0,0.0,0.0,0.0,
SS-022271-PV1,2018-09-05,SLURRY,0.0,0.0,0.0,0.0,0.0,
SS-022267-PV1,2018-09-05,SLURRY,0.0,0.5,0.0,1.294933836238547,-0.5,
SS-022270-PV1,2018-09-05,SLURRY,0.0,0.0,0.0,0.0,0.0,
SS-022268-PV1,2018-09-05,SLURRY,0.0,0.0,0.0,0.0,0.0,
SS-022280-PV1,2018-09-05,SLURRY,0.0,0.0,0.0,0.0,0.0,
SS-027574-PV1,2018-09-05,SLURRY,0.0,0.0,0.0,0.0,0.0,
SS-022272-PV1,2018-09-05,SLURRY,0.0,0.5,0.0,8.798111338765946,-0.5,
SS-018100-PV1,2018-09-06,SLURRY,0.0,0.0,0.0,0.0,0.0,
SS-018099-PV1,2018-09-06,SLURRY,0.0,0.0,0.0,0.0,0.0,
SS-027614-PV1,2018-09-06,SLURRY,0.0,0.0,0.0,0.0,0.0,
SS-022273-PV1,2018-09-06,SLURRY,0.0,0.0,0.0,0.0,0.0,
SS-022277-PV1,2018-09-06,SLURRY,0.0,1.0,0.0,16.652159103811073,-1.0,
SS-022276-PV1,2018-09-06,SLURRY,0.0,0.0,0.0,0.0,0.0,
SS-022275-PV1,2018-09-06,SLURRY,0.0,0.0,0.0,0.0,0.0,
SS-022274-PV1,2018-09-06,SLURRY,0.0,0.5,0.0,8.926246885111764,-0.5,
SS-022278-PV1,2018-09-06,SLURRY,0.0,0.0,0.0,0.0,0.0,
SS-008994-PV1,2018-09-07,SLURRY,0.0,0.0,0.0,0.0,0.0,
SS-008990-PV1,2018-09-07,SLURRY,0.0,0.5,0.0,6.544648634176453,-0.5,
SS-008991-PV1,2018-09-07,SLURRY,0.0,0.0,0.0,0.0,0.0,
SS-008993-PV1,2018-09-07,SLURRY,0.0,0.0,0.0,0.0,0.0,
SS-008992-PV1,2018-09-07,SLURRY,0.0,0.0,0.0,0.0,0.0,
SS-008989-PV1,2018-09-07,SLURRY,0.0,0.0,0.0,0.0,0.0,
SS-008987-PV1,2018-09-07,SLURRY,0.0,0.0,0.0,0.0,0.0,
SS-008986-PV1,2018-09-07,SLURRY,0.0,0.0,0.0,0.0,0.0,
SS-008985-PV1,2018-09-07,SLURRY,0.0,0.5,0.0,10.64042887377106,-0.5,
SS-008988-PV1,2018-09-07,SLURRY,0.0,0.0,0.0,0.0,0.0,
SS-008877-PV1,2018-09-10,SLURRY,0.0,0.0,0.0,0.0,0.0,
SS-007240-PV1,2018-09-10,SLURRY,0.0,0.0,0.0,0.0,0.0,
SS-004725-PV1,2018-09-10,SLURRY,0.0,0.0,0.0,0.0,0.0,
SS-008070-PV1,2018-09-11,SLURRY,0.5,0.0,3.6818897466483294,0.0,0.5,100.0
SS-015597-PV1,2018-09-12,SLURRY,0.0,0.0,0.0,0.0,0.0,
SS-027772-PV1,2018-09-12,SLURRY,0.0,0.0,0.0,0.0,0.0,
SS-008068-PV1,2018-09-12,SLURRY,0.0,0.0,0.0,0.0,0.0,
SS-008069-PV1,2018-09-12,SLURRY,0.0,0.0,0.0,0.0,0.0,
SS-015570-PV1,2018-09-12,SLURRY,0.0,0.0,0.0,0.0,0.0,
SS-015572-PV1,2018-09-12,SLURRY,0.0,0.0,0.0,0.0,0.0,
SS-015558-PV1,2018-09-12,SLURRY,0.0,0.0,0.0,0.0,0.0,
SS-015596-PV1,2018-09-12,SLURRY,0.0,0.0,0.0,0.0,0.0,
SS-005625-PV1,2018-09-13,SLURRY,0.0,0.0,0.0,0.0,0.0,
SS-028931-PV1,2018-09-13,SLURRY,0.0,0.0,0.0,0.0,0.0,
SS-002873-PV1,2018-09-14,SLURRY,0.0,0.0,0.0,0.0,0.0,
SS-002874-PV1,2018-09-14,SLURRY,0.0,0.0,0.0,0.0,0.0,
SS-000589-PV1,2018-09-14,SLURRY,0.0,0.0,0.0,0.0,0.0,
SS-006660-PV1,2018-09-14,SLURRY,0.0,0.0,0.0,0.0,0.0,
SS-003859-PV1,2018-09-14,SLURRY,0.0,0.0,0.0,0.0,0.0,
SS-027947-PV1,2018-09-14,SLURRY,0.0,0.0,0.0,0.0,0.0,
SS-000591-PV1,2018-09-14,SLURRY,0.0,0.0,0.0,0.0,0.0,
SS-003490-PV1,2018-09-14,SLURRY,0.0,0.0,0.0,0.0,0.0,
SS-003489-PV1,2018-09-14,SLURRY,0.0,0.0,0.0,0.0,0.0,
SS-000710-PV1,2018-09-14,SLURRY,0.0,0.0,0.0,0.0,0.0,
SS-000711-PV1,2018-09-14,SLURRY,0.0,0.0,0.0,0.0,0.0,
SS-014857-PV1,2018-09-14,SLURRY,0.0,0.0,0.0,0.0,0.0,
SS-000757-PV1,2018-09-14,SLURRY,0.0,0.0,0.0,0.0,0.0,
SS-000590-PV1,2018-09-14,SLURRY,0.0,1.0,0.0,14.004510088817238,-1.0,
SS-012691-PV1,2018-09-14,SLURRY,0.0,0.0,0.0,0.0,0.0,
SS-003858-PV1,2018-09-14,SLURRY,0.0,0.0,0.0,0.0,0.0,
SS-000756-PV1,2018-09-14,SLURRY,0.0,0.5,0.0,7.201020581007798,-0.5,
SS-006664-PV1,2018-09-18,SLURRY,0.0,0.0,0.0,0.0,0.0,
SS-006633-PV1,2018-09-18,SLURRY,0.0,0.5,0.0,3.5948945960564003,-0.5,
SS-016899-PV1,2018-09-18,SLURRY,0.0,0.0,0.0,0.0,0.0,
SS-006665-PV1,2018-09-18,SLURRY,0.0,0.0,0.0,0.0,0.0,
SS-006261-PV1,2018-09-18,SLURRY,0.0,0.0,0.0,0.0,0.0,
SS-006260-PV1,2018-09-18,SLURRY,0.0,0.0,0.0,0.0,0.0,
SS-006257-PV1,2018-09-18,SLURRY,0.0,0.0,0.0,0.0,0.0,
SS-006256-PV1,2018-09-18,SLURRY,0.0,0.0,0.0,0.0,0.0,
SS-006258-PV1,2018-09-18,SLURRY,0.0,0.0,0.0,0.0,0.0,
SS-006254-PV1,2018-09-18,SLURRY,0.0,0.0,0.0,0.0,0.0,
SS-006253-PV1,2018-09-18,SLURRY,0.0,0.0,0.0,0.0,0.0,
SS-006255-PV1,2018-09-18,SLURRY,0.0,0.0,0.0,0.0,0.0,
SS-006259-PV1,2018-09-18,SLURRY,0.0,0.0,0.0,0.0,0.0,
SS-016898-PV1,2018-09-19,SLURRY,0.0,0.0,0.0,0.0,0.0,
SS-002229-PV1,2018-09-19,SLURRY,0.0,0.0,0.0,0.0,0.0,
SS-006262-PV1,2018-09-19,SLURRY,0.0,0.0,0.0,0.0,0.0,
SS-016897-PV1,2018-09-19,SLURRY,0.0,0.0,0.0,0.0,0.0,
SS-016900-PV1,2018-09-19,SLURRY,0.0,0.0,0.0,0.0,0.0,
SS-007634-PV1,2018-09-19,SLURRY,0.0,0.0,0.0,0.0,0.0,
SS-016895-PV1,2018-09-19,SLURRY,0.0,0.0,0.0,0.0,0.0,
SS-027948-PV1,2018-09-19,SLURRY,0.0,0.0,0.0,0.0,0.0,
SS-010885-PV1,2018-09-19,SLURRY,0.0,0.0,0.0,0.0,0.0,
SS-016893-PV1,2018-09-19,SLURRY,0.0,0.0,0.0,0.0,0.0,
SS-016894-PV1,2018-09-19,SLURRY,0.0,0.0,0.0,0.0,0.0,
SS-028932-PV1,2018-09-19,SLURRY,0.0,0.0,0.0,0.0,0.0,
SS-016896-PV1,2018-09-19,SLURRY,0.0,0.0,0.0,0.0,0.0,
SS-006264-PV1,2018-09-19,SLURRY,0.0,0.5,0.0,2.103585657370518,-0.5,
SS-006265-PV1,2018-09-19,SLURRY,0.0,0.0,0.0,0.0,0.0,
SS-006579-PV1,2018-09-19,SLURRY,0.0,0.0,0.0,0.0,0.0,
SS-016892-PV1,2018-09-19,SLURRY,0.0,0.0,0.0,0.0,0.0,
SS-019801-PV1,2018-09-20,OVERLAY,0.0,0.0,0.0,0.0,0.0,
SS-019802-PV1,2018-09-20,OVERLAY,0.0,0.5,0.0,9.850136148283353,-0.5,
SS-019803-PV1,2018-09-20,OVERLAY,0.0,0.0,0.0,0.0,0.0,
SS-019804-PV1,2018-09-20,OVERLAY,0.0,0.0,0.0,0.0,0.0,
SS-019805-PV1,2018-09-20,OVERLAY,0.0,0.0,0.0,0.0,0.0,
SS-019821-PV1,2018-09-20,OVERLAY,0.0,0.0,0.0,0.0,0.0,
SS-019800-PV1,2018-09-20,OVERLAY,0.0,0.0,0.0,0.0,0.0,
SS-003862-PV1,2018-09-21,SLURRY,0.0,0.0,0.0,0.0,0.0,
SS-020109-PV1,2018-09-21,SLURRY,0.0,2.0,0.0,31.71029284275268,-2.0,
SS-020108-PV1,2018-09-21,SLURRY,0.0,0.0,0.0,0.0,0.0,
SS-020107-PV1,2018-09-21,SLURRY,0.0,0.5,0.0,8.048630802902752,-0.5,
SS-006761-PV1,2018-09-21,SLURRY,0.0,0.0,0.0,0.0,0.0,
SS-006758-PV1,2018-09-21,SLURRY,0.0,0.0,0.0,0.0,0.0,
SS-008748-PV1,2018-09-21,SLURRY,0.5,0.0,9.165282327148503,0.0,0.5,100.0
SS-003863-PV1,2018-09-21,SLURRY,0.0,0.0,0.0,0.0,0.0,
SS-018710-PV1,2018-09-24,OVERLAY,0.0,0.0,0.0,0.0,0.0,
SS-018709-PV1,2018-09-24,OVERLAY,0.0,0.0,0.0,0.0,0.0,
SS-006115-PV1,2018-09-25,OVERLAY,0.0,0.0,0.0,0.0,0.0,
SS-006114-PV1,2018-09-25,OVERLAY,0.0,0.0,0.0,0.0,0.0,
SS-002518-PV1,2018-09-25,OVERLAY,0.0,0.0,0.0,0.0,0.0,
SS-002519-PV1,2018-09-25,OVERLAY,0.0,0.0,0.0,0.0,0.0,
SS-002530-PV1,2018-09-25,OVERLAY,0.0,0.0,0.0,0.0,0.0,
SS-002517-PV1,2018-09-25,OVERLAY,0.0,0.0,0.0,0.0,0.0,
SS-002520-PV1,2018-09-25,OVERLAY,0.0,0.0,0.0,0.0,0.0,
SS-002521-PV1,2018-09-25,OVERLAY,0.0,0.0,0.0,0.0,0.0,
SS-002522-PV1,2018-09-25,OVERLAY,0.0,0.0,0.0,0.0,0.0,
SS-002523-PV1,2018-09-25,OVERLAY,0.0,0.0,0.0,0.0,0.0,
SS-002524-PV1,2018-09-25,OVERLAY,0.0,0.0,0.0,0.0,0.0,
SS-002525-PV1,2018-09-25,OVERLAY,0.0,0.5,0.0,12.411649273119282,-0.5,
SS-002526-PV1,2018-09-25,OVERLAY,0.0,0.0,0.0,0.0,0.0,
SS-002554-PV1,2018-09-25,OVERLAY,0.0,0.0,0.0,0.0,0.0,
SS-000023-PV1,2018-09-26,OVERLAY,0.0,1.0,0.0,13.894692964127483,-1.0,
SS-000024-PV1,2018-09-26,OVERLAY,0.0,1.5,0.0,20.62491943390846,-1.5,
SS-020559-PV1,2018-09-26,SLURRY,0.0,0.0,0.0,0.0,0.0,
SS-009123-PV1,2018-09-26,SLURRY,0.0,0.0,0.0,0.0,0.0,
SS-009124-PV1,2018-09-26,SLURRY,0.0,0.0,0.0,0.0,0.0,
SS-009125-PV1,2018-09-26,SLURRY,0.0,0.0,0.0,0.0,0.0,
SS-009126-PV1,2018-09-26,SLURRY,0.5,0.5,8.098159509202453,8.098159509202453,0.0,0.0
SS-022478-PV1,2018-09-26,SLURRY,0.0,0.0,0.0,0.0,0.0,
SS-026564-PV1,2018-09-26,SLURRY,0.0,0.0,0.0,0.0,0.0,
SS-019149-PV1,2018-09-27,SLURRY,0.0,0.0,0.0,0.0,0.0,
SS-007216-PV1,2018-09-27,SLURRY,0.0,0.0,0.0,0.0,0.0,
SS-019403-PV1,2018-09-27,SLURRY,0.0,0.0,0.0,0.0,0.0,
SS-019404-PV1,2018-09-27,SLURRY,0.0,0.0,0.0,0.0,0.0,
SS-007215-PV1,2018-09-27,SLURRY,0.0,0.0,0.0,0.0,0.0,
SS-019401-PV1,2018-09-27,SLURRY,0.0,0.0,0.0,0.0,0.0,
SS-028963-PV1,2018-09-28,SLURRY,0.0,0.0,0.0,0.0,0.0,
SS-028962-PV1,2018-09-28,SLURRY,0.0,0.0,0.0,0.0,0.0,
SS-009128-PV1,2018-09-28,SLURRY,0.0,1.0,0.0,10.193050193050194,-1.0,
SS-006295-PV1,2018-09-28,SLURRY,0.0,0.0,0.0,0.0,0.0,
SS-009127-PV1,2018-09-28,SLURRY,0.0,0.0,0.0,0.0,0.0,
SS-006959-PV1,2018-09-28,SLURRY,0.0,0.0,0.0,0.0,0.0,
SS-006958-PV1,2018-09-28,SLURRY,0.0,1.5,0.0,31.247558784469966,-1.5,
SS-006957-PV1,2018-09-28,SLURRY,0.0,0.0,0.0,0.0,0.0,
SS-006956-PV1,2018-09-28,SLURRY,0.0,1.0,0.0,21.920738263894137,-1.0,
SS-006955-PV1,2018-09-28,SLURRY,0.0,0.0,0.0,0.0,0.0,
SS-006954-PV1,2018-09-28,SLURRY,0.0,0.0,0.0,0.0,0.0,
SS-020558-PV1,2018-09-28,SLURRY,0.0,0.0,0.0,0.0,0.0,
SS-009122-PV1,2018-09-28,SLURRY,0.0,1.5,0.0,29.333333333333332,-1.5,
SS-023959-PV1,2018-09-28,SLURRY,0.0,0.0,0.0,0.0,0.0,
SS-023883-PV1,2018-09-28,SLURRY,0.0,0.0,0.0,0.0,0.0,
SS-021101-PV1,2018-09-28,SLURRY,0.0,0.0,0.0,0.0,0.0,
SS-023882-PV1,2018-09-28,SLURRY,0.0,0.0,0.0,0.0,0.0,
SS-006914-PV1,2018-09-28,SLURRY,0.0,1.0,0.0,3.672069709236062,-1.0,
SS-023439-PV1,2018-09-28,SLURRY,0.0,0.0,0.0,0.0,0.0,
SS-023440-PV1,2018-09-28,SLURRY,0.0,0.5,0.0,8.481682457374726,-0.5,
SS-019144-PV1,2018-09-28,SLURRY,0.5,0.5,9.852808740934202,9.852808740934202,0.0,0.0
SS-023441-PV1,2018-09-28,SLURRY,0.0,0.0,0.0,0.0,0.0,
SS-023442-PV1,2018-09-28,SLURRY,0.0,0.0,0.0,0.0,0.0,
SS-019145-PV1,2018-09-28,SLURRY,0.0,0.0,0.0,0.0,0.0,
SS-019146-PV1,2018-09-28,SLURRY,0.0,0.5,0.0,10.59686011823527,-0.5,
SS-023443-PV1,2018-09-28,SLURRY,0.0,0.0,0.0,0.0,0.0,
SS-023444-PV1,2018-09-28,SLURRY,0.0,0.0,0.0,0.0,0.0,
SS-019147-PV1,2018-09-28,SLURRY,0.0,0.0,0.0,0.0,0.0,
SS-019184-PV1,2018-09-28,SLURRY,0.5,0.0,4.239946949269838,0.0,0.5,100.0
SS-019183-PV1,2018-09-28,SLURRY,0.0,0.0,0.0,0.0,0.0,
SS-019148-PV1,2018-09-28,SLURRY,0.0,0.0,0.0,0.0,0.0,
SS-009121-PV1,2018-09-28,SLURRY,0.0,0.0,0.0,0.0,0.0,
SS-019379-PV1,2018-09-28,SLURRY,0.0,0.5,0.0,14.381004001078576,-0.5,
SS-027378-PV1,2018-09-28,SLURRY,0.0,0.0,0.0,0.0,0.0,
SS-007289-PV1,2018-09-28,OVERLAY,0.0,0.5,0.0,3.712669216501633,-0.5,
SS-027380-PV1,2018-09-28,SLURRY,0.0,0.5,0.0,15.282854374080278,-0.5,
SS-007138-PV1,2018-09-28,SLURRY,0.0,0.0,0.0,0.0,0.0,
SS-007139-PV1,2018-09-28,SLURRY,0.0,0.0,0.0,0.0,0.0,
SS-007295-PV1,2018-09-28,OVERLAY,0.0,0.0,0.0,0.0,0.0,
SS-007310-PV1,2018-09-28,OVERLAY,1.5,1.0,4.053114219522193,2.7020761463481286,0.5,33.33333333333333
SS-019419-PV1,2018-09-28,SLURRY,0.0,0.0,0.0,0.0,0.0,
SS-027379-PV1,2018-09-28,SLURRY,0.0,0.0,0.0,0.0,0.0,
SS-019420-PV1,2018-09-28,SLURRY,0.0,0.0,0.0,0.0,0.0,
SS-019421-PV1,2018-09-28,SLURRY,0.0,0.0,0.0,0.0,0.0,
SS-019422-PV1,2018-09-28,SLURRY,0.0,0.0,0.0,0.0,0.0,
SS-019174-PV1,2018-09-28,SLURRY,0.0,0.5,0.0,2.209177290661623,-0.5,
SS-007150-PV1,2018-09-28,SLURRY,0.0,0.0,0.0,0.0,0.0,
SS-018217-PV1,2018-09-28,SLURRY,0.0,0.0,0.0,0.0,0.0,
SS-019378-PV1,2018-10-01,OVERLAY,0.0,0.0,0.0,0.0,0.0,
SS-019394-PV1,2018-10-02,OVERLAY,0.0,0.0,0.0,0.0,0.0,
SS-019387-PV1,2018-10-02,OVERLAY,0.0,0.5,0.0,5.297211700256473,-0.5,
SS-019388-PV1,2018-10-02,OVERLAY,0.0,0.0,0.0,0.0,0.0,
SS-019393-PV1,2018-10-02,OVERLAY,0.0,0.0,0.0,0.0,0.0,
SS-019373-PV1,2018-10-02,OVERLAY,0.0,0.0,0.0,0.0,0.0,
SS-019372-PV1,2018-10-02,OVERLAY,0.0,0.0,0.0,0.0,0.0,
SS-019374-PV1,2018-10-02,OVERLAY,0.0,0.0,0.0,0.0,0.0,
SS-019375-PV1,2018-10-02,OVERLAY,0.0,0.0,0.0,0.0,0.0,
SS-019376-PV1,2018-10-02,OVERLAY,0.0,0.0,0.0,0.0,0.0,
SS-019377-PV1,2018-10-02,OVERLAY,0.0,0.0,0.0,0.0,0.0,
SS-019390-PV1,2018-10-02,OVERLAY,0.0,0.0,0.0,0.0,0.0,
SS-019389-PV1,2018-10-02,OVERLAY,0.0,0.0,0.0,0.0,0.0,
SS-005325-PV1,2018-10-03,OVERLAY,0.0,0.0,0.0,0.0,0.0,
SS-021724-PV1,2018-10-03,OVERLAY,0.0,0.0,0.0,0.0,0.0,
SS-002974-PV1,2018-10-03,OVERLAY,0.0,0.0,0.0,0.0,0.0,
SS-011638-PV1,2018-10-03,OVERLAY,0.0,0.0,0.0,0.0,0.0,
SS-028656-PV1,2018-10-03,OVERLAY,0.0,0.0,0.0,0.0,0.0,
SS-004892-PV1,2018-10-03,OVERLAY,0.0,0.0,0.0,0.0,0.0,
SS-028345-PV1,2018-10-03,OVERLAY,0.0,0.0,0.0,0.0,0.0,
SS-003055-PV1,2018-10-05,OVERLAY,0.0,0.0,0.0,0.0,0.0,
SS-003054-PV1,2018-10-05,OVERLAY,0.0,0.0,0.0,0.0,0.0,
SS-003052-PV1,2018-10-05,OVERLAY,0.0,0.0,0.0,0.0,0.0,
SS-003049-PV1,2018-10-05,OVERLAY,0.0,0.0,0.0,0.0,0.0,
SS-003050-PV1,2018-10-05,OVERLAY,0.0,0.0,0.0,0.0,0.0,
SS-003051-PV1,2018-10-05,OVERLAY,0.0,0.0,0.0,0.0,0.0,
SS-003053-PV1,2018-10-05,OVERLAY,0.0,0.0,0.0,0.0,0.0,
SS-020111-PV1,2018-10-05,OVERLAY,0.0,0.0,0.0,0.0,0.0,
SS-009940-PV1,2018-10-05,OVERLAY,0.0,0.0,0.0,0.0,0.0,
SS-022624-PV1,2018-10-05,OVERLAY,0.0,0.0,0.0,0.0,0.0,
SS-022627-PV1,2018-10-05,OVERLAY,0.0,0.0,0.0,0.0,0.0,
SS-022626-PV1,2018-10-05,OVERLAY,0.0,0.0,0.0,0.0,0.0,
SS-022625-PV1,2018-10-05,OVERLAY,0.0,0.0,0.0,0.0,0.0,
SS-009941-PV1,2018-10-05,OVERLAY,0.0,0.5,0.0,5.976378364514257,-0.5,
SS-000032-PV1,2018-10-06,SLURRY,0.0,1.0,0.0,13.469391191171221,-1.0,
SS-017785-PV1,2018-10-09,OVERLAY,0.0,0.0,0.0,0.0,0.0,
SS-006525-PV1,2018-10-09,OVERLAY,0.0,0.0,0.0,0.0,0.0,
SS-006526-PV1,2018-10-09,OVERLAY,0.0,0.0,0.0,0.0,0.0,
SS-017784-PV1,2018-10-09,OVERLAY,0.0,0.0,0.0,0.0,0.0,
SS-017783-PV1,2018-10-09,OVERLAY,0.0,0.0,0.0,0.0,0.0,
SS-017780-PV1,2018-10-09,OVERLAY,0.0,0.0,0.0,0.0,0.0,
SS-014211-PV1,2018-10-09,OVERLAY,0.0,0.0,0.0,0.0,0.0,
SS-006527-PV1,2018-10-10,OVERLAY,0.0,0.0,0.0,0.0,0.0,
SS-006528-PV1,2018-10-10,OVERLAY,0.0,0.0,0.0,0.0,0.0,
SS-006529-PV1,2018-10-10,OVERLAY,0.0,0.0,0.0,0.0,0.0,
SS-002751-PV1,2018-10-10,OVERLAY,0.0,0.0,0.0,0.0,0.0,
SS-021750-PV1,2018-10-10,OVERLAY,0.0,0.0,0.0,0.0,0.0,
SS-021847-PV1,2018-10-10,OVERLAY,0.0,0.0,0.0,0.0,0.0,
SS-018173-PV1,2018-10-11,OVERLAY,0.0,0.0,0.0,0.0,0.0,
SS-018174-PV1,2018-10-11,OVERLAY,0.0,0.0,0.0,0.0,0.0,
SS-018176-PV1,2018-10-11,OVERLAY,0.0,0.0,0.0,0.0,0.0,
SS-018172-PV1,2018-10-11,OVERLAY,0.0,0.0,0.0,0.0,0.0,
SS-018175-PV1,2018-10-11,OVERLAY,0.0,0.0,0.0,0.0,0.0,
SS-012124-PV1,2018-10-12,SLURRY,0.0,0.0,0.0,0.0,0.0,
SS-012125-PV1,2018-10-12,SLURRY,0.5,0.0,9.598233924957809,0.0,0.5,100.0
SS-031211-PV1,2018-10-12,SLURRY,0.5,2.0,5.357480961156437,21.429923844625748,-1.5,-300.0
SS-025589-PV1,2018-10-12,SLURRY,0.0,1.5,0.0,18.54281564226975,-1.5,
SS-023246-PV1,2018-10-12,SLURRY,2.0,1.5,24.748153555730802,18.561115166798103,0.5,25.0
SS-020423-PV1,2018-10-12,SLURRY,0.5,1.0,4.090566379201082,8.181132758402164,-0.5,-100.0
SS-005752-PV1,2018-10-12,SLURRY,0.0,0.0,0.0,0.0,0.0,
SS-019797-PV1,2018-10-12,OVERLAY,0.0,0.0,0.0,0.0,0.0,
SS-025590-PV1,2018-10-12,SLURRY,0.5,1.5,3.4322608861499564,10.29678265844987,-1.0,-200.0
SS-030673-PV1,2018-10-12,SLURRY,0.5,5.0,2.4562567651731078,24.562567651731076,-4.5,-900.0
SS-003433-PV1,2018-10-12,OVERLAY,0.0,0.0,0.0,0.0,0.0,
SS-020146-PV1,2018-10-12,SLURRY,0.0,0.0,0.0,0.0,0.0,
SS-020147-PV1,2018-10-12,SLURRY,0.5,1.0,3.9879154078549854,7.975830815709971,-0.5,-100.0
SS-030672-PV1,2018-10-12,SLURRY,1.0,7.5,7.488570356749535,56.16427767562151,-6.5,-650.0
SS-023245-PV1,2018-10-12,SLURRY,0.0,4.5,0.0,17.463303726320632,-4.5,
SS-028930-PV1,2018-10-12,OVERLAY,0.0,0.0,0.0,0.0,0.0,
SS-027610-PV1,2018-10-15,OVERLAY,0.0,0.0,0.0,0.0,0.0,
SS-005435-PV1,2018-10-15,OVERLAY,0.0,0.0,0.0,0.0,0.0,
SS-005436-PV1,2018-10-15,OVERLAY,0.0,0.0,0.0,0.0,0.0,
SS-011034-PV1,2018-10-16,OVERLAY,0.0,0.0,0.0,0.0,0.0,
SS-011033-PV1,2018-10-16,OVERLAY,0.0,0.0,0.0,0.0,0.0,
SS-009493-PV1,2018-10-16,OVERLAY,0.0,0.0,0.0,0.0,0.0,
SS-012234-PV1,2018-10-16,OVERLAY,0.5,0.5,2.511893434823977,2.511893434823977,0.0,0.0
SS-018284-PV1,2018-10-16,OVERLAY,0.0,0.0,0.0,0.0,0.0,
SS-003363-PV1,2018-10-16,OVERLAY,0.0,0.0,0.0,0.0,0.0,
SS-016857-PV1,2018-10-16,OVERLAY,0.0,0.0,0.0,0.0,0.0,
SS-009718-PV1,2018-10-16,OVERLAY,0.0,0.0,0.0,0.0,0.0,
SS-012235-PV1,2018-10-16,OVERLAY,0.0,0.5,0.0,9.10344827586207,-0.5,
SS-001857-PV1,2018-10-16,OVERLAY,0.0,0.5,0.0,10.037728933411456,-0.5,
SS-001858-PV1,2018-10-16,OVERLAY,0.0,1.0,0.0,21.46324886108603,-1.0,
SS-001863-PV1,2018-10-16,OVERLAY,0.0,0.0,0.0,0.0,0.0,
SS-001864-PV1,2018-10-16,OVERLAY,0.0,0.0,0.0,0.0,0.0,
SS-001865-PV1,2018-10-16,OVERLAY,0.0,0.0,0.0,0.0,0.0,
SS-018283-PV1,2018-10-16,OVERLAY,0.0,0.0,0.0,0.0,0.0,
SS-016072-PV1,2018-10-17,OVERLAY,0.0,0.0,0.0,0.0,0.0,
SS-016076-PV1,2018-10-17,OVERLAY,0.0,0.5,0.0,5.257996336929218,-0.5,
SS-022168-PV1,2018-10-17,OVERLAY,0.0,0.0,0.0,0.0,0.0,
SS-016073-PV1,2018-10-17,OVERLAY,0.0,0.0,0.0,0.0,0.0,
SS-016103-PV1,2018-10-18,SLURRY,0.0,0.0,0.0,0.0,0.0,
SS-016104-PV1,2018-10-18,SLURRY,0.0,0.0,0.0,0.0,0.0,
SS-022621-PV1,2018-10-18,OVERLAY,0.0,0.0,0.0,0.0,0.0,
SS-022622-PV1,2018-10-18,OVERLAY,0.0,0.0,0.0,0.0,0.0,
SS-030302-PV1,2018-10-18,SLURRY,0.0,0.0,0.0,0.0,0.0,
SS-024123-PV1,2018-10-18,SLURRY,0.0,0.0,0.0,0.0,0.0,
SS-024126-PV1,2018-10-18,SLURRY,0.0,0.0,0.0,0.0,0.0,
SS-030303-PV1,2018-10-18,SLURRY,0.0,0.0,0.0,0.0,0.0,
SS-030304-PV1,2018-10-18,SLURRY,0.0,0.0,0.0,0.0,0.0,
SS-012720-PV1,2018-10-18,OVERLAY,1.0,2.5,6.684656156732905,16.711640391832262,-1.5,-150.0
SS-012721-PV1,2018-10-18,OVERLAY,0.0,0.0,0.0,0.0,0.0,
SS-012728-PV1,2018-10-19,OVERLAY,0.0,0.0,0.0,0.0,0.0,
SS-012727-PV1,2018-10-19,OVERLAY,0.0,0.5,0.0,8.211513661905855,-0.5,
SS-012450-PV1,2018-10-19,OVERLAY,0.0,0.0,0.0,0.0,0.0,
SS-012729-PV1,2018-10-19,OVERLAY,0.0,0.0,0.0,0.0,0.0,
SS-012724-PV1,2018-10-19,OVERLAY,0.5,0.5,10.13283999708297,10.13283999708297,0.0,0.0
SS-012725-PV1,2018-10-19,OVERLAY,0.5,0.0,2.6162906508637427,0.0,0.5,100.0
SS-012447-PV1,2018-10-19,OVERLAY,0.0,0.0,0.0,0.0,0.0,
SS-012730-PV1,2018-10-19,OVERLAY,0.0,0.0,0.0,0.0,0.0,
SS-012726-PV1,2018-10-19,OVERLAY,0.0,0.0,0.0,0.0,0.0,
SS-012723-PV1,2018-10-19,OVERLAY,0.0,0.0,0.0,0.0,0.0,
SS-031789-PV1,2018-10-25,SLURRY,0.0,0.0,0.0,0.0,0.0,
SS-031783-PV1,2018-10-25,SLURRY,0.0,0.0,0.0,0.0,0.0,
SS-030644-PV1,2018-10-25,SLURRY,0.0,0.0,0.0,0.0,0.0,
SS-031780-PV1,2018-10-25,SLURRY,0.0,0.0,0.0,0.0,0.0,
SS-032151-PV1,2018-10-26,SLURRY,0.0,0.0,0.0,0.0,0.0,
SS-031779-PV1,2018-10-26,SLURRY,0.0,0.0,0.0,0.0,0.0,
SS-031778-PV1,2018-10-26,SLURRY,0.0,0.0,0.0,0.0,0.0,
SS-032221-PV1,2018-10-26,SLURRY,0.0,0.0,0.0,0.0,0.0,
SS-031960-PV1,2018-10-26,SLURRY,0.0,0.0,0.0,0.0,0.0,
SS-031958-PV1,2018-10-26,SLURRY,0.0,0.0,0.0,0.0,0.0,
SS-031939-PV1,2018-10-26,SLURRY,0.0,0.0,0.0,0.0,0.0,
SS-011728-PV1,2018-10-26,OVERLAY,0.0,0.0,0.0,0.0,0.0,
SS-030881-PV1,2018-10-26,SLURRY,0.0,0.0,0.0,0.0,0.0,
SS-011727-PV1,2018-10-26,OVERLAY,0.0,0.0,0.0,0.0,0.0,
SS-011725-PV1,2018-10-26,OVERLAY,0.0,0.0,0.0,0.0,0.0,
SS-030871-PV1,2018-10-26,SLURRY,0.0,0.0,0.0,0.0,0.0,
SS-030872-PV1,2018-10-26,SLURRY,0.0,0.0,0.0,0.0,0.0,
SS-031940-PV1,2018-10-29,SLURRY,0.0,0.0,0.0,0.0,0.0,
SS-031937-PV1,2018-10-29,SLURRY,0.0,0.0,0.0,0.0,0.0,
SS-031936-PV1,2018-10-29,SLURRY,0.0,0.0,0.0,0.0,0.0,
SS-031945-PV1,2018-10-29,SLURRY,0.0,0.0,0.0,0.0,0.0,
SS-032154-PV1,2018-10-29,SLURRY,0.0,0.0,0.0,0.0,0.0,
SS-031959-PV1,2018-10-29,SLURRY,0.0,0.0,0.0,0.0,0.0,
SS-031935-PV1,2018-10-29,SLURRY,0.0,0.0,0.0,0.0,0.0,
SS-032155-PV1,2018-10-29,SLURRY,0.0,0.0,0.0,0.0,0.0,
SS-031944-PV1,2018-10-30,SLURRY,0.0,0.0,0.0,0.0,0.0,
SS-032152-PV1,2018-10-30,SLURRY,0.0,0.0,0.0,0.0,0.0,
SS-032153-PV1,2018-10-30,SLURRY,0.0,0.0,0.0,0.0,0.0,
SS-030883-PV1,2018-10-30,SLURRY,0.0,0.0,0.0,0.0,0.0,
SS-030882-PV1,2018-10-30,SLURRY,0.0,0.0,0.0,0.0,0.0,
SS-031943-PV1,2018-10-30,SLURRY,0.0,0.0,0.0,0.0,0.0,
SS-031781-PV1,2018-10-30,SLURRY,0.0,0.0,0.0,0.0,0.0,
SS-031771-PV1,2018-10-31,SLURRY,0.0,0.0,0.0,0.0,0.0,
SS-030586-PV1,2018-10-31,SLURRY,0.0,0.0,0.0,0.0,0.0,
SS-030599-PV1,2018-10-31,SLURRY,0.0,0.0,0.0,0.0,0.0,
SS-030600-PV1,2018-10-31,SLURRY,0.0,0.0,0.0,0.0,0.0,
SS-030601-PV1,2018-10-31,SLURRY,0.0,0.0,0.0,0.0,0.0,
SS-034693-PV1,2018-10-31,CONCRETE,0.0,0.0,0.0,0.0,0.0,
SS-033839-PV1,2018-10-31,CONCRETE,0.0,0.0,0.0,0.0,0.0,
SS-033845-PV1,2018-10-31,CONCRETE,0.0,0.0,0.0,0.0,0.0,
SS-031956-PV1,2018-10-31,SLURRY,0.0,0.0,0.0,0.0,0.0,
SS-033846-PV1,2018-10-31,CONCRETE,0.0,0.0,0.0,0.0,0.0,
SS-035272-PV1,2018-10-31,CONCRETE,0.0,0.0,0.0,0.0,0.0,
SS-033851-PV1,2018-10-31,CONCRETE,0.0,0.0,0.0,0.0,0.0,
SS-033884-PV1,2018-10-31,CONCRETE,0.0,0.0,0.0,0.0,0.0,
SS-034786-PV1,2018-10-31,CONCRETE,0.0,0.0,0.0,0.0,0.0,
SS-030646-PV1,2018-10-31,SLURRY,0.0,0.0,0.0,0.0,0.0,
SS-033885-PV1,2018-10-31,CONCRETE,0.0,0.0,0.0,0.0,0.0,
SS-030598-PV1,2018-10-31,SLURRY,0.0,0.0,0.0,0.0,0.0,
SS-031957-PV1,2018-10-31,SLURRY,0.0,0.0,0.0,0.0,0.0,
SS-033890-PV1,2018-10-31,CONCRETE,0.0,0.0,0.0,0.0,0.0,
SS-031772-PV1,2018-10-31,SLURRY,0.0,0.0,0.0,0.0,0.0,
SS-032150-PV1,2018-10-31,SLURRY,0.0,0.0,0.0,0.0,0.0,
SS-031954-PV1,2018-10-31,SLURRY,0.0,0.0,0.0,0.0,0.0,
SS-033620-PV1,2018-10-31,CONCRETE,0.0,0.0,0.0,0.0,0.0,
SS-031782-PV1,2018-10-31,SLURRY,0.0,0.0,0.0,0.0,0.0,
SS-030587-PV1,2018-10-31,SLURRY,0.0,0.0,0.0,0.0,0.0,
SS-033636-PV1,2018-10-31,CONCRETE,0.0,0.0,0.0,0.0,0.0,
SS-033835-PV1,2018-10-31,CONCRETE,0.0,0.0,0.0,0.0,0.0,
SS-031776-PV1,2018-10-31,SLURRY,0.0,0.0,0.0,0.0,0.0,
SS-031955-PV1,2018-10-31,SLURRY,0.0,0.0,0.0,0.0,0.0,
SS-031787-PV1,2018-11-01,SLURRY,0.0,0.0,0.0,0.0,0.0,
SS-031788-PV1,2018-11-01,SLURRY,0.0,0.0,0.0,0.0,0.0,
SS-030582-PV1,2018-11-01,SLURRY,0.0,0.0,0.0,0.0,0.0,
SS-030604-PV1,2018-11-01,SLURRY,0.0,0.0,0.0,0.0,0.0,
SS-030583-PV1,2018-11-01,SLURRY,0.0,0.0,0.0,0.0,0.0,
SS-030647-PV1,2018-11-01,SLURRY,0.0,0.0,0.0,0.0,0.0,
SS-030603-PV1,2018-11-01,SLURRY,0.0,0.0,0.0,0.0,0.0,
SS-031773-PV1,2018-11-01,SLURRY,0.0,0.0,0.0,0.0,0.0,
SS-031949-PV1,2018-11-01,SLURRY,0.0,0.0,0.0,0.0,0.0,
SS-032149-PV1,2018-11-01,SLURRY,0.0,0.0,0.0,0.0,0.0,
SS-031950-PV1,2018-11-01,SLURRY,0.0,0.0,0.0,0.0,0.0,
SS-031946-PV1,2018-11-01,SLURRY,0.0,0.0,0.0,0.0,0.0,
SS-031947-PV1,2018-11-01,SLURRY,0.0,0.0,0.0,0.0,0.0,
SS-030602-PV1,2018-11-01,SLURRY,0.0,0.0,0.0,0.0,0.0,
SS-031948-PV1,2018-11-01,SLURRY,0.0,0.0,0.0,0.0,0.0,
SS-031768-PV1,2018-11-01,SLURRY,0.0,0.0,0.0,0.0,0.0,
SS-030824-PV1,2018-11-02,SLURRY,0.0,0.0,0.0,0.0,0.0,
SS-030823-PV1,2018-11-02,SLURRY,0.0,0.0,0.0,0.0,0.0,
SS-030822-PV1,2018-11-02,SLURRY,0.0,0.0,0.0,0.0,0.0,
SS-030821-PV1,2018-11-02,SLURRY,0.0,0.0,0.0,0.0,0.0,
SS-030819-PV1,2018-11-02,SLURRY,0.0,0.0,0.0,0.0,0.0,
SS-031770-PV1,2018-11-02,SLURRY,0.0,0.0,0.0,0.0,0.0,
SS-030590-PV1,2018-11-02,SLURRY,0.0,0.0,0.0,0.0,0.0,
SS-030817-PV1,2018-11-02,SLURRY,0.0,0.0,0.0,0.0,0.0,
SS-030815-PV1,2018-11-02,SLURRY,0.0,0.0,0.0,0.0,0.0,
SS-031938-PV1,2018-11-02,SLURRY,0.0,0.0,0.0,0.0,0.0,
SS-030820-PV1,2018-11-02,SLURRY,0.0,0.0,0.0,0.0,0.0,
SS-030825-PV1,2018-11-02,SLURRY,0.0,0.0,0.0,0.0,0.0,
SS-030827-PV1,2018-11-02,SLURRY,0.0,0.0,0.0,0.0,0.0,
SS-031952-PV1,2018-11-02,SLURRY,0.0,0.0,0.0,0.0,0.0,
SS-030829-PV1,2018-11-02,SLURRY,0.0,0.0,0.0,0.0,0.0,
SS-031786-PV1,2018-11-02,SLURRY,0.0,0.0,0.0,0.0,0.0,
SS-031767-PV1,2018-11-02,SLURRY,0.0,0.0,0.0,0.0,0.0,
SS-030589-PV1,2018-11-02,SLURRY,0.0,0.0,0.0,0.0,0.0,
SS-030648-PV1,2018-11-02,SLURRY,0.0,0.0,0.0,0.0,0.0,
SS-031176-PV1,2018-11-02,SLURRY,0.0,0.0,0.0,0.0,0.0,
SS-009776-PV1,2018-11-02,SLURRY,0.0,0.0,0.0,0.0,0.0,
SS-009775-PV1,2018-11-02,SLURRY,0.0,0.5,0.0,4.549298891005002,-0.5,
SS-030897-PV1,2018-11-02,SLURRY,0.0,0.0,0.0,0.0,0.0,
SS-031951-PV1,2018-11-02,SLURRY,0.0,0.0,0.0,0.0,0.0,
SS-031953-PV1,2018-11-02,SLURRY,0.0,0.0,0.0,0.0,0.0,
SS-022396-PV1,2018-11-03,SLURRY,0.0,0.5,0.0,3.647646218109347,-0.5,
SS-031325-PV1,2018-11-03,SLURRY,0.0,0.0,0.0,0.0,0.0,
SS-031324-PV1,2018-11-03,SLURRY,0.0,0.0,0.0,0.0,0.0,
SS-022397-PV1,2018-11-03,SLURRY,0.0,0.0,0.0,0.0,0.0,
SS-031323-PV1,2018-11-03,SLURRY,0.0,0.0,0.0,0.0,0.0,
SS-031777-PV1,2018-11-07,SLURRY,0.0,0.0,0.0,0.0,0.0,
SS-030588-PV1,2018-11-07,SLURRY,0.0,0.0,0.0,0.0,0.0,
SS-031775-PV1,2018-11-07,SLURRY,0.0,0.0,0.0,0.0,0.0,
SS-031774-PV1,2018-11-07,SLURRY,0.0,0.0,0.0,0.0,0.0,
SS-031766-PV1,2018-11-07,SLURRY,0.0,0.0,0.0,0.0,0.0,
SS-031941-PV1,2018-11-07,SLURRY,0.0,0.0,0.0,0.0,0.0,
SS-031942-PV1,2018-11-07,SLURRY,0.0,0.0,0.0,0.0,0.0,
SS-030908-PV1,2018-11-07,SLURRY,0.0,0.0,0.0,0.0,0.0,
SS-031765-PV1,2018-11-07,SLURRY,0.0,0.0,0.0,0.0,0.0,
SS-030645-PV1,2018-11-07,SLURRY,0.0,0.0,0.0,0.0,0.0,
SS-031785-PV1,2018-11-08,SLURRY,0.0,0.0,0.0,0.0,0.0,
SS-031784-PV1,2018-11-08,SLURRY,0.0,0.0,0.0,0.0,0.0,
SS-030584-PV1,2018-11-08,SLURRY,0.0,0.0,0.0,0.0,0.0,
SS-030875-PV1,2018-11-08,SLURRY,0.0,0.0,0.0,0.0,0.0,
SS-031933-PV1,2018-11-08,SLURRY,0.0,0.0,0.0,0.0,0.0,
SS-006399-PV1,2018-11-09,SLURRY,0.0,0.0,0.0,0.0,0.0,
SS-013775-PV1,2018-11-09,OVERLAY,0.0,0.0,0.0,0.0,0.0,
SS-031769-PV1,2018-11-09,SLURRY,0.0,0.0,0.0,0.0,0.0,
SS-030585-PV1,2018-11-09,SLURRY,0.5,0.0,3.532633639932034,0.0,0.5,100.0
SS-006396-PV1,2018-11-09,SLURRY,0.0,0.0,0.0,0.0,0.0,
SS-032220-PV1,2018-11-09,SLURRY,0.0,0.0,0.0,0.0,0.0,
SS-006406-PV1,2018-11-09,SLURRY,0.0,0.0,0.0,0.0,0.0,
SS-031931-PV1,2018-11-09,SLURRY,0.0,0.0,0.0,0.0,0.0,
SS-031932-PV1,2018-11-09,SLURRY,0.0,0.0,0.0,0.0,0.0,
SS-006397-PV1,2018-11-09,SLURRY,0.0,0.0,0.0,0.0,0.0,
SS-006398-PV1,2018-11-09,SLURRY,0.0,0.0,0.0,0.0,0.0,
SS-006395-PV1,2018-11-09,SLURRY,0.0,0.0,0.0,0.0,0.0,
SS-031934-PV1,2018-11-09,SLURRY,0.0,0.0,0.0,0.0,0.0,
SS-030830-PV1,2018-11-13,SLURRY,0.0,0.0,0.0,0.0,0.0,
SS-030828-PV1,2018-11-13,SLURRY,0.0,0.0,0.0,0.0,0.0,
SS-030990-PV1,2018-11-13,SLURRY,0.0,0.0,0.0,0.0,0.0,
SS-030826-PV1,2018-11-13,SLURRY,0.0,0.0,0.0,0.0,0.0,
SS-022154-PV1,2018-11-14,OVERLAY,0.0,0.0,0.0,0.0,0.0,
SS-022153-PV1,2018-11-14,OVERLAY,1.0,2.0,16.094867048167853,32.189734096335705,-1.0,-100.0
SS-022156-PV1,2018-11-14,OVERLAY,0.0,0.0,0.0,0.0,0.0,
SS-022155-PV1,2018-11-14,OVERLAY,0.0,0.0,0.0,0.0,0.0,
SS-013120-PV1,2018-11-15,SLURRY,0.0,0.0,0.0,0.0,0.0,
SS-013119-PV1,2018-11-15,SLURRY,0.0,0.0,0.0,0.0,0.0,
SS-020719-PV1,2018-11-15,SLURRY,0.0,0.5,0.0,3.243652883926864,-0.5,
SS-011802-PV1,2018-11-15,SLURRY,0.0,0.0,0.0,0.0,0.0,
SS-011799-PV1,2018-11-15,SLURRY,0.0,0.0,0.0,0.0,0.0,
SS-011797-PV1,2018-11-15,SLURRY,0.0,0.0,0.0,0.0,0.0,
SS-011796-PV1,2018-11-15,SLURRY,0.0,0.0,0.0,0.0,0.0,
SS-019632-PV1,2018-11-15,SLURRY,0.0,0.0,0.0,0.0,0.0,
SS-014902-PV1,2018-11-15,SLURRY,0.0,0.0,0.0,0.0,0.0,
SS-011791-PV1,2018-11-16,SLURRY,0.0,0.0,0.0,0.0,0.0,
SS-010418-PV1,2018-11-16,SLURRY,0.0,0.0,0.0,0.0,0.0,
SS-020721-PV1,2018-11-16,SLURRY,0.0,0.0,0.0,0.0,0.0,
SS-011793-PV1,2018-11-16,SLURRY,0.0,0.0,0.0,0.0,0.0,
SS-011792-PV1,2018-11-16,SLURRY,0.0,0.0,0.0,0.0,0.0,
SS-019003-PV1,2018-11-16,SLURRY,0.0,0.0,0.0,0.0,0.0,
SS-014573-PV1,2018-11-16,SLURRY,0.0,0.0,0.0,0.0,0.0,
SS-017218-PV1,2018-11-16,SLURRY,0.0,0.0,0.0,0.0,0.0,
SS-014159-PV1,2018-11-16,SLURRY,0.0,0.0,0.0,0.0,0.0,
SS-020720-PV1,2018-11-16,SLURRY,0.0,0.0,0.0,0.0,0.0,
SS-010420-PV1,2018-11-16,SLURRY,0.0,0.0,0.0,0.0,0.0,
SS-010421-PV1,2018-11-16,SLURRY,0.0,0.0,0.0,0.0,0.0,
SS-010422-PV1,2018-11-16,SLURRY,0.0,0.0,0.0,0.0,0.0,
SS-010423-PV1,2018-11-16,SLURRY,0.0,0.5,0.0,2.632610000467687,-0.5,
SS-013118-PV1,2018-11-18,SLURRY,0.0,0.0,0.0,0.0,0.0,
SS-012451-PV1,2018-11-20,OVERLAY,0.0,0.0,0.0,0.0,0.0,
SS-019209-PV1,2018-11-20,OVERLAY,0.0,0.0,0.0,0.0,0.0,
SS-019202-PV1,2018-11-20,OVERLAY,0.0,0.0,0.0,0.0,0.0,
SS-019206-PV1,2018-11-20,OVERLAY,0.0,0.0,0.0,0.0,0.0,
SS-019205-PV1,2018-11-20,OVERLAY,0.0,0.0,0.0,0.0,0.0,
SS-019204-PV1,2018-11-20,OVERLAY,0.0,0.0,0.0,0.0,0.0,
SS-019203-PV1,2018-11-20,OVERLAY,0.0,0.0,0.0,0.0,0.0,
SS-030916-PV1,2018-11-20,OVERLAY,0.0,0.0,0.0,0.0,0.0,
SS-019201-PV1,2018-11-21,OVERLAY,0.0,0.0,0.0,0.0,0.0,
SS-030249-PV1,2018-11-21,OVERLAY,0.0,0.0,0.0,0.0,0.0,
SS-019199-PV1,2018-11-21,OVERLAY,0.0,0.0,0.0,0.0,0.0,
SS-030247-PV1,2018-11-21,OVERLAY,0.0,0.0,0.0,0.0,0.0,
SS-019200-PV1,2018-11-21,OVERLAY,0.0,0.0,0.0,0.0,0.0,
SS-019207-PV1,2018-11-21,OVERLAY,0.0,0.0,0.0,0.0,0.0,
SS-030248-PV1,2018-11-21,OVERLAY,0.0,0.0,0.0,0.0,0.0,
SS-030246-PV1,2018-11-21,OVERLAY,0.0,0.0,0.0,0.0,0.0,
SS-006995-PV1,2018-11-21,OVERLAY,0.5,0.5,8.310853628553323,8.310853628553323,0.0,0.0
SS-030250-PV1,2018-11-21,OVERLAY,0.0,0.0,0.0,0.0,0.0,
SS-007682-PV1,2018-11-23,OVERLAY,0.0,0.0,0.0,0.0,0.0,
SS-030205-PV1,2018-11-27,SLURRY,0.0,0.5,0.0,2.3060031200921003,-0.5,
SS-015229-PV1,2018-11-28,SLURRY,0.0,0.0,0.0,0.0,0.0,
SS-021728-PV1,2018-11-28,SLURRY,0.0,0.0,0.0,0.0,0.0,
SS-005370-PV1,2018-11-28,SLURRY,0.0,0.0,0.0,0.0,0.0,
SS-030179-PV1,2018-11-28,SLURRY,0.0,0.5,0.0,2.312140955819803,-0.5,
SS-017652-PV1,2018-11-28,SLURRY,0.0,0.0,0.0,0.0,0.0,
SS-021515-PV1,2018-11-28,SLURRY,0.0,0.0,0.0,0.0,0.0,
SS-017944-PV1,2018-11-28,SLURRY,0.5,0.0,3.7959613272061152,0.0,0.5,100.0
SS-019298-PV1,2018-12-07,SLURRY,0.0,0.0,0.0,0.0,0.0,
SS-030268-PV1,2018-12-07,SLURRY,0.0,0.0,0.0,0.0,0.0,
SS-030454-PV1,2018-12-07,SLURRY,0.0,0.0,0.0,0.0,0.0,
SS-020787-PV1,2018-12-07,SLURRY,0.0,0.0,0.0,0.0,0.0,
SS-020784-PV1,2018-12-07,SLURRY,0.0,0.0,0.0,0.0,0.0,
SS-020783-PV1,2018-12-07,SLURRY,0.0,0.0,0.0,0.0,0.0,
SS-020782-PV1,2018-12-07,SLURRY,0.0,0.0,0.0,0.0,0.0,
SS-027967-PV1,2018-12-08,SLURRY,0.0,0.0,0.0,0.0,0.0,
SS-027968-PV1,2018-12-08,SLURRY,0.0,3.0,0.0,4.769647696476964,-3.0,
SS-027969-PV1,2018-12-08,SLURRY,0.0,0.5,0.0,3.5576278438282234,-0.5,
SS-019456-PV1,2018-12-10,SLURRY,0.0,0.0,0.0,0.0,0.0,
SS-010886-PV1,2018-12-10,OVERLAY,0.0,0.0,0.0,0.0,0.0,
SS-022554-PV1,2018-12-11,SLURRY,0.0,0.0,0.0,0.0,0.0,
SS-019314-PV1,2018-12-11,SLURRY,0.0,0.0,0.0,0.0,0.0,
SS-022555-PV1,2018-12-11,SLURRY,0.0,0.0,0.0,0.0,0.0,
SS-010881-PV1,2018-12-11,OVERLAY,0.0,0.5,0.0,7.0225447627377395,-0.5,
SS-019307-PV1,2018-12-11,SLURRY,0.0,0.0,0.0,0.0,0.0,
SS-002033-PV1,2018-12-12,SLURRY,0.0,0.0,0.0,0.0,0.0,
SS-002034-PV1,2018-12-12,SLURRY,0.0,0.0,0.0,0.0,0.0,
SS-002035-PV1,2018-12-12,SLURRY,0.0,0.5,0.0,6.785195115481965,-0.5,
SS-003519-PV1,2018-12-12,SLURRY,0.0,0.0,0.0,0.0,0.0,
SS-003517-PV1,2018-12-12,SLURRY,0.0,0.0,0.0,0.0,0.0,
SS-019181-PV1,2018-12-12,SLURRY,0.0,0.0,0.0,0.0,0.0,
SS-013881-PV1,2018-12-12,SLURRY,0.0,0.0,0.0,0.0,0.0,
SS-027054-PV1,2018-12-12,SLURRY,0.0,0.0,0.0,0.0,0.0,
SS-013128-PV1,2018-12-12,SLURRY,0.0,0.0,0.0,0.0,0.0,
SS-026115-PV1,2018-12-12,SLURRY,0.0,0.0,0.0,0.0,0.0,
SS-026116-PV1,2018-12-12,SLURRY,0.0,0.5,0.0,13.8449533047484,-0.5,
SS-021710-PV1,2018-12-12,SLURRY,0.0,0.0,0.0,0.0,0.0,
SS-019323-PV1,2018-12-12,SLURRY,0.0,0.0,0.0,0.0,0.0,
SS-019306-PV1,2018-12-12,SLURRY,0.0,0.0,0.0,0.0,0.0,
SS-019321-PV1,2018-12-12,SLURRY,0.0,0.0,0.0,0.0,0.0,
SS-019297-PV1,2018-12-12,SLURRY,0.0,0.0,0.0,0.0,0.0,
SS-009472-PV1,2018-12-12,SLURRY,0.0,0.0,0.0,0.0,0.0,
SS-019305-PV1,2018-12-12,SLURRY,0.0,0.0,0.0,0.0,0.0,
SS-019129-PV1,2018-12-13,SLURRY,0.0,0.0,0.0,0.0,0.0,
SS-019128-PV1,2018-12-13,SLURRY,0.0,0.0,0.0,0.0,0.0,
SS-023286-PV1,2018-12-13,SLURRY,0.0,0.0,0.0,0.0,0.0,
SS-019130-PV1,2018-12-13,SLURRY,0.0,0.0,0.0,0.0,0.0,
SS-019358-PV1,2018-12-13,SLURRY,0.0,0.0,0.0,0.0,0.0,
SS-019359-PV1,2018-12-13,SLURRY,0.0,0.0,0.0,0.0,0.0,
SS-020185-PV1,2018-12-13,SLURRY,0.0,0.0,0.0,0.0,0.0,
SS-020186-PV1,2018-12-13,SLURRY,0.0,0.0,0.0,0.0,0.0,
SS-019296-PV1,2018-12-13,SLURRY,0.0,0.0,0.0,0.0,0.0,
SS-019295-PV1,2018-12-13,SLURRY,0.0,0.0,0.0,0.0,0.0,
SS-019293-PV1,2018-12-13,SLURRY,0.0,0.0,0.0,0.0,0.0,
SS-023285-PV1,2018-12-13,SLURRY,0.0,0.0,0.0,0.0,0.0,
SS-003634-PV1,2018-12-13,SLURRY,0.0,0.0,0.0,0.0,0.0,
SS-009473-PV1,2018-12-13,SLURRY,0.0,0.0,0.0,0.0,0.0,
SS-009471-PV1,2018-12-13,SLURRY,0.0,0.0,0.0,0.0,0.0,
SS-009470-PV1,2018-12-13,SLURRY,0.0,0.0,0.0,0.0,0.0,
SS-019180-PV1,2018-12-13,SLURRY,0.0,0.0,0.0,0.0,0.0,
SS-006136-PV1,2018-12-14,SLURRY,0.5,0.0,2.105159242936892,0.0,0.5,100.0
SS-019445-PV1,2018-12-14,SLURRY,0.0,0.0,0.0,0.0,0.0,
SS-013847-PV1,2018-12-14,SLURRY,0.0,0.0,0.0,0.0,0.0,
SS-013848-PV1,2018-12-14,SLURRY,0.0,0.0,0.0,0.0,0.0,
SS-013849-PV1,2018-12-14,SLURRY,0.0,0.0,0.0,0.0,0.0,
SS-013850-PV1,2018-12-14,SLURRY,0.0,0.0,0.0,0.0,0.0,
SS-019127-PV1,2018-12-14,SLURRY,0.0,0.0,0.0,0.0,0.0,
SS-007769-PV1,2018-12-14,SLURRY,0.0,0.0,0.0,0.0,0.0,
SS-013851-PV1,2018-12-14,SLURRY,0.0,0.0,0.0,0.0,0.0,
SS-005835-PV1,2018-12-14,SLURRY,0.0,0.0,0.0,0.0,0.0,
SS-013852-PV1,2018-12-14,SLURRY,0.0,0.0,0.0,0.0,0.0,
SS-019315-PV1,2018-12-14,SLURRY,0.0,0.0,0.0,0.0,0.0,
SS-013853-PV1,2018-12-14,SLURRY,0.0,0.0,0.0,0.0,0.0,
SS-013854-PV1,2018-12-14,SLURRY,0.0,0.0,0.0,0.0,0.0,
SS-013855-PV1,2018-12-14,SLURRY,0.0,0.0,0.0,0.0,0.0,
SS-013856-PV1,2018-12-14,SLURRY,1.5,1.5,8.112145079569183,8.112145079569183,0.0,0.0
SS-019316-PV1,2018-12-14,SLURRY,0.0,0.0,0.0,0.0,0.0,
SS-019542-PV1,2018-12-14,SLURRY,0.0,0.0,0.0,0.0,0.0,
SS-027385-PV1,2018-12-14,SLURRY,0.0,2.5,0.0,15.510682159801389,-2.5,
SS-027384-PV1,2018-12-14,SLURRY,1.5,2.0,6.770185538986267,9.02691405198169,-0.5,-33.33333333333333
SS-006135-PV1,2018-12-14,SLURRY,0.0,0.0,0.0,0.0,0.0,
SS-010887-PV1,2018-12-14,OVERLAY,0.0,0.0,0.0,0.0,0.0,
SS-010888-PV1,2018-12-14,OVERLAY,0.0,0.0,0.0,0.0,0.0,
SS-013469-PV1,2018-12-14,SLURRY,0.0,0.5,0.0,3.9696890184718354,-0.5,
SS-006494-PV1,2018-12-14,SLURRY,0.0,1.0,0.0,2.1676633402066328,-1.0,
SS-010889-PV1,2018-12-14,OVERLAY,0.0,0.0,0.0,0.0,0.0,
SS-007765-PV1,2018-12-14,SLURRY,0.0,0.0,0.0,0.0,0.0,
SS-007766-PV1,2018-12-14,SLURRY,0.0,0.0,0.0,0.0,0.0,
SS-006147-PV1,2018-12-14,SLURRY,0.0,1.5,0.0,4.674858017419867,-1.5,
SS-001017-PV1,2018-12-14,OVERLAY,0.0,0.5,0.0,3.739376770538244,-0.5,
SS-010890-PV1,2018-12-14,OVERLAY,0.0,0.5,0.0,7.517176320780694,-0.5,
SS-010891-PV1,2018-12-14,OVERLAY,0.0,0.0,0.0,0.0,0.0,
SS-006493-PV1,2018-12-14,SLURRY,0.0,0.5,0.0,1.4706686010415342,-0.5,
SS-006491-PV1,2018-12-14,SLURRY,0.0,0.0,0.0,0.0,0.0,
SS-027382-PV1,2018-12-14,SLURRY,0.0,0.0,0.0,0.0,0.0,
SS-007767-PV1,2018-12-14,SLURRY,0.5,0.0,8.214037915252286,0.0,0.5,100.0
SS-007768-PV1,2018-12-14,SLURRY,0.0,0.0,0.0,0.0,0.0,
SS-006392-PV1,2018-12-14,SLURRY,0.0,0.0,0.0,0.0,0.0,
SS-006492-PV1,2018-12-14,SLURRY,0.0,0.0,0.0,0.0,0.0,
SS-014369-PV1,2018-12-16,SLURRY,0.0,0.0,0.0,0.0,0.0,
SS-014370-PV1,2018-12-16,SLURRY,0.0,0.0,0.0,0.0,0.0,
SS-014366-PV1,2018-12-16,SLURRY,0.0,0.5,0.0,9.16661892385977,-0.5,
SS-014371-PV1,2018-12-16,SLURRY,0.5,0.5,9.23054008099799,9.23054008099799,0.0,0.0
SS-014372-PV1,2018-12-16,SLURRY,0.0,1.0,0.0,18.590508489137406,-1.0,
SS-014374-PV1,2018-12-16,SLURRY,0.0,1.0,0.0,18.992327531321152,-1.0,
SS-014375-PV1,2018-12-16,SLURRY,0.5,0.5,9.395014450172793,9.395014450172793,0.0,0.0
SS-014368-PV1,2018-12-16,SLURRY,1.0,1.5,18.722341994780436,28.083512992170654,-0.5,-50.0
SS-014367-PV1,2018-12-16,SLURRY,0.0,0.0,0.0,0.0,0.0,
SS-014399-PV1,2018-12-16,SLURRY,0.0,0.0,0.0,0.0,0.0,
SS-032120-PV1,2018-12-17,SLURRY,0.0,0.0,0.0,0.0,0.0,
SS-032121-PV1,2018-12-17,SLURRY,0.0,0.0,0.0,0.0,0.0,
SS-032105-PV1,2018-12-17,SLURRY,0.0,0.0,0.0,0.0,0.0,
SS-032098-PV1,2018-12-17,SLURRY,0.0,0.0,0.0,0.0,0.0,
SS-032124-PV1,2018-12-17,SLURRY,0.0,0.0,0.0,0.0,0.0,
SS-032096-PV1,2018-12-17,SLURRY,0.0,0.0,0.0,0.0,0.0,
SS-032116-PV1,2018-12-17,SLURRY,0.0,0.0,0.0,0.0,0.0,
SS-031686-PV1,2018-12-17,SLURRY,0.0,0.0,0.0,0.0,0.0,
SS-032091-PV1,2018-12-17,SLURRY,0.0,0.0,0.0,0.0,0.0,
SS-032083-PV1,2018-12-17,SLURRY,0.0,0.0,0.0,0.0,0.0,
SS-032081-PV1,2018-12-17,SLURRY,0.0,0.0,0.0,0.0,0.0,
SS-032089-PV1,2018-12-18,SLURRY,0.0,0.0,0.0,0.0,0.0,
SS-032097-PV1,2018-12-18,SLURRY,0.0,0.0,0.0,0.0,0.0,
SS-031810-PV1,2018-12-18,SLURRY,0.0,0.0,0.0,0.0,0.0,
SS-031809-PV1,2018-12-18,SLURRY,0.0,0.0,0.0,0.0,0.0,
SS-032108-PV1,2018-12-18,SLURRY,0.0,0.0,0.0,0.0,0.0,
SS-032113-PV1,2018-12-18,SLURRY,0.0,0.0,0.0,0.0,0.0,
SS-032095-PV1,2018-12-18,SLURRY,0.0,0.0,0.0,0.0,0.0,
SS-032106-PV1,2018-12-18,SLURRY,0.0,0.0,0.0,0.0,0.0,
SS-031803-PV1,2018-12-18,SLURRY,0.0,0.5,0.0,3.6691117219502662,-0.5,
SS-032118-PV1,2018-12-18,SLURRY,0.0,0.0,0.0,0.0,0.0,
SS-032127-PV1,2018-12-18,SLURRY,0.0,0.0,0.0,0.0,0.0,
SS-003033-PV1,2018-12-19,SLURRY,0.0,0.0,0.0,0.0,0.0,
SS-008337-PV1,2018-12-19,SLURRY,0.0,0.0,0.0,0.0,0.0,
SS-008349-PV1,2018-12-19,SLURRY,0.0,0.0,0.0,0.0,0.0,
SS-003032-PV1,2018-12-19,SLURRY,0.0,0.0,0.0,0.0,0.0,
SS-003213-PV1,2018-12-19,SLURRY,0.0,0.0,0.0,0.0,0.0,
SS-006636-PV1,2018-12-19,SLURRY,0.0,0.0,0.0,0.0,0.0,
SS-031814-PV1,2018-12-19,SLURRY,0.0,0.0,0.0,0.0,0.0,
SS-024762-PV1,2018-12-19,SLURRY,0.0,0.0,0.0,0.0,0.0,
SS-032088-PV1,2018-12-19,SLURRY,0.0,0.0,0.0,0.0,0.0,
SS-001671-PV1,2018-12-19,SLURRY,0.0,0.0,0.0,0.0,0.0,
SS-008338-PV1,2018-12-19,SLURRY,0.0,0.0,0.0,0.0,0.0,
SS-024764-PV1,2018-12-19,SLURRY,0.0,0.0,0.0,0.0,0.0,
SS-024763-PV1,2018-12-19,SLURRY,0.0,0.0,0.0,0.0,0.0,
SS-005803-PV1,2018-12-19,SLURRY,0.0,0.0,0.0,0.0,0.0,
SS-032102-PV1,2018-12-19,SLURRY,0.0,0.0,0.0,0.0,0.0,
SS-032103-PV1,2018-12-19,SLURRY,0.0,0.0,0.0,0.0,0.0,
SS-031441-PV1,2018-12-19,SLURRY,0.0,0.0,0.0,0.0,0.0,
SS-032107-PV1,2018-12-19,SLURRY,0.0,0.0,0.0,0.0,0.0,
SS-021912-PV1,2018-12-19,SLURRY,0.0,0.0,0.0,0.0,0.0,
SS-031807-PV1,2018-12-19,SLURRY,0.0,0.0,0.0,0.0,0.0,
SS-032114-PV1,2018-12-19,SLURRY,0.0,0.0,0.0,0.0,0.0,
SS-032115-PV1,2018-12-19,SLURRY,0.0,0.0,0.0,0.0,0.0,
SS-031813-PV1,2018-12-19,SLURRY,0.0,0.0,0.0,0.0,0.0,
SS-008339-PV1,2018-12-19,SLURRY,0.0,0.0,0.0,0.0,0.0,
SS-027543-PV1,2018-12-20,SLURRY,0.0,0.0,0.0,0.0,0.0,
SS-031427-PV1,2018-12-20,SLURRY,0.0,0.0,0.0,0.0,0.0,
SS-025799-PV1,2018-12-20,SLURRY,0.0,0.0,0.0,0.0,0.0,
SS-008341-PV1,2018-12-20,SLURRY,0.0,0.0,0.0,0.0,0.0,
SS-009995-PV1,2018-12-20,OVERLAY,0.0,0.0,0.0,0.0,0.0,
SS-031434-PV1,2018-12-20,SLURRY,0.0,0.0,0.0,0.0,0.0,
SS-031432-PV1,2018-12-20,SLURRY,0.0,0.0,0.0,0.0,0.0,
SS-010034-PV1,2018-12-20,OVERLAY,0.0,0.0,0.0,0.0,0.0,
SS-010050-PV1,2018-12-20,OVERLAY,1.5,4.0,24.668585957407444,65.78289588641985,-2.5,-166.66666666666669
SS-010052-PV1,2018-12-20,OVERLAY,0.0,0.0,0.0,0.0,0.0,
SS-010053-PV1,2018-12-20,OVERLAY,0.5,11.0,7.99904738617492,175.97904249584823,-10.5,-2100.0
SS-031433-PV1,2018-12-20,SLURRY,0.5,0.0,13.478141670585028,0.0,0.5,100.0
SS-021961-PV1,2018-12-20,SLURRY,0.0,0.0,0.0,0.0,0.0,
SS-017925-PV1,2018-12-20,OVERLAY,0.0,0.0,0.0,0.0,0.0,
SS-031806-PV1,2018-12-20,SLURRY,0.0,0.0,0.0,0.0,0.0,
SS-031435-PV1,2018-12-20,SLURRY,0.0,0.0,0.0,0.0,0.0,
SS-008340-PV1,2018-12-20,SLURRY,0.0,0.0,0.0,0.0,0.0,
SS-027899-PV1,2018-12-20,SLURRY,0.0,0.0,0.0,0.0,0.0,
SS-025800-PV1,2018-12-20,SLURRY,0.0,0.0,0.0,0.0,0.0,
SS-031802-PV1,2018-12-20,SLURRY,0.0,0.0,0.0,0.0,0.0,
SS-031798-PV1,2018-12-20,SLURRY,0.0,0.0,0.0,0.0,0.0,
SS-031801-PV1,2018-12-20,SLURRY,0.0,0.0,0.0,0.0,0.0,
SS-027869-PV1,2018-12-20,SLURRY,0.0,0.0,0.0,0.0,0.0,
SS-005797-PV1,2018-12-20,SLURRY,0.0,0.0,0.0,0.0,0.0,
SS-005798-PV1,2018-12-20,SLURRY,0.0,0.0,0.0,0.0,0.0,
SS-031800-PV1,2018-12-20,SLURRY,0.0,0.0,0.0,0.0,0.0,
SS-001669-PV1,2018-12-20,SLURRY,0.0,0.0,0.0,0.0,0.0,
SS-001670-PV1,2018-12-20,SLURRY,0.0,0.0,0.0,0.0,0.0,
SS-001668-PV1,2018-12-20,SLURRY,0.0,0.0,0.0,0.0,0.0,
SS-005799-PV1,2018-12-21,SLURRY,0.0,0.0,0.0,0.0,0.0,
SS-010019-PV1,2018-12-21,OVERLAY,0.0,0.0,0.0,0.0,0.0,
SS-010021-PV1,2018-12-21,OVERLAY,1.0,6.0,28.672651720684925,172.03591032410955,-5.0,-500.0
SS-031430-PV1,2018-12-21,SLURRY,0.0,0.0,0.0,0.0,0.0,
SS-031425-PV1,2018-12-21,SLURRY,0.0,0.0,0.0,0.0,0.0,
SS-010030-PV1,2018-12-21,OVERLAY,2.0,8.0,45.39042210513556,181.56168842054225,-6.0,-300.0
SS-010031-PV1,2018-12-21,OVERLAY,0.0,0.0,0.0,0.0,0.0,
SS-031799-PV1,2018-12-21,SLURRY,0.0,0.0,0.0,0.0,0.0,
SS-021593-PV1,2018-12-21,SLURRY,0.0,0.0,0.0,0.0,0.0,
SS-006591-PV1,2018-12-21,SLURRY,0.0,0.0,0.0,0.0,0.0,
SS-006590-PV1,2018-12-21,SLURRY,0.0,0.0,0.0,0.0,0.0,
SS-003278-PV1,2018-12-21,SLURRY,0.0,0.0,0.0,0.0,0.0,
SS-031437-PV1,2018-12-21,SLURRY,0.0,0.0,0.0,0.0,0.0,
SS-031420-PV1,2018-12-21,SLURRY,0.0,0.0,0.0,0.0,0.0,
SS-017776-PV1,2018-12-21,SLURRY,0.0,0.0,0.0,0.0,0.0,
SS-017771-PV1,2018-12-21,SLURRY,0.0,0.0,0.0,0.0,0.0,
SS-002604-PV1,2018-12-21,SLURRY,0.0,0.0,0.0,0.0,0.0,
SS-031436-PV1,2018-12-21,SLURRY,0.0,0.0,0.0,0.0,0.0,
SS-012886-PV1,2018-12-21,SLURRY,0.0,0.0,0.0,0.0,0.0,
SS-025993-PV1,2019-01-02,SLURRY,0.0,0.0,0.0,0.0,0.0,
SS-021046-PV1,2019-01-02,OVERLAY,0.0,0.0,0.0,0.0,0.0,
SS-021048-PV1,2019-01-02,OVERLAY,0.0,0.0,0.0,0.0,0.0,
SS-021049-PV1,2019-01-02,OVERLAY,0.5,6.0,8.677300084373595,104.12760101248315,-5.5,-1100.0
SS-021050-PV1,2019-01-02,OVERLAY,0.0,0.0,0.0,0.0,0.0,
SS-009828-PV1,2019-01-02,SLURRY,0.0,0.0,0.0,0.0,0.0,
SS-009826-PV1,2019-01-02,SLURRY,0.0,0.0,0.0,0.0,0.0,
SS-025994-PV1,2019-01-02,SLURRY,0.0,0.0,0.0,0.0,0.0,
SS-009825-PV1,2019-01-02,SLURRY,0.0,0.0,0.0,0.0,0.0,
SS-009824-PV1,2019-01-02,SLURRY,0.0,0.0,0.0,0.0,0.0,
SS-009823-PV1,2019-01-02,SLURRY,0.0,0.0,0.0,0.0,0.0,
SS-025995-PV1,2019-01-02,SLURRY,0.0,0.0,0.0,0.0,0.0,
SS-025991-PV1,2019-01-02,SLURRY,0.0,0.0,0.0,0.0,0.0,
SS-021031-PV1,2019-01-02,OVERLAY,0.0,0.5,0.0,2.652940246641041,-0.5,
SS-009827-PV1,2019-01-02,SLURRY,0.0,0.0,0.0,0.0,0.0,
SS-021030-PV1,2019-01-02,OVERLAY,0.0,0.0,0.0,0.0,0.0,
SS-025990-PV1,2019-01-02,SLURRY,0.0,0.0,0.0,0.0,0.0,
SS-021028-PV1,2019-01-02,OVERLAY,0.0,0.5,0.0,3.0038045915883917,-0.5,
SS-016249-PV1,2019-01-02,SLURRY,0.0,0.0,0.0,0.0,0.0,
SS-031428-PV1,2019-01-02,SLURRY,0.0,0.0,0.0,0.0,0.0,
SS-031429-PV1,2019-01-02,SLURRY,0.0,0.0,0.0,0.0,0.0,
SS-016250-PV1,2019-01-02,SLURRY,0.0,0.0,0.0,0.0,0.0,
SS-016252-PV1,2019-01-02,SLURRY,0.0,0.0,0.0,0.0,0.0,
SS-031815-PV1,2019-01-03,SLURRY,0.0,0.0,0.0,0.0,0.0,
SS-031812-PV1,2019-01-03,SLURRY,0.0,0.0,0.0,0.0,0.0,
SS-031797-PV1,2019-01-03,SLURRY,0.0,0.0,0.0,0.0,0.0,
SS-031442-PV1,2019-01-03,SLURRY,0.0,0.0,0.0,0.0,0.0,
SS-031685-PV1,2019-01-04,SLURRY,0.0,0.5,0.0,9.837810282300438,-0.5,
SS-016258-PV1,2019-01-04,SLURRY,0.0,0.0,0.0,0.0,0.0,
SS-016259-PV1,2019-01-04,SLURRY,0.0,0.0,0.0,0.0,0.0,
SS-031421-PV1,2019-01-04,SLURRY,0.0,0.0,0.0,0.0,0.0,
SS-031794-PV1,2019-01-04,SLURRY,0.0,0.5,0.0,3.640573362724528,-0.5,
SS-031688-PV1,2019-01-04,SLURRY,0.0,0.0,0.0,0.0,0.0,
SS-031689-PV1,2019-01-04,SLURRY,0.0,0.0,0.0,0.0,0.0,
SS-031690-PV1,2019-01-04,SLURRY,0.0,0.0,0.0,0.0,0.0,
SS-031419-PV1,2019-01-04,SLURRY,0.0,0.0,0.0,0.0,0.0,
SS-031811-PV1,2019-01-04,SLURRY,0.0,0.0,0.0,0.0,0.0,
SS-025992-PV1,2019-01-04,SLURRY,0.0,0.0,0.0,0.0,0.0,
SS-016260-PV1,2019-01-04,SLURRY,0.0,0.0,0.0,0.0,0.0,
SS-031687-PV1,2019-01-04,SLURRY,0.0,0.0,0.0,0.0,0.0,
SS-031795-PV1,2019-01-04,SLURRY,0.0,0.0,0.0,0.0,0.0,
SS-031446-PV1,2019-01-04,SLURRY,0.0,0.0,0.0,0.0,0.0,
SS-031422-PV1,2019-01-04,SLURRY,0.0,0.0,0.0,0.0,0.0,
SS-008551-PV1,2019-01-04,SLURRY,0.0,0.0,0.0,0.0,0.0,
SS-008550-PV1,2019-01-04,SLURRY,0.0,0.0,0.0,0.0,0.0,
SS-031796-PV1,2019-01-04,SLURRY,0.0,0.0,0.0,0.0,0.0,
SS-031444-PV1,2019-01-04,SLURRY,0.0,0.0,0.0,0.0,0.0,
SS-031447-PV1,2019-01-04,SLURRY,0.0,0.0,0.0,0.0,0.0,
SS-008552-PV1,2019-01-04,SLURRY,0.0,0.0,0.0,0.0,0.0,
SS-016251-PV1,2019-01-04,SLURRY,0.0,0.0,0.0,0.0,0.0,
SS-031426-PV1,2019-01-04,SLURRY,0.0,0.0,0.0,0.0,0.0,
SS-031424-PV1,2019-01-04,SLURRY,0.0,0.0,0.0,0.0,0.0,
SS-031445-PV1,2019-01-04,SLURRY,0.0,0.0,0.0,0.0,0.0,
SS-031423-PV1,2019-01-04,SLURRY,0.0,0.0,0.0,0.0,0.0,
SS-013655-PV1,2019-01-05,OVERLAY,0.0,0.0,0.0,0.0,0.0,
SS-013647-PV1,2019-01-05,OVERLAY,0.0,2.0,0.0,38.350994402062234,-2.0,
SS-013651-PV1,2019-01-05,OVERLAY,0.0,0.0,0.0,0.0,0.0,
SS-013650-PV1,2019-01-05,OVERLAY,0.5,0.0,10.037957929549504,0.0,0.5,100.0
SS-013648-PV1,2019-01-05,OVERLAY,0.0,0.0,0.0,0.0,0.0,
SS-021029-PV1,2019-01-05,OVERLAY,0.5,1.5,9.279378900238944,27.83813670071683,-1.0,-200.0
SS-013649-PV1,2019-01-05,OVERLAY,0.0,0.0,0.0,0.0,0.0,
SS-005876-PV1,2019-01-07,SLURRY,0.0,0.0,0.0,0.0,0.0,
SS-009829-PV1,2019-01-07,SLURRY,0.0,0.0,0.0,0.0,0.0,
SS-016253-PV1,2019-01-07,SLURRY,0.0,0.0,0.0,0.0,0.0,
SS-031804-PV1,2019-01-07,SLURRY,0.0,0.0,0.0,0.0,0.0,
SS-032119-PV1,2019-01-07,SLURRY,0.0,0.0,0.0,0.0,0.0,
SS-004638-PV1,2019-01-08,SLURRY,0.0,0.0,0.0,0.0,0.0,
SS-026851-PV1,2019-01-08,SLURRY,0.0,0.0,0.0,0.0,0.0,
SS-013474-PV1,2019-01-08,SLURRY,0.0,0.0,0.0,0.0,0.0,
SS-032130-PV1,2019-01-08,SLURRY,0.0,0.5,0.0,2.3236844975124695,-0.5,
SS-031805-PV1,2019-01-08,SLURRY,0.0,0.0,0.0,0.0,0.0,
SS-017770-PV1,2019-01-08,SLURRY,0.0,0.0,0.0,0.0,0.0,
SS-017772-PV1,2019-01-08,SLURRY,0.0,0.0,0.0,0.0,0.0,
SS-031793-PV1,2019-01-08,SLURRY,0.0,0.0,0.0,0.0,0.0,
SS-031792-PV1,2019-01-08,SLURRY,0.0,0.0,0.0,0.0,0.0,
SS-031808-PV1,2019-01-08,SLURRY,0.0,0.0,0.0,0.0,0.0,
SS-003806-PV1,2019-01-08,SLURRY,0.0,0.0,0.0,0.0,0.0,
SS-031459-PV1,2019-01-08,SLURRY,0.0,0.0,0.0,0.0,0.0,
SS-031790-PV1,2019-01-08,SLURRY,0.0,0.0,0.0,0.0,0.0,
SS-032101-PV1,2019-01-08,SLURRY,0.0,0.0,0.0,0.0,0.0,
SS-002661-PV1,2019-01-08,SLURRY,0.0,0.0,0.0,0.0,0.0,
SS-011254-PV1,2019-01-08,SLURRY,0.0,0.5,0.0,15.91721120812839,-0.5,
SS-003805-PV1,2019-01-08,SLURRY,0.0,0.0,0.0,0.0,0.0,
SS-032100-PV1,2019-01-08,SLURRY,0.0,0.0,0.0,0.0,0.0,
SS-032104-PV1,2019-01-08,SLURRY,0.0,0.0,0.0,0.0,0.0,
SS-024157-PV1,2019-01-09,SLURRY,0.0,0.0,0.0,0.0,0.0,
SS-027766-PV1,2019-01-09,SLURRY,0.0,0.0,0.0,0.0,0.0,
SS-031440-PV1,2019-01-09,SLURRY,0.0,0.0,0.0,0.0,0.0,
SS-022000-PV1,2019-01-09,SLURRY,0.0,0.0,0.0,0.0,0.0,
SS-032138-PV1,2019-01-09,SLURRY,0.0,0.0,0.0,0.0,0.0,
SS-016257-PV1,2019-01-09,SLURRY,0.0,0.0,0.0,0.0,0.0,
SS-031791-PV1,2019-01-09,SLURRY,0.0,0.0,0.0,0.0,0.0,
SS-031443-PV1,2019-01-09,SLURRY,0.0,0.0,0.0,0.0,0.0,
SS-022015-PV1,2019-01-09,SLURRY,0.0,0.0,0.0,0.0,0.0,
SS-022014-PV1,2019-01-09,SLURRY,0.0,0.0,0.0,0.0,0.0,
SS-022013-PV1,2019-01-09,SLURRY,0.0,0.0,0.0,0.0,0.0,
SS-016256-PV1,2019-01-09,SLURRY,0.0,0.0,0.0,0.0,0.0,
SS-022001-PV1,2019-01-09,SLURRY,0.0,0.0,0.0,0.0,0.0,
SS-005499-PV1,2019-01-09,SLURRY,0.0,0.0,0.0,0.0,0.0,
SS-023320-PV1,2019-01-09,SLURRY,0.0,0.0,0.0,0.0,0.0,
SS-013544-PV1,2019-01-09,SLURRY,0.0,0.0,0.0,0.0,0.0,
SS-016254-PV1,2019-01-09,SLURRY,0.0,0.0,0.0,0.0,0.0,
SS-017773-PV1,2019-01-09,SLURRY,0.0,0.0,0.0,0.0,0.0,
SS-003212-PV1,2019-01-09,SLURRY,0.0,0.0,0.0,0.0,0.0,
SS-003211-PV1,2019-01-09,SLURRY,0.0,0.0,0.0,0.0,0.0,
SS-003210-PV1,2019-01-09,SLURRY,0.0,0.0,0.0,0.0,0.0,
SS-009503-PV1,2019-01-09,SLURRY,0.0,0.0,0.0,0.0,0.0,
SS-016255-PV1,2019-01-09,SLURRY,0.0,0.0,0.0,0.0,0.0,
SS-021999-PV1,2019-01-09,SLURRY,0.0,0.0,0.0,0.0,0.0,
SS-010660-PV1,2019-01-09,OVERLAY,0.0,0.0,0.0,0.0,0.0,
SS-014709-PV1,2019-01-09,SLURRY,0.0,0.0,0.0,0.0,0.0,
SS-032093-PV1,2019-01-09,SLURRY,0.0,0.0,0.0,0.0,0.0,
SS-031438-PV1,2019-01-09,SLURRY,0.0,0.0,0.0,0.0,0.0,
SS-031439-PV1,2019-01-09,SLURRY,0.0,0.0,0.0,0.0,0.0,
SS-005800-PV1,2019-01-09,SLURRY,0.0,0.0,0.0,0.0,0.0,
SS-013138-PV1,2019-01-10,SLURRY,0.0,0.0,0.0,0.0,0.0,
SS-013137-PV1,2019-01-10,SLURRY,0.0,0.0,0.0,0.0,0.0,
SS-013136-PV1,2019-01-10,SLURRY,0.0,0.0,0.0,0.0,0.0,
SS-013135-PV1,2019-01-10,SLURRY,0.0,0.0,0.0,0.0,0.0,
SS-018947-PV1,2019-01-10,SLURRY,0.0,0.0,0.0,0.0,0.0,
SS-013134-PV1,2019-01-10,SLURRY,0.0,0.0,0.0,0.0,0.0,
SS-022003-PV1,2019-01-10,SLURRY,0.0,0.0,0.0,0.0,0.0,
SS-013140-PV1,2019-01-10,SLURRY,0.0,0.0,0.0,0.0,0.0,
SS-019543-PV1,2019-01-10,SLURRY,0.0,0.0,0.0,0.0,0.0,
SS-018946-PV1,2019-01-10,SLURRY,0.0,0.0,0.0,0.0,0.0,
SS-024156-PV1,2019-01-10,SLURRY,0.0,0.0,0.0,0.0,0.0,
SS-024155-PV1,2019-01-10,SLURRY,0.0,0.0,0.0,0.0,0.0,
SS-014708-PV1,2019-01-10,SLURRY,0.0,0.0,0.0,0.0,0.0,
SS-017768-PV1,2019-01-10,SLURRY,0.0,0.5,0.0,5.0257943182253,-0.5,
SS-017769-PV1,2019-01-10,SLURRY,0.0,0.0,0.0,0.0,0.0,
SS-005874-PV1,2019-01-11,SLURRY,0.0,0.0,0.0,0.0,0.0,
SS-009512-PV1,2019-01-11,SLURRY,0.0,0.0,0.0,0.0,0.0,
SS-009511-PV1,2019-01-11,SLURRY,0.0,0.0,0.0,0.0,0.0,
SS-009510-PV1,2019-01-11,SLURRY,0.0,0.0,0.0,0.0,0.0,
SS-009509-PV1,2019-01-11,SLURRY,0.0,0.0,0.0,0.0,0.0,
SS-009508-PV1,2019-01-11,SLURRY,0.0,0.5,0.0,6.3906796778322805,-0.5,
SS-022002-PV1,2019-01-11,SLURRY,0.0,0.0,0.0,0.0,0.0,
SS-005935-PV1,2019-01-11,SLURRY,0.0,0.0,0.0,0.0,0.0,
SS-005875-PV1,2019-01-11,SLURRY,0.0,0.0,0.0,0.0,0.0,
SS-013121-PV1,2019-01-15,OVERLAY,0.0,0.0,0.0,0.0,0.0,
SS-005782-PV1,2019-01-20,SLURRY,3.0,4.0,2.8191079349399004,3.7588105799198677,-1.0,-33.33333333333333
SS-010805-PV1,2019-01-22,OVERLAY,2.0,5.0,23.618264433309268,59.045661083273174,-3.0,-150.0
SS-021947-PV1,2019-01-22,SLURRY,0.0,0.0,0.0,0.0,0.0,
SS-005936-PV1,2019-01-22,SLURRY,0.0,0.0,0.0,0.0,0.0,
SS-012226-PV1,2019-01-22,OVERLAY,0.0,0.0,0.0,0.0,0.0,
SS-021411-PV1,2019-01-23,SLURRY,0.0,0.0,0.0,0.0,0.0,
SS-009507-PV1,2019-01-23,SLURRY,0.0,0.0,0.0,0.0,0.0,
SS-005872-PV1,2019-01-23,SLURRY,0.0,0.0,0.0,0.0,0.0,
SS-009506-PV1,2019-01-23,SLURRY,0.0,0.0,0.0,0.0,0.0,
SS-005873-PV1,2019-01-23,SLURRY,0.0,0.0,0.0,0.0,0.0,
SS-005530-PV1,2019-01-23,SLURRY,0.0,0.0,0.0,0.0,0.0,
SS-027822-PV1,2019-01-23,SLURRY,0.0,0.0,0.0,0.0,0.0,
SS-009505-PV1,2019-01-23,SLURRY,0.0,0.0,0.0,0.0,0.0,
SS-005934-PV1,2019-01-23,SLURRY,0.0,0.0,0.0,0.0,0.0,
SS-017774-PV1,2019-01-23,SLURRY,0.0,0.0,0.0,0.0,0.0,
SS-009504-PV1,2019-01-24,SLURRY,0.0,0.0,0.0,0.0,0.0,
SS-008350-PV1,2019-01-24,SLURRY,0.0,0.0,0.0,0.0,0.0,
SS-008342-PV1,2019-01-24,SLURRY,0.0,0.0,0.0,0.0,0.0,
SS-017775-PV1,2019-01-24,SLURRY,0.5,0.0,1.9115222943596626,0.0,0.5,100.0
SS-005531-PV1,2019-01-24,SLURRY,0.0,0.0,0.0,0.0,0.0,
SS-030751-PV1,2019-01-25,OVERLAY,0.0,0.0,0.0,0.0,0.0,
SS-031030-PV1,2019-01-25,OVERLAY,0.0,0.0,0.0,0.0,0.0,
SS-031023-PV1,2019-01-25,OVERLAY,0.0,0.0,0.0,0.0,0.0,
SS-030755-PV1,2019-01-25,OVERLAY,0.0,0.0,0.0,0.0,0.0,
SS-030753-PV1,2019-01-25,OVERLAY,0.0,0.0,0.0,0.0,0.0,
SS-031031-PV1,2019-01-25,OVERLAY,0.0,0.0,0.0,0.0,0.0,
SS-031024-PV1,2019-01-25,OVERLAY,0.0,0.0,0.0,0.0,0.0,
SS-031026-PV1,2019-01-25,OVERLAY,0.0,0.0,0.0,0.0,0.0,
SS-030754-PV1,2019-01-25,OVERLAY,0.0,1.5,0.0,12.000370920555726,-1.5,
SS-031025-PV1,2019-01-25,OVERLAY,0.0,0.0,0.0,0.0,0.0,
SS-031027-PV1,2019-01-25,OVERLAY,0.5,0.5,8.95075154103801,8.95075154103801,0.0,0.0
SS-006684-PV1,2019-01-25,OVERLAY,0.0,0.0,0.0,0.0,0.0,
SS-007462-PV1,2019-01-25,CONCRETE,0.0,0.0,0.0,0.0,0.0,
SS-031034-PV1,2019-01-25,OVERLAY,0.0,0.0,0.0,0.0,0.0,
SS-031033-PV1,2019-01-25,OVERLAY,0.0,0.5,0.0,5.247599223355315,-0.5,
SS-031032-PV1,2019-01-25,OVERLAY,0.0,0.0,0.0,0.0,0.0,
SS-027933-PV1,2019-01-28,OVERLAY,0.0,0.0,0.0,0.0,0.0,
SS-022406-PV1,2019-01-29,OVERLAY,0.0,0.0,0.0,0.0,0.0,
SS-006694-PV1,2019-01-29,SLURRY,0.0,0.0,0.0,0.0,0.0,
SS-010039-PV1,2019-01-29,SLURRY,1.5,1.0,37.98978400985048,25.326522673233654,0.5,33.33333333333333
SS-026880-PV1,2019-01-29,SLURRY,0.0,0.0,0.0,0.0,0.0,
SS-026105-PV1,2019-01-29,SLURRY,0.0,0.0,0.0,0.0,0.0,
SS-026315-PV1,2019-01-29,OVERLAY,0.0,0.0,0.0,0.0,0.0,
SS-028107-PV1,2019-01-29,OVERLAY,0.0,0.0,0.0,0.0,0.0,
SS-006698-PV1,2019-01-29,SLURRY,0.0,0.0,0.0,0.0,0.0,
SS-022405-PV1,2019-01-29,OVERLAY,0.0,0.0,0.0,0.0,0.0,
SS-006695-PV1,2019-01-29,SLURRY,0.0,0.0,0.0,0.0,0.0,
SS-022407-PV1,2019-01-29,OVERLAY,0.0,0.0,0.0,0.0,0.0,
SS-028102-PV1,2019-01-29,OVERLAY,0.0,0.0,0.0,0.0,0.0,
SS-010045-PV1,2019-01-29,SLURRY,0.0,0.0,0.0,0.0,0.0,
SS-006696-PV1,2019-01-29,SLURRY,0.0,0.0,0.0,0.0,0.0,
SS-027892-PV1,2019-01-29,OVERLAY,0.0,0.0,0.0,0.0,0.0,
SS-028098-PV1,2019-01-29,OVERLAY,0.0,0.0,0.0,0.0,0.0,
SS-028099-PV1,2019-01-29,OVERLAY,0.0,0.0,0.0,0.0,0.0,
SS-028100-PV1,2019-01-29,OVERLAY,0.0,0.0,0.0,0.0,0.0,
SS-006697-PV1,2019-01-29,SLURRY,0.0,0.0,0.0,0.0,0.0,
SS-028101-PV1,2019-01-29,OVERLAY,0.0,0.0,0.0,0.0,0.0,
SS-013880-PV1,2019-01-30,OVERLAY,0.5,1.0,4.56730415737131,9.13460831474262,-0.5,-100.0
SS-026136-PV1,2019-01-30,OVERLAY,0.0,0.0,0.0,0.0,0.0,
SS-020837-PV1,2019-01-30,OVERLAY,0.0,0.0,0.0,0.0,0.0,
SS-017938-PV1,2019-01-30,OVERLAY,0.0,0.0,0.0,0.0,0.0,
SS-006575-PV1,2019-01-30,OVERLAY,0.0,0.0,0.0,0.0,0.0,
SS-026135-PV1,2019-01-30,OVERLAY,0.0,0.0,0.0,0.0,0.0,
SS-027939-PV1,2019-01-30,OVERLAY,0.0,0.0,0.0,0.0,0.0,
SS-006144-PV1,2019-01-30,SLURRY,0.0,0.0,0.0,0.0,0.0,
SS-028097-PV1,2019-01-30,OVERLAY,0.0,0.0,0.0,0.0,0.0,
SS-033101-PV1,2019-01-30,SLURRY,0.0,0.0,0.0,0.0,0.0,
SS-017937-PV1,2019-01-30,OVERLAY,0.0,0.0,0.0,0.0,0.0,
SS-006142-PV1,2019-01-30,SLURRY,0.0,0.0,0.0,0.0,0.0,
SS-026726-PV1,2019-02-01,SLURRY,0.0,0.0,0.0,0.0,0.0,
SS-028560-PV1,2019-02-01,SLURRY,0.0,0.0,0.0,0.0,0.0,
SS-012263-PV1,2019-02-07,SLURRY,0.0,0.0,0.0,0.0,0.0,
SS-023180-PV1,2019-02-07,OVERLAY,0.0,0.0,0.0,0.0,0.0,
SS-023318-PV1,2019-02-07,SLURRY,0.0,0.0,0.0,0.0,0.0,
SS-023317-PV1,2019-02-07,SLURRY,0.0,0.0,0.0,0.0,0.0,
SS-012265-PV1,2019-02-07,SLURRY,0.0,0.0,0.0,0.0,0.0,
SS-020009-PV1,2019-02-07,OVERLAY,0.0,0.0,0.0,0.0,0.0,
SS-020159-PV1,2019-02-07,SLURRY,0.0,0.0,0.0,0.0,0.0,
SS-013926-PV1,2019-02-07,SLURRY,0.0,0.0,0.0,0.0,0.0,
SS-012647-PV1,2019-02-07,SLURRY,0.0,0.0,0.0,0.0,0.0,
SS-028034-PV1,2019-02-07,SLURRY,0.0,0.0,0.0,0.0,0.0,
SS-004600-PV1,2019-02-07,SLURRY,0.0,0.0,0.0,0.0,0.0,
SS-004601-PV1,2019-02-07,SLURRY,0.0,0.0,0.0,0.0,0.0,
SS-001013-PV1,2019-02-07,OVERLAY,0.0,0.0,0.0,0.0,0.0,
SS-001012-PV1,2019-02-07,OVERLAY,0.0,0.0,0.0,0.0,0.0,
SS-017041-PV1,2019-02-07,SLURRY,0.0,0.0,0.0,0.0,0.0,
SS-015579-PV1,2019-02-07,SLURRY,0.0,0.0,0.0,0.0,0.0,
SS-012652-PV1,2019-02-07,SLURRY,0.0,0.5,0.0,8.275862068965518,-0.5,
SS-020158-PV1,2019-02-08,SLURRY,0.5,0.0,1.9509161324802116,0.0,0.5,100.0
SS-007461-PV1,2019-02-08,CONCRETE,0.0,0.0,0.0,0.0,0.0,
SS-028593-PV1,2019-02-08,SLURRY,0.0,0.0,0.0,0.0,0.0,
SS-013925-PV1,2019-02-08,SLURRY,0.0,0.0,0.0,0.0,0.0,
SS-021876-PV1,2019-02-08,SLURRY,0.0,0.0,0.0,0.0,0.0,
SS-028033-PV1,2019-02-08,SLURRY,0.0,0.0,0.0,0.0,0.0,
SS-021875-PV1,2019-02-08,SLURRY,0.0,0.0,0.0,0.0,0.0,
SS-002696-PV1,2019-02-08,SLURRY,0.0,0.0,0.0,0.0,0.0,
SS-002448-PV1,2019-02-08,SLURRY,0.0,0.0,0.0,0.0,0.0,
SS-027938-PV1,2019-02-08,OVERLAY,0.0,0.5,0.0,1.5298367716318195,-0.5,
SS-002695-PV1,2019-02-08,SLURRY,0.0,0.0,0.0,0.0,0.0,
SS-027875-PV1,2019-02-08,SLURRY,0.0,0.0,0.0,0.0,0.0,
SS-004586-PV1,2019-02-08,SLURRY,0.0,0.0,0.0,0.0,0.0,
SS-004510-PV1,2019-02-08,SLURRY,0.0,0.0,0.0,0.0,0.0,
SS-004587-PV1,2019-02-08,SLURRY,0.0,0.0,0.0,0.0,0.0,
SS-002449-PV1,2019-02-08,SLURRY,0.0,0.5,0.0,7.564469914040115,-0.5,
SS-004509-PV1,2019-02-08,SLURRY,0.0,0.0,0.0,0.0,0.0,
SS-028596-PV1,2019-02-08,SLURRY,0.0,0.0,0.0,0.0,0.0,
SS-028592-PV1,2019-02-11,SLURRY,0.0,0.0,0.0,0.0,0.0,
SS-018026-PV1,2019-02-11,SLURRY,0.0,0.0,0.0,0.0,0.0,
SS-017810-PV1,2019-02-11,SLURRY,0.0,0.0,0.0,0.0,0.0,
SS-013081-PV1,2019-02-11,SLURRY,0.0,0.0,0.0,0.0,0.0,
SS-027937-PV1,2019-02-11,OVERLAY,0.0,0.0,0.0,0.0,0.0,
SS-013080-PV1,2019-02-11,SLURRY,0.0,0.0,0.0,0.0,0.0,
SS-013079-PV1,2019-02-11,SLURRY,0.0,0.0,0.0,0.0,0.0,
SS-027934-PV1,2019-02-11,OVERLAY,0.0,0.0,0.0,0.0,0.0,
SS-027936-PV1,2019-02-11,OVERLAY,0.0,0.0,0.0,0.0,0.0,
SS-027935-PV1,2019-02-11,OVERLAY,0.0,0.0,0.0,0.0,0.0,
SS-028103-PV1,2019-02-12,OVERLAY,0.0,0.0,0.0,0.0,0.0,
SS-028106-PV1,2019-02-12,OVERLAY,0.0,0.0,0.0,0.0,0.0,
SS-017809-PV1,2019-02-12,SLURRY,0.0,1.5,0.0,10.230813349661299,-1.5,
SS-027637-PV1,2019-02-12,SLURRY,0.0,0.0,0.0,0.0,0.0,
SS-017808-PV1,2019-02-12,SLURRY,1.5,2.0,6.625497675680047,8.83399690090673,-0.5,-33.33333333333333
SS-028105-PV1,2019-02-12,OVERLAY,0.0,0.0,0.0,0.0,0.0,
SS-028104-PV1,2019-02-12,OVERLAY,0.0,0.0,0.0,0.0,0.0,
SS-001288-PV1,2019-02-12,SLURRY,0.0,0.0,0.0,0.0,0.0,
SS-031184-PV1,2019-02-19,SLURRY,0.0,0.0,0.0,0.0,0.0,
SS-031193-PV1,2019-02-19,SLURRY,0.0,0.0,0.0,0.0,0.0,
SS-031172-PV1,2019-02-19,SLURRY,0.0,0.0,0.0,0.0,0.0,
SS-031173-PV1,2019-02-19,SLURRY,0.0,0.0,0.0,0.0,0.0,
SS-031174-PV1,2019-02-19,SLURRY,0.0,0.0,0.0,0.0,0.0,
SS-028680-PV1,2019-02-19,SLURRY,0.0,0.0,0.0,0.0,0.0,
SS-031167-PV1,2019-02-19,SLURRY,0.0,0.0,0.0,0.0,0.0,
SS-031168-PV1,2019-02-19,SLURRY,0.0,0.0,0.0,0.0,0.0,
SS-011787-PV1,2019-02-19,SLURRY,0.0,0.0,0.0,0.0,0.0,
SS-031185-PV1,2019-02-19,SLURRY,0.0,0.0,0.0,0.0,0.0,
SS-031192-PV1,2019-02-19,SLURRY,0.0,0.0,0.0,0.0,0.0,
SS-006706-PV1,2019-02-19,SLURRY,0.0,0.0,0.0,0.0,0.0,
SS-031186-PV1,2019-02-19,SLURRY,0.0,0.0,0.0,0.0,0.0,
SS-028407-PV1,2019-02-19,SLURRY,0.0,0.0,0.0,0.0,0.0,
SS-031191-PV1,2019-02-19,SLURRY,0.0,0.0,0.0,0.0,0.0,
SS-031614-PV1,2019-02-19,SLURRY,0.0,0.0,0.0,0.0,0.0,
SS-004718-PV1,2019-02-19,SLURRY,0.0,0.0,0.0,0.0,0.0,
SS-018086-PV1,2019-02-19,SLURRY,0.0,0.0,0.0,0.0,0.0,
SS-028409-PV1,2019-02-19,SLURRY,0.0,0.0,0.0,0.0,0.0,
SS-028681-PV1,2019-02-19,SLURRY,0.0,0.0,0.0,0.0,0.0,
SS-028385-PV1,2019-02-19,SLURRY,0.0,0.0,0.0,0.0,0.0,
SS-006705-PV1,2019-02-19,SLURRY,0.0,0.0,0.0,0.0,0.0,
SS-031617-PV1,2019-02-19,SLURRY,0.0,0.5,0.0,18.99607198647825,-0.5,
SS-018090-PV1,2019-02-19,SLURRY,0.0,0.0,0.0,0.0,0.0,
SS-025597-PV1,2019-02-19,SLURRY,0.0,0.0,0.0,0.0,0.0,
SS-028682-PV1,2019-02-19,SLURRY,0.0,0.0,0.0,0.0,0.0,
SS-028408-PV1,2019-02-19,SLURRY,0.0,0.0,0.0,0.0,0.0,
SS-003953-PV1,2019-02-20,SLURRY,0.0,0.0,0.0,0.0,0.0,
SS-002698-PV1,2019-02-20,SLURRY,0.0,0.0,0.0,0.0,0.0,
SS-026157-PV1,2019-02-20,SLURRY,0.0,0.0,0.0,0.0,0.0,
SS-031166-PV1,2019-02-20,SLURRY,0.0,0.0,0.0,0.0,0.0,
SS-002504-PV1,2019-02-20,SLURRY,0.0,0.0,0.0,0.0,0.0,
SS-002697-PV1,2019-02-20,SLURRY,0.0,0.0,0.0,0.0,0.0,
SS-003801-PV1,2019-02-20,SLURRY,0.0,0.0,0.0,0.0,0.0,
SS-011406-PV1,2019-02-20,SLURRY,0.0,0.0,0.0,0.0,0.0,
SS-003802-PV1,2019-02-20,SLURRY,0.0,0.0,0.0,0.0,0.0,
SS-003803-PV1,2019-02-20,SLURRY,0.0,0.0,0.0,0.0,0.0,
SS-027991-PV1,2019-02-20,SLURRY,0.0,0.0,0.0,0.0,0.0,
SS-026155-PV1,2019-02-20,SLURRY,0.0,0.0,0.0,0.0,0.0,
SS-026156-PV1,2019-02-20,SLURRY,0.0,0.0,0.0,0.0,0.0,
SS-002503-PV1,2019-02-20,SLURRY,0.0,0.0,0.0,0.0,0.0,
SS-003895-PV1,2019-02-20,SLURRY,0.0,0.0,0.0,0.0,0.0,
SS-006585-PV1,2019-02-20,SLURRY,0.0,0.0,0.0,0.0,0.0,
SS-002983-PV1,2019-02-20,SLURRY,0.0,0.0,0.0,0.0,0.0,
SS-031619-PV1,2019-02-20,SLURRY,0.0,0.0,0.0,0.0,0.0,
SS-003319-PV1,2019-02-20,SLURRY,0.0,0.0,0.0,0.0,0.0,
SS-005104-PV1,2019-02-20,SLURRY,0.0,0.0,0.0,0.0,0.0,
SS-031618-PV1,2019-02-20,SLURRY,0.0,0.0,0.0,0.0,0.0,
SS-017300-PV1,2019-02-20,SLURRY,0.0,0.0,0.0,0.0,0.0,
SS-002972-PV1,2019-02-20,SLURRY,0.0,0.0,0.0,0.0,0.0,
SS-002973-PV1,2019-02-20,SLURRY,0.0,0.5,0.0,3.910012831951202,-0.5,
SS-002984-PV1,2019-02-20,SLURRY,0.0,0.0,0.0,0.0,0.0,
SS-005105-PV1,2019-02-20,SLURRY,0.0,0.0,0.0,0.0,0.0,
SS-002990-PV1,2019-02-20,SLURRY,0.0,0.0,0.0,0.0,0.0,
SS-002992-PV1,2019-02-20,SLURRY,0.0,0.0,0.0,0.0,0.0,
SS-021714-PV1,2019-02-20,SLURRY,0.5,0.0,7.6575253024649985,0.0,0.5,100.0
SS-021716-PV1,2019-02-20,SLURRY,0.0,0.0,0.0,0.0,0.0,
SS-013615-PV1,2019-02-20,SLURRY,0.0,0.0,0.0,0.0,0.0,
SS-013616-PV1,2019-02-20,SLURRY,0.0,0.5,0.0,1.3760358970237283,-0.5,
SS-007388-PV1,2019-02-20,SLURRY,0.0,0.0,0.0,0.0,0.0,
SS-007387-PV1,2019-02-20,SLURRY,0.0,0.0,0.0,0.0,0.0,
SS-007386-PV1,2019-02-20,SLURRY,0.0,0.0,0.0,0.0,0.0,
SS-002991-PV1,2019-02-20,SLURRY,0.0,0.0,0.0,0.0,0.0,
SS-031620-PV1,2019-02-20,SLURRY,0.0,0.0,0.0,0.0,0.0,
SS-011369-PV1,2019-02-20,SLURRY,0.0,0.0,0.0,0.0,0.0,
SS-031623-PV1,2019-02-20,SLURRY,0.0,0.0,0.0,0.0,0.0,
SS-006583-PV1,2019-02-20,SLURRY,0.0,0.0,0.0,0.0,0.0,
SS-006584-PV1,2019-02-20,SLURRY,0.0,0.0,0.0,0.0,0.0,
SS-005136-PV1,2019-02-20,SLURRY,0.0,0.0,0.0,0.0,0.0,
SS-005138-PV1,2019-02-20,SLURRY,0.0,0.0,0.0,0.0,0.0,
SS-005137-PV1,2019-02-20,SLURRY,0.0,0.0,0.0,0.0,0.0,
SS-031181-PV1,2019-02-22,SLURRY,0.0,0.0,0.0,0.0,0.0,
SS-031175-PV1,2019-02-22,SLURRY,0.0,0.0,0.0,0.0,0.0,
SS-031199-PV1,2019-02-22,SLURRY,0.0,0.0,0.0,0.0,0.0,
SS-001287-PV1,2019-02-22,OVERLAY,0.0,0.5,0.0,3.893805309734513,-0.5,
SS-006857-PV1,2019-02-22,SLURRY,0.0,0.0,0.0,0.0,0.0,
SS-031196-PV1,2019-02-22,SLURRY,0.0,0.0,0.0,0.0,0.0,
SS-031170-PV1,2019-02-22,SLURRY,0.0,0.0,0.0,0.0,0.0,
SS-031182-PV1,2019-02-22,SLURRY,0.0,0.0,0.0,0.0,0.0,
SS-031194-PV1,2019-02-22,SLURRY,0.0,0.0,0.0,0.0,0.0,
SS-031188-PV1,2019-02-22,SLURRY,0.0,0.0,0.0,0.0,0.0,
SS-017940-PV1,2019-02-23,OVERLAY,0.0,0.5,0.0,14.017426209401233,-0.5,
SS-017936-PV1,2019-02-23,OVERLAY,1.5,1.0,13.722036585860272,9.148024390573514,0.5,33.33333333333333
SS-017935-PV1,2019-02-23,OVERLAY,0.0,0.0,0.0,0.0,0.0,
SS-018112-PV1,2019-02-23,SLURRY,0.0,0.0,0.0,0.0,0.0,
SS-018115-PV1,2019-02-23,SLURRY,0.5,5.0,1.6009645568884865,16.009645568884867,-4.5,-900.0
SS-017939-PV1,2019-02-23,OVERLAY,0.0,0.0,0.0,0.0,0.0,
SS-028072-PV1,2019-02-23,OVERLAY,1.0,0.0,5.752145288731548,0.0,1.0,100.0
SS-018114-PV1,2019-02-23,SLURRY,1.0,0.5,1.9764630206014828,0.9882315103007414,0.5,50.0
SS-018113-PV1,2019-02-23,SLURRY,0.0,1.0,0.0,4.780506398680653,-1.0,
SS-028595-PV1,2019-02-23,SLURRY,0.0,0.0,0.0,0.0,0.0,
SS-003353-PV1,2019-02-25,SLURRY,0.0,0.0,0.0,0.0,0.0,
SS-031179-PV1,2019-02-25,SLURRY,0.0,0.0,0.0,0.0,0.0,
SS-004830-PV1,2019-02-25,SLURRY,0.0,0.0,0.0,0.0,0.0,
SS-003352-PV1,2019-02-25,SLURRY,0.0,0.0,0.0,0.0,0.0,
SS-003351-PV1,2019-02-25,SLURRY,0.0,0.0,0.0,0.0,0.0,
SS-004778-PV1,2019-02-25,SLURRY,0.0,0.5,0.0,1.2432635366439684,-0.5,
SS-006982-PV1,2019-02-25,SLURRY,0.0,0.0,0.0,0.0,0.0,
SS-027873-PV1,2019-02-25,SLURRY,0.0,0.0,0.0,0.0,0.0,
SS-031190-PV1,2019-02-25,SLURRY,0.0,0.0,0.0,0.0,0.0,
SS-031332-PV1,2019-02-25,SLURRY,0.0,0.0,0.0,0.0,0.0,
SS-027874-PV1,2019-02-25,SLURRY,0.0,0.0,0.0,0.0,0.0,
SS-006858-PV1,2019-02-25,SLURRY,0.0,0.0,0.0,0.0,0.0,
SS-031164-PV1,2019-02-26,SLURRY,0.0,0.0,0.0,0.0,0.0,
SS-021717-PV1,2019-02-26,SLURRY,0.0,0.5,0.0,11.601652004932461,-0.5,
SS-031165-PV1,2019-02-26,SLURRY,0.0,0.0,0.0,0.0,0.0,
SS-013609-PV1,2019-02-26,SLURRY,0.0,0.0,0.0,0.0,0.0,
SS-006984-PV1,2019-02-26,SLURRY,0.0,0.0,0.0,0.0,0.0,
SS-023903-PV1,2019-02-26,SLURRY,0.0,0.0,0.0,0.0,0.0,
SS-003908-PV1,2019-02-26,SLURRY,0.0,0.0,0.0,0.0,0.0,
SS-031177-PV1,2019-02-26,SLURRY,0.0,0.0,0.0,0.0,0.0,
SS-031180-PV1,2019-02-26,SLURRY,0.0,0.0,0.0,0.0,0.0,
SS-003907-PV1,2019-02-26,SLURRY,0.0,0.0,0.0,0.0,0.0,
SS-003901-PV1,2019-02-26,SLURRY,0.0,2.0,0.0,55.56666421106914,-2.0,
SS-003900-PV1,2019-02-26,SLURRY,0.0,0.5,0.0,9.960486298106035,-0.5,
SS-003899-PV1,2019-02-26,SLURRY,0.0,0.0,0.0,0.0,0.0,
SS-003898-PV1,2019-02-26,SLURRY,0.0,0.0,0.0,0.0,0.0,
SS-003897-PV1,2019-02-26,SLURRY,0.0,0.0,0.0,0.0,0.0,
SS-003896-PV1,2019-02-26,SLURRY,0.0,0.0,0.0,0.0,0.0,
SS-031195-PV1,2019-02-26,SLURRY,0.0,0.0,0.0,0.0,0.0,
SS-031197-PV1,2019-02-26,SLURRY,0.0,0.0,0.0,0.0,0.0,
SS-031198-PV1,2019-02-26,SLURRY,0.0,0.0,0.0,0.0,0.0,
SS-006983-PV1,2019-02-26,SLURRY,0.0,0.0,0.0,0.0,0.0,
SS-017659-PV1,2019-02-26,SLURRY,0.0,0.0,0.0,0.0,0.0,
SS-031178-PV1,2019-02-26,SLURRY,0.0,0.0,0.0,0.0,0.0,
SS-003012-PV1,2019-02-26,SLURRY,0.0,0.0,0.0,0.0,0.0,
SS-031398-PV1,2019-02-26,SLURRY,0.0,0.0,0.0,0.0,0.0,
SS-003011-PV1,2019-02-26,SLURRY,0.0,0.5,0.0,4.035379270623539,-0.5,
SS-017654-PV1,2019-02-27,SLURRY,0.0,0.0,0.0,0.0,0.0,
SS-028387-PV1,2019-02-27,SLURRY,0.0,0.0,0.0,0.0,0.0,
SS-028388-PV1,2019-02-27,SLURRY,0.0,0.0,0.0,0.0,0.0,
SS-031621-PV1,2019-02-27,SLURRY,0.0,0.0,0.0,0.0,0.0,
SS-031169-PV1,2019-02-27,SLURRY,0.0,0.0,0.0,0.0,0.0,
SS-031183-PV1,2019-02-27,SLURRY,0.0,0.0,0.0,0.0,0.0,
SS-031625-PV1,2019-02-27,SLURRY,0.0,0.0,0.0,0.0,0.0,
SS-007781-PV1,2019-02-27,SLURRY,0.0,0.0,0.0,0.0,0.0,
SS-031616-PV1,2019-02-27,SLURRY,0.0,0.0,0.0,0.0,0.0,
SS-031624-PV1,2019-02-27,SLURRY,0.0,0.0,0.0,0.0,0.0,
SS-031615-PV1,2019-02-27,SLURRY,0.0,0.0,0.0,0.0,0.0,
SS-028386-PV1,2019-02-27,SLURRY,0.0,0.0,0.0,0.0,0.0,
SS-003013-PV1,2019-02-27,SLURRY,0.0,0.0,0.0,0.0,0.0,
SS-003904-PV1,2019-02-27,SLURRY,0.0,0.0,0.0,0.0,0.0,
SS-017811-PV1,2019-02-27,SLURRY,0.5,1.5,1.4018334282048885,4.205500284614666,-1.0,-200.0
SS-022587-PV1,2019-02-27,SLURRY,0.0,0.0,0.0,0.0,0.0,
SS-022585-PV1,2019-02-27,SLURRY,0.0,0.0,0.0,0.0,0.0,
SS-002916-PV1,2019-02-27,SLURRY,0.0,0.0,0.0,0.0,0.0,
SS-012324-PV1,2019-02-27,SLURRY,0.0,5.0,0.0,12.258900739727146,-5.0,
SS-012202-PV1,2019-02-27,SLURRY,0.0,0.0,0.0,0.0,0.0,
SS-012200-PV1,2019-02-27,SLURRY,0.0,0.0,0.0,0.0,0.0,
SS-012201-PV1,2019-02-27,SLURRY,0.0,0.0,0.0,0.0,0.0,
SS-003905-PV1,2019-02-27,SLURRY,0.0,0.0,0.0,0.0,0.0,
SS-027992-PV1,2019-02-27,SLURRY,0.0,0.0,0.0,0.0,0.0,
SS-004422-PV1,2019-02-27,SLURRY,0.0,0.0,0.0,0.0,0.0,
SS-011157-PV1,2019-02-27,SLURRY,0.0,0.0,0.0,0.0,0.0,
SS-015226-PV1,2019-02-27,SLURRY,1.0,2.0,5.670518394925401,11.341036789850802,-1.0,-100.0
SS-003014-PV1,2019-02-27,SLURRY,0.0,0.0,0.0,0.0,0.0,
SS-003906-PV1,2019-02-27,SLURRY,0.0,0.0,0.0,0.0,0.0,
SS-021715-PV1,2019-02-27,SLURRY,0.0,0.0,0.0,0.0,0.0,
SS-003322-PV1,2019-02-28,SLURRY,0.0,0.0,0.0,0.0,0.0,
SS-031187-PV1,2019-02-28,SLURRY,0.0,0.0,0.0,0.0,0.0,
SS-022889-PV1,2019-02-28,SLURRY,0.0,0.0,0.0,0.0,0.0,
SS-026609-PV1,2019-02-28,SLURRY,0.0,0.0,0.0,0.0,0.0,
SS-031189-PV1,2019-02-28,SLURRY,0.0,0.0,0.0,0.0,0.0,
SS-006320-PV1,2019-02-28,SLURRY,0.0,0.0,0.0,0.0,0.0,
SS-022888-PV1,2019-02-28,SLURRY,0.0,0.0,0.0,0.0,0.0,
SS-003321-PV1,2019-02-28,SLURRY,0.0,0.0,0.0,0.0,0.0,
SS-028792-PV1,2019-02-28,SLURRY,0.0,0.0,0.0,0.0,0.0,
SS-003016-PV1,2019-02-28,SLURRY,0.0,0.0,0.0,0.0,0.0,
SS-022094-PV1,2019-02-28,SLURRY,0.0,0.0,0.0,0.0,0.0,
SS-022093-PV1,2019-02-28,SLURRY,0.0,0.0,0.0,0.0,0.0,
SS-017982-PV1,2019-02-28,SLURRY,0.0,0.0,0.0,0.0,0.0,
SS-009285-PV1,2019-02-28,SLURRY,0.0,0.0,0.0,0.0,0.0,
SS-009284-PV1,2019-02-28,SLURRY,0.0,0.0,0.0,0.0,0.0,
SS-010116-PV1,2019-02-28,SLURRY,0.0,0.0,0.0,0.0,0.0,
SS-003320-PV1,2019-02-28,SLURRY,0.0,0.0,0.0,0.0,0.0,
SS-010115-PV1,2019-02-28,SLURRY,0.0,0.0,0.0,0.0,0.0,
SS-010113-PV1,2019-02-28,SLURRY,0.0,0.0,0.0,0.0,0.0,
SS-010112-PV1,2019-02-28,SLURRY,0.0,0.0,0.0,0.0,0.0,
SS-024269-PV1,2019-02-28,SLURRY,0.0,0.0,0.0,0.0,0.0,
SS-003019-PV1,2019-02-28,SLURRY,0.0,0.0,0.0,0.0,0.0,
SS-003018-PV1,2019-02-28,SLURRY,0.5,0.0,9.788588730219821,0.0,0.5,100.0
SS-003017-PV1,2019-02-28,SLURRY,0.0,0.0,0.0,0.0,0.0,
SS-010114-PV1,2019-02-28,SLURRY,0.0,0.0,0.0,0.0,0.0,
SS-003015-PV1,2019-02-28,SLURRY,0.0,0.0,0.0,0.0,0.0,
SS-007783-PV1,2019-02-28,SLURRY,0.0,0.0,0.0,0.0,0.0,
SS-008698-PV1,2019-02-28,SLURRY,0.0,0.0,0.0,0.0,0.0,
SS-028791-PV1,2019-02-28,SLURRY,0.0,0.0,0.0,0.0,0.0,
SS-009084-PV1,2019-02-28,SLURRY,0.0,0.0,0.0,0.0,0.0,
SS-009085-PV1,2019-02-28,SLURRY,0.0,0.0,0.0,0.0,0.0,
SS-009086-PV1,2019-02-28,SLURRY,0.0,0.0,0.0,0.0,0.0,
SS-028283-PV1,2019-02-28,SLURRY,0.0,0.0,0.0,0.0,0.0,
SS-031171-PV1,2019-02-28,SLURRY,0.0,0.0,0.0,0.0,0.0,
SS-012607-PV1,2019-03-01,SLURRY,0.0,0.0,0.0,0.0,0.0,
SS-031626-PV1,2019-03-01,SLURRY,0.0,0.0,0.0,0.0,0.0,
SS-025722-PV1,2019-03-01,OVERLAY,0.5,0.0,3.067960912318607,0.0,0.5,100.0
SS-025729-PV1,2019-03-01,OVERLAY,0.0,0.0,0.0,0.0,0.0,
SS-025749-PV1,2019-03-01,SLURRY,0.0,0.0,0.0,0.0,0.0,
SS-007458-PV1,2019-03-01,CONCRETE,0.0,0.0,0.0,0.0,0.0,
SS-007457-PV1,2019-03-01,CONCRETE,0.0,0.0,0.0,0.0,0.0,
SS-012606-PV1,2019-03-01,SLURRY,0.0,0.0,0.0,0.0,0.0,
SS-019780-PV1,2019-03-01,SLURRY,0.0,0.0,0.0,0.0,0.0,
SS-019781-PV1,2019-03-01,SLURRY,0.0,0.0,0.0,0.0,0.0,
SS-023177-PV1,2019-03-01,OVERLAY,0.0,0.0,0.0,0.0,0.0,
SS-013020-PV1,2019-03-01,SLURRY,0.0,0.0,0.0,0.0,0.0,
SS-013018-PV1,2019-03-01,SLURRY,0.0,0.0,0.0,0.0,0.0,
SS-013019-PV1,2019-03-01,SLURRY,0.0,0.0,0.0,0.0,0.0,
SS-021506-PV1,2019-03-04,SLURRY,0.0,0.0,0.0,0.0,0.0,
SS-021504-PV1,2019-03-04,SLURRY,0.0,0.0,0.0,0.0,0.0,
SS-021507-PV1,2019-03-04,SLURRY,0.0,0.0,0.0,0.0,0.0,
SS-021505-PV1,2019-03-04,SLURRY,0.0,0.0,0.0,0.0,0.0,
SS-013371-PV1,2019-03-05,OVERLAY,0.0,0.0,0.0,0.0,0.0,
SS-011459-PV1,2019-03-05,SLURRY,0.0,0.0,0.0,0.0,0.0,
SS-027254-PV1,2019-03-05,OVERLAY,0.0,0.0,0.0,0.0,0.0,
SS-016189-PV1,2019-03-05,SLURRY,0.0,0.0,0.0,0.0,0.0,
SS-010998-PV1,2019-03-05,OVERLAY,0.5,1.0,3.958506455514335,7.91701291102867,-0.5,-100.0
SS-012679-PV1,2019-03-05,OVERLAY,0.0,0.0,0.0,0.0,0.0,
SS-028037-PV1,2019-03-05,SLURRY,0.0,0.0,0.0,0.0,0.0,
SS-008836-PV1,2019-03-05,SLURRY,0.0,0.0,0.0,0.0,0.0,
SS-026558-PV1,2019-03-05,SLURRY,0.5,0.0,5.605044370083245,0.0,0.5,100.0
SS-026557-PV1,2019-03-05,SLURRY,0.0,0.0,0.0,0.0,0.0,
SS-007476-PV1,2019-03-05,SLURRY,0.0,0.0,0.0,0.0,0.0,
SS-028036-PV1,2019-03-05,SLURRY,0.0,0.0,0.0,0.0,0.0,
SS-027270-PV1,2019-03-05,OVERLAY,0.0,0.0,0.0,0.0,0.0,
SS-012937-PV1,2019-03-06,SLURRY,0.0,0.0,0.0,0.0,0.0,
SS-013978-PV1,2019-03-06,SLURRY,0.0,2.0,0.0,7.9872258844207575,-2.0,
SS-010266-PV1,2019-03-07,SLURRY,0.0,0.0,0.0,0.0,0.0,
SS-010264-PV1,2019-03-07,SLURRY,0.0,0.0,0.0,0.0,0.0,
SS-009021-PV1,2019-03-07,SLURRY,0.5,0.0,6.46829262555838,0.0,0.5,100.0
SS-016312-PV1,2019-03-07,SLURRY,0.0,0.0,0.0,0.0,0.0,
SS-016315-PV1,2019-03-07,SLURRY,0.5,0.5,2.7110481682402554,2.7110481682402554,0.0,0.0
SS-010263-PV1,2019-03-07,SLURRY,0.0,0.5,0.0,11.042550628421518,-0.5,
SS-009032-PV1,2019-03-07,SLURRY,1.0,1.5,4.208648533608808,6.312972800413212,-0.5,-50.0
SS-012603-PV1,2019-03-07,SLURRY,0.0,0.0,0.0,0.0,0.0,
SS-012602-PV1,2019-03-07,SLURRY,0.0,0.5,0.0,9.58740389444704,-0.5,
SS-009029-PV1,2019-03-07,SLURRY,1.0,0.0,3.9062309266068036,0.0,1.0,100.0
SS-018677-PV1,2019-03-07,SLURRY,0.0,0.0,0.0,0.0,0.0,
SS-018672-PV1,2019-03-07,SLURRY,0.0,0.0,0.0,0.0,0.0,
SS-017091-PV1,2019-03-07,SLURRY,0.0,0.0,0.0,0.0,0.0,
SS-013894-PV1,2019-03-07,SLURRY,0.0,0.0,0.0,0.0,0.0,
SS-026370-PV1,2019-03-07,SLURRY,0.0,0.0,0.0,0.0,0.0,
SS-009027-PV1,2019-03-07,SLURRY,0.5,0.5,2.841390667000315,2.841390667000315,0.0,0.0
SS-007477-PV1,2019-03-07,SLURRY,0.0,0.0,0.0,0.0,0.0,
SS-026371-PV1,2019-03-07,SLURRY,0.5,0.5,6.3613752715030145,6.3613752715030145,0.0,0.0
SS-024803-PV1,2019-03-07,SLURRY,0.0,0.0,0.0,0.0,0.0,
SS-018671-PV1,2019-03-07,SLURRY,0.0,0.0,0.0,0.0,0.0,
SS-029087-PV1,2019-03-07,SLURRY,0.5,1.5,4.826195712839161,14.478587138517485,-1.0,-200.0
SS-006707-PV1,2019-03-07,SLURRY,0.0,0.0,0.0,0.0,0.0,
SS-023310-PV1,2019-03-07,SLURRY,0.0,0.0,0.0,0.0,0.0,
SS-009930-PV1,2019-03-07,SLURRY,0.0,0.0,0.0,0.0,0.0,
SS-002068-PV1,2019-03-07,SLURRY,0.0,0.0,0.0,0.0,0.0,
SS-023383-PV1,2019-03-07,SLURRY,0.0,0.0,0.0,0.0,0.0,
SS-000439-PV1,2019-03-07,SLURRY,1.0,0.5,15.52914228841323,7.764571144206615,0.5,50.0
SS-026755-PV1,2019-03-07,SLURRY,0.0,0.0,0.0,0.0,0.0,
SS-028800-PV1,2019-03-07,SLURRY,0.0,0.0,0.0,0.0,0.0,
SS-000440-PV1,2019-03-07,SLURRY,0.0,0.0,0.0,0.0,0.0,
SS-002067-PV1,2019-03-07,SLURRY,0.0,0.0,0.0,0.0,0.0,
SS-026888-PV1,2019-03-07,SLURRY,0.0,0.0,0.0,0.0,0.0,
SS-002069-PV1,2019-03-07,SLURRY,0.0,0.0,0.0,0.0,0.0,
SS-000441-PV1,2019-03-07,SLURRY,0.0,0.5,0.0,5.344031111977492,-0.5,
SS-026886-PV1,2019-03-07,SLURRY,0.0,0.0,0.0,0.0,0.0,
SS-025619-PV1,2019-03-07,SLURRY,0.0,0.5,0.0,3.891305805784042,-0.5,
SS-002066-PV1,2019-03-07,SLURRY,0.0,0.0,0.0,0.0,0.0,
SS-025598-PV1,2019-03-07,SLURRY,0.0,0.5,0.0,2.8070142608020343,-0.5,
SS-016311-PV1,2019-03-07,SLURRY,0.0,0.0,0.0,0.0,0.0,
SS-005058-PV1,2019-03-07,SLURRY,0.0,0.0,0.0,0.0,0.0,
SS-005057-PV1,2019-03-07,SLURRY,0.0,0.0,0.0,0.0,0.0,
SS-000442-PV1,2019-03-07,SLURRY,0.0,0.5,0.0,1.7492593145739408,-0.5,
SS-003985-PV1,2019-03-08,SLURRY,0.0,0.0,0.0,0.0,0.0,
SS-009624-PV1,2019-03-08,OVERLAY,0.0,0.0,0.0,0.0,0.0,
SS-000895-PV1,2019-03-08,OVERLAY,0.0,0.0,0.0,0.0,0.0,
SS-003987-PV1,2019-03-08,SLURRY,0.0,0.0,0.0,0.0,0.0,
SS-012763-PV1,2019-03-08,SLURRY,0.0,0.0,0.0,0.0,0.0,
SS-003988-PV1,2019-03-08,SLURRY,0.0,0.0,0.0,0.0,0.0,
SS-026228-PV1,2019-03-08,SLURRY,0.0,0.5,0.0,2.7714053534103456,-0.5,
SS-009617-PV1,2019-03-08,OVERLAY,0.0,0.0,0.0,0.0,0.0,
SS-021489-PV1,2019-03-08,SLURRY,0.0,0.0,0.0,0.0,0.0,
SS-009619-PV1,2019-03-08,OVERLAY,0.0,0.0,0.0,0.0,0.0,
SS-026227-PV1,2019-03-08,SLURRY,0.0,0.0,0.0,0.0,0.0,
SS-026226-PV1,2019-03-08,SLURRY,0.0,0.0,0.0,0.0,0.0,
SS-007782-PV1,2019-03-08,SLURRY,0.0,0.0,0.0,0.0,0.0,
SS-026180-PV1,2019-03-08,SLURRY,0.0,0.0,0.0,0.0,0.0,
SS-021490-PV1,2019-03-08,SLURRY,0.0,0.0,0.0,0.0,0.0,
SS-022846-PV1,2019-03-08,SLURRY,0.0,0.0,0.0,0.0,0.0,
SS-013537-PV1,2019-03-08,SLURRY,0.0,0.0,0.0,0.0,0.0,
SS-026172-PV1,2019-03-08,SLURRY,0.0,0.0,0.0,0.0,0.0,
SS-023648-PV1,2019-03-08,SLURRY,0.0,0.0,0.0,0.0,0.0,
SS-013536-PV1,2019-03-08,SLURRY,0.0,0.0,0.0,0.0,0.0,
SS-009618-PV1,2019-03-08,OVERLAY,0.0,0.0,0.0,0.0,0.0,
SS-012762-PV1,2019-03-08,SLURRY,0.0,0.0,0.0,0.0,0.0,
SS-009621-PV1,2019-03-08,OVERLAY,0.0,0.0,0.0,0.0,0.0,
SS-027480-PV1,2019-03-08,SLURRY,0.0,0.0,0.0,0.0,0.0,
SS-026835-PV1,2019-03-08,SLURRY,0.0,0.0,0.0,0.0,0.0,
SS-027481-PV1,2019-03-08,SLURRY,0.0,0.0,0.0,0.0,0.0,
SS-027482-PV1,2019-03-08,SLURRY,0.0,0.0,0.0,0.0,0.0,
SS-027483-PV1,2019-03-08,SLURRY,0.0,0.0,0.0,0.0,0.0,
SS-027484-PV1,2019-03-08,SLURRY,0.0,0.0,0.0,0.0,0.0,
SS-027055-PV1,2019-03-08,SLURRY,0.0,0.0,0.0,0.0,0.0,
SS-015368-PV1,2019-03-10,SLURRY,0.0,0.0,0.0,0.0,0.0,
SS-015367-PV1,2019-03-10,SLURRY,1.0,0.5,3.335411016445661,1.6677055082228305,0.5,50.0
SS-015371-PV1,2019-03-10,SLURRY,0.5,3.5,5.243941608710187,36.707591260971306,-3.0,-600.0
SS-015370-PV1,2019-03-10,SLURRY,1.0,3.0,4.915244612547465,14.745733837642396,-2.0,-200.0
SS-012980-PV1,2019-03-10,SLURRY,1.0,1.5,5.487596887784256,8.231395331676385,-0.5,-50.0
SS-012977-PV1,2019-03-10,SLURRY,1.0,0.0,6.643133868206264,0.0,1.0,100.0
SS-015379-PV1,2019-03-10,SLURRY,0.5,0.0,4.2021923028252575,0.0,0.5,100.0
SS-012976-PV1,2019-03-10,SLURRY,0.0,0.0,0.0,0.0,0.0,
SS-015380-PV1,2019-03-10,SLURRY,0.0,0.5,0.0,7.568727051920608,-0.5,
SS-016313-PV1,2019-03-11,SLURRY,0.0,0.0,0.0,0.0,0.0,
SS-025620-PV1,2019-03-11,SLURRY,0.0,0.0,0.0,0.0,0.0,
SS-003633-PV1,2019-03-11,SLURRY,0.0,0.0,0.0,0.0,0.0,
SS-022986-PV1,2019-03-11,SLURRY,1.0,0.0,6.363040376383479,0.0,1.0,100.0
SS-002976-PV1,2019-03-11,SLURRY,0.0,0.0,0.0,0.0,0.0,
SS-018088-PV1,2019-03-11,SLURRY,0.0,0.0,0.0,0.0,0.0,
SS-025506-PV1,2019-03-11,SLURRY,0.0,0.0,0.0,0.0,0.0,
SS-026369-PV1,2019-03-11,SLURRY,0.0,0.0,0.0,0.0,0.0,
SS-026368-PV1,2019-03-11,SLURRY,0.0,0.0,0.0,0.0,0.0,
SS-010359-PV1,2019-03-11,SLURRY,0.0,0.0,0.0,0.0,0.0,
SS-010358-PV1,2019-03-11,SLURRY,0.0,0.0,0.0,0.0,0.0,
SS-010357-PV1,2019-03-11,SLURRY,0.0,0.0,0.0,0.0,0.0,
SS-025621-PV1,2019-03-11,SLURRY,0.0,0.0,0.0,0.0,0.0,
SS-018087-PV1,2019-03-11,SLURRY,0.0,0.0,0.0,0.0,0.0,
SS-016314-PV1,2019-03-11,SLURRY,0.0,0.0,0.0,0.0,0.0,
SS-002671-PV1,2019-03-11,SLURRY,0.0,0.0,0.0,0.0,0.0,
SS-022985-PV1,2019-03-11,SLURRY,0.0,0.0,0.0,0.0,0.0,
SS-009801-PV1,2019-03-11,SLURRY,0.0,0.0,0.0,0.0,0.0,
SS-009929-PV1,2019-03-11,SLURRY,0.0,0.0,0.0,0.0,0.0,
SS-009800-PV1,2019-03-11,SLURRY,0.0,0.0,0.0,0.0,0.0,
SS-009088-PV1,2019-03-11,SLURRY,0.0,0.0,0.0,0.0,0.0,
SS-024240-PV1,2019-03-11,SLURRY,0.0,0.0,0.0,0.0,0.0,
SS-024239-PV1,2019-03-11,SLURRY,0.0,0.0,0.0,0.0,0.0,
SS-005375-PV1,2019-03-11,SLURRY,0.0,0.0,0.0,0.0,0.0,
SS-016561-PV1,2019-03-12,SLURRY,0.0,0.0,0.0,0.0,0.0,
SS-028425-PV1,2019-03-12,SLURRY,0.0,0.0,0.0,0.0,0.0,
SS-028426-PV1,2019-03-12,SLURRY,0.0,0.0,0.0,0.0,0.0,
SS-005994-PV1,2019-03-12,SLURRY,0.0,0.0,0.0,0.0,0.0,
SS-018313-PV1,2019-03-12,SLURRY,0.0,0.0,0.0,0.0,0.0,
SS-028389-PV1,2019-03-12,SLURRY,0.0,0.0,0.0,0.0,0.0,
SS-018310-PV1,2019-03-12,SLURRY,0.0,0.0,0.0,0.0,0.0,
SS-010427-PV1,2019-03-12,SLURRY,0.0,0.0,0.0,0.0,0.0,
SS-005380-PV1,2019-03-12,SLURRY,0.0,0.0,0.0,0.0,0.0,
SS-018311-PV1,2019-03-12,SLURRY,0.0,0.0,0.0,0.0,0.0,
SS-010356-PV1,2019-03-12,SLURRY,0.0,0.0,0.0,0.0,0.0,
SS-028391-PV1,2019-03-12,SLURRY,0.0,0.0,0.0,0.0,0.0,
SS-016560-PV1,2019-03-12,SLURRY,0.0,0.0,0.0,0.0,0.0,
SS-008166-PV1,2019-03-12,SLURRY,0.0,0.0,0.0,0.0,0.0,
SS-020385-PV1,2019-03-12,SLURRY,0.0,0.0,0.0,0.0,0.0,
SS-009087-PV1,2019-03-12,SLURRY,0.0,0.0,0.0,0.0,0.0,
SS-028390-PV1,2019-03-12,SLURRY,0.0,0.0,0.0,0.0,0.0,
SS-004408-PV1,2019-03-13,SLURRY,0.0,0.0,0.0,0.0,0.0,
SS-004409-PV1,2019-03-13,SLURRY,0.0,0.0,0.0,0.0,0.0,
SS-015676-PV1,2019-03-13,SLURRY,0.0,0.0,0.0,0.0,0.0,
SS-015677-PV1,2019-03-13,SLURRY,0.0,0.0,0.0,0.0,0.0,
SS-027678-PV1,2019-03-13,SLURRY,0.0,0.0,0.0,0.0,0.0,
SS-010265-PV1,2019-03-13,SLURRY,0.0,0.0,0.0,0.0,0.0,
SS-004406-PV1,2019-03-13,SLURRY,0.0,0.0,0.0,0.0,0.0,
SS-002975-PV1,2019-03-13,SLURRY,0.0,0.5,0.0,3.7488620286711267,-0.5,
SS-008847-PV1,2019-03-13,SLURRY,0.0,0.0,0.0,0.0,0.0,
SS-008846-PV1,2019-03-13,SLURRY,0.5,0.0,2.1111641478905674,0.0,0.5,100.0
SS-005290-PV1,2019-03-13,SLURRY,1.0,4.5,13.836347455841613,62.26356355128726,-3.5,-350.0
SS-026855-PV1,2019-03-13,SLURRY,0.0,0.0,0.0,0.0,0.0,
SS-007499-PV1,2019-03-13,SLURRY,0.0,0.5,0.0,2.156862745098039,-0.5,
SS-010216-PV1,2019-03-13,SLURRY,0.0,0.0,0.0,0.0,0.0,
SS-022615-PV1,2019-03-13,SLURRY,0.0,0.0,0.0,0.0,0.0,
SS-001987-PV1,2019-03-13,SLURRY,0.0,0.5,0.0,3.0087095302925766,-0.5,
SS-028404-PV1,2019-03-13,SLURRY,0.0,0.0,0.0,0.0,0.0,
SS-004104-PV1,2019-03-13,SLURRY,0.0,0.0,0.0,0.0,0.0,
SS-029258-PV1,2019-03-13,SLURRY,0.0,0.0,0.0,0.0,0.0,
SS-029257-PV1,2019-03-13,SLURRY,0.0,0.0,0.0,0.0,0.0,
SS-003624-PV1,2019-03-13,SLURRY,0.0,0.0,0.0,0.0,0.0,
SS-022614-PV1,2019-03-13,SLURRY,0.0,0.0,0.0,0.0,0.0,
SS-022613-PV1,2019-03-14,SLURRY,0.0,0.0,0.0,0.0,0.0,
SS-022616-PV1,2019-03-14,SLURRY,0.0,0.0,0.0,0.0,0.0,
SS-009553-PV1,2019-03-14,SLURRY,0.0,0.0,0.0,0.0,0.0,
SS-005088-PV1,2019-03-14,SLURRY,0.0,0.0,0.0,0.0,0.0,
SS-012605-PV1,2019-03-14,SLURRY,0.0,0.0,0.0,0.0,0.0,
SS-012604-PV1,2019-03-14,SLURRY,0.0,0.0,0.0,0.0,0.0,
SS-005089-PV1,2019-03-14,SLURRY,0.0,0.0,0.0,0.0,0.0,
SS-030973-PV1,2019-03-15,SLURRY,0.0,0.0,0.0,0.0,0.0,
SS-030493-PV1,2019-03-15,SLURRY,0.0,0.0,0.0,0.0,0.0,
SS-030494-PV1,2019-03-15,SLURRY,0.0,0.0,0.0,0.0,0.0,
SS-031573-PV1,2019-03-15,SLURRY,0.0,0.0,0.0,0.0,0.0,
SS-030500-PV1,2019-03-15,SLURRY,0.0,0.0,0.0,0.0,0.0,
SS-022618-PV1,2019-03-15,SLURRY,0.0,0.0,0.0,0.0,0.0,
SS-027679-PV1,2019-03-15,SLURRY,0.0,0.5,0.0,9.962188964611588,-0.5,
SS-030972-PV1,2019-03-15,SLURRY,0.0,0.0,0.0,0.0,0.0,
SS-003145-PV1,2019-03-15,SLURRY,0.0,0.0,0.0,0.0,0.0,
SS-006832-PV1,2019-03-15,SLURRY,0.0,0.0,0.0,0.0,0.0,
SS-006833-PV1,2019-03-15,SLURRY,0.0,0.0,0.0,0.0,0.0,
SS-006834-PV1,2019-03-15,SLURRY,0.0,0.0,0.0,0.0,0.0,
SS-006835-PV1,2019-03-15,SLURRY,0.0,0.0,0.0,0.0,0.0,
SS-027694-PV1,2019-03-15,SLURRY,0.0,0.0,0.0,0.0,0.0,
SS-022617-PV1,2019-03-15,SLURRY,0.0,0.0,0.0,0.0,0.0,
SS-026373-PV1,2019-03-15,SLURRY,0.0,0.0,0.0,0.0,0.0,
SS-025232-PV1,2019-03-15,SLURRY,0.0,0.0,0.0,0.0,0.0,
SS-026375-PV1,2019-03-15,SLURRY,0.0,0.0,0.0,0.0,0.0,
SS-026374-PV1,2019-03-15,SLURRY,0.0,0.0,0.0,0.0,0.0,
SS-026372-PV1,2019-03-15,SLURRY,0.0,0.0,0.0,0.0,0.0,
SS-016098-PV1,2019-03-15,SLURRY,0.0,0.0,0.0,0.0,0.0,
SS-025231-PV1,2019-03-15,SLURRY,0.0,0.0,0.0,0.0,0.0,
SS-023926-PV1,2019-03-17,SLURRY,0.0,0.0,0.0,0.0,0.0,
SS-020130-PV1,2019-03-17,SLURRY,1.0,0.0,2.810181201335432,0.0,1.0,100.0
SS-020126-PV1,2019-03-17,SLURRY,0.0,1.0,0.0,2.667314500779508,-1.0,
SS-020125-PV1,2019-03-17,SLURRY,1.0,1.0,2.855269781625398,2.855269781625398,0.0,0.0
SS-020124-PV1,2019-03-17,SLURRY,0.5,1.5,4.569652934859598,13.708958804578794,-1.0,-200.0
SS-024804-PV1,2019-03-18,SLURRY,0.0,0.0,0.0,0.0,0.0,
SS-007079-PV1,2019-03-18,OVERLAY,0.0,0.5,0.0,3.8873584868987177,-0.5,
SS-024802-PV1,2019-03-18,SLURRY,0.0,0.0,0.0,0.0,0.0,
SS-015678-PV1,2019-03-18,SLURRY,0.0,0.0,0.0,0.0,0.0,
SS-020978-PV1,2019-03-18,SLURRY,0.5,0.0,3.1830764506237927,0.0,0.5,100.0
SS-024391-PV1,2019-03-18,SLURRY,0.0,0.0,0.0,0.0,0.0,
SS-014787-PV1,2019-03-18,SLURRY,0.0,0.5,0.0,9.241830344499729,-0.5,
SS-004103-PV1,2019-03-18,SLURRY,0.0,0.0,0.0,0.0,0.0,
SS-024392-PV1,2019-03-18,SLURRY,0.5,0.0,12.163818996844316,0.0,0.5,100.0
SS-004105-PV1,2019-03-18,SLURRY,0.0,0.0,0.0,0.0,0.0,
SS-012193-PV1,2019-03-18,SLURRY,0.0,0.0,0.0,0.0,0.0,
SS-004410-PV1,2019-03-18,SLURRY,0.0,0.0,0.0,0.0,0.0,
SS-007080-PV1,2019-03-18,OVERLAY,0.0,0.0,0.0,0.0,0.0,
SS-024393-PV1,2019-03-18,SLURRY,0.0,0.0,0.0,0.0,0.0,
SS-002498-PV1,2019-03-18,SLURRY,0.0,0.0,0.0,0.0,0.0,
SS-015675-PV1,2019-03-18,SLURRY,0.0,0.0,0.0,0.0,0.0,
SS-024394-PV1,2019-03-18,SLURRY,0.0,1.5,0.0,5.26086553061641,-1.5,
SS-003138-PV1,2019-03-18,SLURRY,0.0,0.0,0.0,0.0,0.0,
SS-022619-PV1,2019-03-18,SLURRY,0.0,0.0,0.0,0.0,0.0,
SS-016316-PV1,2019-03-18,SLURRY,0.5,0.5,0.9839153322967189,0.9839153322967189,0.0,0.0
SS-001940-PV1,2019-03-18,SLURRY,0.0,0.0,0.0,0.0,0.0,
SS-024396-PV1,2019-03-18,SLURRY,1.0,1.0,3.9445368239695164,3.9445368239695164,0.0,0.0
SS-022040-PV1,2019-03-18,SLURRY,0.0,0.0,0.0,0.0,0.0,
SS-022062-PV1,2019-03-18,SLURRY,0.0,0.0,0.0,0.0,0.0,
SS-015693-PV1,2019-03-18,SLURRY,0.0,0.0,0.0,0.0,0.0,
SS-002122-PV1,2019-03-18,SLURRY,0.0,0.0,0.0,0.0,0.0,
SS-007086-PV1,2019-03-18,OVERLAY,0.0,0.0,0.0,0.0,0.0,
SS-001939-PV1,2019-03-18,SLURRY,0.0,0.0,0.0,0.0,0.0,
SS-027336-PV1,2019-03-18,SLURRY,0.0,0.0,0.0,0.0,0.0,
SS-028341-PV1,2019-03-18,SLURRY,0.0,0.0,0.0,0.0,0.0,
SS-023220-PV1,2019-03-18,SLURRY,0.0,0.5,0.0,1.9920939525837873,-0.5,
SS-029127-PV1,2019-03-18,SLURRY,0.0,0.5,0.0,11.492606640724139,-0.5,
SS-003525-PV1,2019-03-19,SLURRY,0.0,0.0,0.0,0.0,0.0,
SS-031583-PV1,2019-03-19,SLURRY,0.0,0.0,0.0,0.0,0.0,
SS-003139-PV1,2019-03-19,SLURRY,0.0,0.0,0.0,0.0,0.0,
SS-015454-PV1,2019-03-19,SLURRY,0.0,0.0,0.0,0.0,0.0,
SS-024290-PV1,2019-03-19,SLURRY,2.0,1.0,16.09244132240246,8.04622066120123,1.0,50.0
SS-005746-PV1,2019-03-19,SLURRY,0.0,0.0,0.0,0.0,0.0,
SS-028559-PV1,2019-03-19,SLURRY,0.0,0.0,0.0,0.0,0.0,
SS-031580-PV1,2019-03-19,SLURRY,0.0,0.0,0.0,0.0,0.0,
SS-031574-PV1,2019-03-19,SLURRY,0.0,0.0,0.0,0.0,0.0,
SS-003527-PV1,2019-03-19,SLURRY,0.0,0.0,0.0,0.0,0.0,
SS-003526-PV1,2019-03-19,SLURRY,0.0,0.0,0.0,0.0,0.0,
SS-031581-PV1,2019-03-19,SLURRY,0.0,0.0,0.0,0.0,0.0,
SS-005766-PV1,2019-03-19,SLURRY,0.0,0.0,0.0,0.0,0.0,
SS-006919-PV1,2019-03-19,SLURRY,0.0,0.0,0.0,0.0,0.0,
SS-015452-PV1,2019-03-19,SLURRY,0.0,0.0,0.0,0.0,0.0,
SS-006918-PV1,2019-03-19,SLURRY,0.0,1.0,0.0,20.75463539844576,-1.0,
SS-030499-PV1,2019-03-19,SLURRY,0.0,0.0,0.0,0.0,0.0,
SS-027677-PV1,2019-03-19,SLURRY,0.0,0.0,0.0,0.0,0.0,
SS-027680-PV1,2019-03-19,SLURRY,0.5,0.0,8.426261593291164,0.0,0.5,100.0
SS-006920-PV1,2019-03-19,SLURRY,0.5,0.5,13.720807552680885,13.720807552680885,0.0,0.0
SS-008479-PV1,2019-03-19,SLURRY,0.0,0.0,0.0,0.0,0.0,
SS-031586-PV1,2019-03-19,SLURRY,0.0,0.0,0.0,0.0,0.0,
SS-015450-PV1,2019-03-19,SLURRY,0.0,0.0,0.0,0.0,0.0,
SS-014686-PV1,2019-03-21,SLURRY,0.0,0.0,0.0,0.0,0.0,
SS-028544-PV1,2019-03-21,CONCRETE,0.0,0.5,0.0,5.074511707994143,-0.5,
SS-028545-PV1,2019-03-21,CONCRETE,0.0,0.0,0.0,0.0,0.0,
SS-007498-PV1,2019-03-21,SLURRY,0.0,0.0,0.0,0.0,0.0,
SS-007460-PV1,2019-03-21,CONCRETE,0.0,0.0,0.0,0.0,0.0,
SS-028548-PV1,2019-03-21,CONCRETE,0.0,0.0,0.0,0.0,0.0,
SS-014685-PV1,2019-03-21,SLURRY,0.0,0.0,0.0,0.0,0.0,
SS-005805-PV1,2019-03-22,SLURRY,0.0,0.0,0.0,0.0,0.0,
SS-026280-PV1,2019-03-22,SLURRY,0.0,0.0,0.0,0.0,0.0,
SS-026281-PV1,2019-03-22,SLURRY,0.0,0.0,0.0,0.0,0.0,
SS-031734-PV1,2019-03-22,SLURRY,0.0,0.0,0.0,0.0,0.0,
SS-031730-PV1,2019-03-22,SLURRY,0.0,0.0,0.0,0.0,0.0,
SS-027707-PV1,2019-03-22,SLURRY,0.5,0.0,5.680577267147436,0.0,0.5,100.0
SS-031735-PV1,2019-03-22,SLURRY,0.0,0.0,0.0,0.0,0.0,
SS-031732-PV1,2019-03-22,SLURRY,0.0,0.0,0.0,0.0,0.0,
SS-030351-PV1,2019-03-22,SLURRY,0.0,0.0,0.0,0.0,0.0,
SS-005745-PV1,2019-03-22,SLURRY,0.0,0.0,0.0,0.0,0.0,
SS-016843-PV1,2019-03-22,SLURRY,0.0,0.0,0.0,0.0,0.0,
SS-031733-PV1,2019-03-22,SLURRY,0.0,0.0,0.0,0.0,0.0,
SS-030352-PV1,2019-03-22,SLURRY,0.0,0.0,0.0,0.0,0.0,
SS-026279-PV1,2019-03-22,SLURRY,0.0,0.0,0.0,0.0,0.0,
SS-031728-PV1,2019-03-22,SLURRY,0.0,0.0,0.0,0.0,0.0,
SS-030353-PV1,2019-03-22,SLURRY,0.0,0.0,0.0,0.0,0.0,
SS-005482-PV1,2019-03-22,SLURRY,0.0,0.0,0.0,0.0,0.0,
SS-026686-PV1,2019-03-24,SLURRY,1.0,3.0,3.6235293051903144,10.870587915570944,-2.0,-200.0
SS-026692-PV1,2019-03-24,SLURRY,0.5,2.5,1.411190721036139,7.055953605180695,-2.0,-400.0
SS-027255-PV1,2019-03-24,OVERLAY,0.5,0.5,2.23295903357533,2.23295903357533,0.0,0.0
SS-002260-PV1,2019-03-25,OVERLAY,0.0,0.5,0.0,3.552698563888892,-0.5,
SS-028262-PV1,2019-03-25,SLURRY,0.0,0.0,0.0,0.0,0.0,
SS-001231-PV1,2019-03-25,OVERLAY,0.0,0.0,0.0,0.0,0.0,
SS-028261-PV1,2019-03-25,SLURRY,0.0,0.5,0.0,8.607181910833507,-0.5,
SS-004407-PV1,2019-03-25,SLURRY,0.0,0.0,0.0,0.0,0.0,
SS-030501-PV1,2019-03-25,SLURRY,0.0,0.0,0.0,0.0,0.0,
SS-020229-PV1,2019-03-25,OVERLAY,0.0,0.0,0.0,0.0,0.0,
SS-014267-PV1,2019-03-25,SLURRY,0.0,0.0,0.0,0.0,0.0,
SS-027691-PV1,2019-03-25,SLURRY,0.0,0.0,0.0,0.0,0.0,
SS-031582-PV1,2019-03-25,SLURRY,0.0,0.0,0.0,0.0,0.0,
SS-001074-PV1,2019-03-25,OVERLAY,1.0,0.5,7.95050928432768,3.97525464216384,0.5,50.0
SS-005350-PV1,2019-03-25,SLURRY,0.0,0.0,0.0,0.0,0.0,
SS-005351-PV1,2019-03-25,SLURRY,0.0,0.0,0.0,0.0,0.0,
SS-031584-PV1,2019-03-25,SLURRY,0.0,0.0,0.0,0.0,0.0,
SS-031587-PV1,2019-03-25,SLURRY,0.0,0.0,0.0,0.0,0.0,
SS-014265-PV1,2019-03-25,SLURRY,0.0,0.0,0.0,0.0,0.0,
SS-031585-PV1,2019-03-25,SLURRY,0.0,0.0,0.0,0.0,0.0,
SS-020977-PV1,2019-03-25,SLURRY,0.0,0.0,0.0,0.0,0.0,
SS-030492-PV1,2019-03-25,SLURRY,0.0,0.0,0.0,0.0,0.0,
SS-031579-PV1,2019-03-25,SLURRY,0.0,0.0,0.0,0.0,0.0,
SS-002262-PV1,2019-03-25,OVERLAY,0.0,0.5,0.0,4.183719815016195,-0.5,
SS-021898-PV1,2019-03-25,SLURRY,0.0,0.0,0.0,0.0,0.0,
SS-008776-PV1,2019-03-25,SLURRY,0.0,0.0,0.0,0.0,0.0,
SS-030498-PV1,2019-03-26,SLURRY,0.0,0.0,0.0,0.0,0.0,
SS-030350-PV1,2019-03-26,SLURRY,0.0,0.0,0.0,0.0,0.0,
SS-024943-PV1,2019-03-26,SLURRY,0.0,0.0,0.0,0.0,0.0,
SS-031577-PV1,2019-03-26,SLURRY,0.0,0.0,0.0,0.0,0.0,
SS-010106-PV1,2019-03-26,SLURRY,0.0,0.0,0.0,0.0,0.0,
SS-010107-PV1,2019-03-26,SLURRY,1.0,0.0,26.644893213525513,0.0,1.0,100.0
SS-005349-PV1,2019-03-26,SLURRY,0.0,0.5,0.0,5.387613264875272,-0.5,
SS-004476-PV1,2019-03-26,SLURRY,0.5,0.5,2.5620996173445993,2.5620996173445993,0.0,0.0
SS-030497-PV1,2019-03-26,SLURRY,0.0,0.0,0.0,0.0,0.0,
SS-031576-PV1,2019-03-26,SLURRY,0.5,0.0,13.202904639020586,0.0,0.5,100.0
SS-024944-PV1,2019-03-26,SLURRY,0.0,0.0,0.0,0.0,0.0,
SS-031575-PV1,2019-03-26,SLURRY,0.0,0.0,0.0,0.0,0.0,
SS-016844-PV1,2019-03-26,SLURRY,0.0,0.0,0.0,0.0,0.0,
SS-024941-PV1,2019-03-27,SLURRY,0.5,0.0,11.72916817539016,0.0,0.5,100.0
SS-027346-PV1,2019-03-27,SLURRY,0.5,0.5,9.198378716066607,9.198378716066607,0.0,0.0
SS-003150-PV1,2019-03-27,SLURRY,1.0,0.0,10.68685510749701,0.0,1.0,100.0
SS-027692-PV1,2019-03-27,SLURRY,0.0,0.0,0.0,0.0,0.0,
SS-015656-PV1,2019-03-27,SLURRY,0.0,0.0,0.0,0.0,0.0,
SS-027690-PV1,2019-03-27,SLURRY,0.0,0.5,0.0,3.6119837411477325,-0.5,
SS-014224-PV1,2019-03-27,SLURRY,0.0,0.0,0.0,0.0,0.0,
SS-003146-PV1,2019-03-27,SLURRY,0.0,0.0,0.0,0.0,0.0,
SS-003149-PV1,2019-03-27,SLURRY,0.0,0.0,0.0,0.0,0.0,
SS-003148-PV1,2019-03-27,SLURRY,0.0,0.0,0.0,0.0,0.0,
SS-003147-PV1,2019-03-27,SLURRY,0.0,0.0,0.0,0.0,0.0,
SS-009287-PV1,2019-03-27,SLURRY,0.0,0.0,0.0,0.0,0.0,
SS-030349-PV1,2019-03-27,SLURRY,0.5,0.0,5.192110038118741,0.0,0.5,100.0
SS-027693-PV1,2019-03-27,SLURRY,0.0,0.0,0.0,0.0,0.0,
SS-014220-PV1,2019-03-27,SLURRY,2.5,1.0,13.08061583539353,5.232246334157412,1.5,60.0
SS-027345-PV1,2019-03-27,SLURRY,0.0,0.0,0.0,0.0,0.0,
SS-019300-PV1,2019-03-27,SLURRY,0.5,0.0,14.34253338034497,0.0,0.5,100.0
SS-031723-PV1,2019-03-27,SLURRY,0.0,0.0,0.0,0.0,0.0,
SS-031537-PV1,2019-03-28,SLURRY,0.0,0.0,0.0,0.0,0.0,
SS-024942-PV1,2019-03-28,SLURRY,0.0,0.0,0.0,0.0,0.0,
SS-031538-PV1,2019-03-28,SLURRY,0.0,0.0,0.0,0.0,0.0,
SS-031540-PV1,2019-03-28,SLURRY,0.0,0.5,0.0,4.682350412206461,-0.5,
SS-024945-PV1,2019-03-28,SLURRY,0.0,0.0,0.0,0.0,0.0,
SS-020801-PV1,2019-03-28,SLURRY,0.5,3.5,1.798365122615804,12.588555858310627,-3.0,-600.0
SS-013643-PV1,2019-03-28,SLURRY,0.5,1.0,5.546218487394958,11.092436974789916,-0.5,-100.0
SS-022162-PV1,2019-03-28,OVERLAY,0.0,0.0,0.0,0.0,0.0,
SS-031738-PV1,2019-03-28,SLURRY,0.0,0.0,0.0,0.0,0.0,
SS-031536-PV1,2019-03-28,SLURRY,0.0,0.0,0.0,0.0,0.0,
SS-031539-PV1,2019-03-28,SLURRY,0.0,0.0,0.0,0.0,0.0,
SS-031543-PV1,2019-03-28,SLURRY,0.0,0.0,0.0,0.0,0.0,
SS-031535-PV1,2019-03-28,SLURRY,0.0,0.0,0.0,0.0,0.0,
SS-031544-PV1,2019-03-28,SLURRY,0.0,0.0,0.0,0.0,0.0,
SS-009312-PV1,2019-03-29,SLURRY,0.0,0.0,0.0,0.0,0.0,
SS-031541-PV1,2019-03-29,SLURRY,0.0,0.0,0.0,0.0,0.0,
SS-031729-PV1,2019-03-29,SLURRY,0.0,0.0,0.0,0.0,0.0,
SS-031533-PV1,2019-03-29,SLURRY,0.0,0.0,0.0,0.0,0.0,
SS-024796-PV1,2019-03-29,SLURRY,0.5,0.5,2.533977129896563,2.533977129896563,0.0,0.0
SS-017963-PV1,2019-03-29,SLURRY,0.0,0.0,0.0,0.0,0.0,
SS-031731-PV1,2019-03-29,SLURRY,0.0,0.0,0.0,0.0,0.0,
SS-014266-PV1,2019-03-29,SLURRY,0.0,0.0,0.0,0.0,0.0,
SS-009311-PV1,2019-03-29,SLURRY,0.0,0.0,0.0,0.0,0.0,
SS-027347-PV1,2019-03-29,SLURRY,0.0,0.0,0.0,0.0,0.0,
SS-013806-PV1,2019-03-29,SLURRY,0.0,0.5,0.0,2.553018901333459,-0.5,
SS-013804-PV1,2019-03-29,SLURRY,0.5,0.0,6.391580158404661,0.0,0.5,100.0
SS-031542-PV1,2019-03-29,SLURRY,0.0,0.0,0.0,0.0,0.0,
SS-024795-PV1,2019-03-29,SLURRY,0.0,1.0,0.0,12.118694348396396,-1.0,
SS-027238-PV1,2019-03-31,OVERLAY,0.0,0.0,0.0,0.0,0.0,
SS-027237-PV1,2019-03-31,OVERLAY,0.0,0.0,0.0,0.0,0.0,
SS-027240-PV1,2019-03-31,OVERLAY,0.5,0.5,19.129921878906142,19.129921878906142,0.0,0.0
SS-027239-PV1,2019-03-31,OVERLAY,0.0,0.0,0.0,0.0,0.0,
SS-027236-PV1,2019-03-31,OVERLAY,0.0,0.0,0.0,0.0,0.0,
SS-027241-PV1,2019-03-31,OVERLAY,0.0,0.0,0.0,0.0,0.0,
SS-027265-PV1,2019-03-31,OVERLAY,0.0,0.0,0.0,0.0,0.0,
SS-027245-PV1,2019-03-31,OVERLAY,1.0,0.0,16.047446951486563,0.0,1.0,100.0
SS-027261-PV1,2019-03-31,OVERLAY,0.0,0.0,0.0,0.0,0.0,
SS-027267-PV1,2019-03-31,OVERLAY,0.0,0.5,0.0,8.325283982059014,-0.5,
SS-027258-PV1,2019-03-31,OVERLAY,0.5,1.0,10.068511645149037,20.137023290298075,-0.5,-100.0
SS-027260-PV1,2019-03-31,OVERLAY,0.0,0.0,0.0,0.0,0.0,
SS-027243-PV1,2019-03-31,OVERLAY,0.0,0.0,0.0,0.0,0.0,
SS-027244-PV1,2019-03-31,OVERLAY,0.0,0.0,0.0,0.0,0.0,
SS-013514-PV1,2019-04-03,OVERLAY,0.0,0.0,0.0,0.0,0.0,
SS-004648-PV1,2019-04-03,OVERLAY,0.0,0.0,0.0,0.0,0.0,
SS-004647-PV1,2019-04-03,OVERLAY,0.0,0.0,0.0,0.0,0.0,
SS-004646-PV1,2019-04-03,OVERLAY,0.0,0.0,0.0,0.0,0.0,
SS-004645-PV1,2019-04-03,OVERLAY,0.0,0.0,0.0,0.0,0.0,
SS-013518-PV1,2019-04-03,OVERLAY,0.0,0.0,0.0,0.0,0.0,
SS-004651-PV1,2019-04-03,OVERLAY,0.5,0.5,14.22359381726238,14.22359381726238,0.0,0.0
SS-004649-PV1,2019-04-03,OVERLAY,0.0,0.0,0.0,0.0,0.0,
SS-013517-PV1,2019-04-03,OVERLAY,0.0,0.0,0.0,0.0,0.0,
SS-004644-PV1,2019-04-03,OVERLAY,0.0,0.0,0.0,0.0,0.0,
SS-013516-PV1,2019-04-03,OVERLAY,0.0,0.0,0.0,0.0,0.0,
SS-004643-PV1,2019-04-03,OVERLAY,0.0,0.0,0.0,0.0,0.0,
SS-004650-PV1,2019-04-03,OVERLAY,0.0,0.0,0.0,0.0,0.0,
SS-013515-PV1,2019-04-03,OVERLAY,0.0,0.0,0.0,0.0,0.0,
SS-004642-PV1,2019-04-03,OVERLAY,0.0,0.0,0.0,0.0,0.0,
SS-012082-PV1,2019-04-03,SLURRY,0.0,0.0,0.0,0.0,0.0,
SS-013519-PV1,2019-04-03,OVERLAY,0.0,0.0,0.0,0.0,0.0,
SS-022731-PV1,2019-04-04,SLURRY,0.0,0.0,0.0,0.0,0.0,
SS-003431-PV1,2019-04-04,SLURRY,0.0,0.0,0.0,0.0,0.0,
SS-028781-PV1,2019-04-04,SLURRY,0.0,0.0,0.0,0.0,0.0,
SS-022546-PV1,2019-04-04,SLURRY,0.0,0.0,0.0,0.0,0.0,
SS-031724-PV1,2019-04-08,SLURRY,0.0,0.0,0.0,0.0,0.0,
SS-031534-PV1,2019-04-08,SLURRY,0.0,0.5,0.0,2.0776942756295984,-0.5,
SS-031725-PV1,2019-04-08,SLURRY,0.0,0.0,0.0,0.0,0.0,
SS-015203-PV1,2019-04-09,OVERLAY,0.5,1.5,6.821337038904101,20.464011116712303,-1.0,-200.0
SS-028062-PV1,2019-04-11,CONCRETE,0.0,0.0,0.0,0.0,0.0,
SS-028061-PV1,2019-04-11,CONCRETE,0.0,0.0,0.0,0.0,0.0,
SS-010909-PV1,2019-04-12,SLURRY,0.0,0.0,0.0,0.0,0.0,
SS-010905-PV1,2019-04-12,SLURRY,0.0,0.0,0.0,0.0,0.0,
SS-016562-PV1,2019-04-15,SLURRY,0.0,0.0,0.0,0.0,0.0,
SS-018315-PV1,2019-04-15,SLURRY,0.0,0.0,0.0,0.0,0.0,
SS-028384-PV1,2019-04-15,SLURRY,0.0,0.0,0.0,0.0,0.0,
SS-011529-PV1,2019-04-15,SLURRY,0.0,0.0,0.0,0.0,0.0,
SS-009528-PV1,2019-04-15,SLURRY,0.0,0.0,0.0,0.0,0.0,
SS-028383-PV1,2019-04-15,SLURRY,0.0,0.0,0.0,0.0,0.0,
SS-018314-PV1,2019-04-15,SLURRY,0.0,0.0,0.0,0.0,0.0,
SS-031726-PV1,2019-04-16,SLURRY,0.0,0.0,0.0,0.0,0.0,
SS-031528-PV1,2019-04-16,SLURRY,0.0,0.0,0.0,0.0,0.0,
SS-031532-PV1,2019-04-16,SLURRY,0.0,0.0,0.0,0.0,0.0,
SS-031531-PV1,2019-04-16,SLURRY,0.0,0.0,0.0,0.0,0.0,
SS-031529-PV1,2019-04-16,SLURRY,0.0,0.0,0.0,0.0,0.0,
SS-031530-PV1,2019-04-16,SLURRY,0.0,0.0,0.0,0.0,0.0,
SS-011531-PV1,2019-04-16,SLURRY,0.0,0.0,0.0,0.0,0.0,
SS-011530-PV1,2019-04-16,SLURRY,0.0,0.0,0.0,0.0,0.0,
SS-023026-PV1,2019-04-16,SLURRY,0.0,0.0,0.0,0.0,0.0,
SS-031727-PV1,2019-04-16,SLURRY,0.0,0.0,0.0,0.0,0.0,
SS-003267-PV1,2019-04-16,SLURRY,0.0,0.0,0.0,0.0,0.0,
SS-023025-PV1,2019-04-16,SLURRY,0.0,0.0,0.0,0.0,0.0,
SS-004126-PV1,2019-04-17,SLURRY,0.0,0.0,0.0,0.0,0.0,
SS-025183-PV1,2019-04-17,SLURRY,1.0,1.5,4.592672165405784,6.889008248108675,-0.5,-50.0
SS-018092-PV1,2019-04-17,SLURRY,0.0,0.0,0.0,0.0,0.0,
SS-025186-PV1,2019-04-17,SLURRY,0.5,0.5,2.255940750792463,2.255940750792463,0.0,0.0
SS-004128-PV1,2019-04-17,SLURRY,0.0,0.0,0.0,0.0,0.0,
SS-018095-PV1,2019-04-17,SLURRY,0.5,0.0,9.913988637968174,0.0,0.5,100.0
SS-004145-PV1,2019-04-17,SLURRY,0.0,0.0,0.0,0.0,0.0,
SS-018096-PV1,2019-04-17,SLURRY,0.0,0.0,0.0,0.0,0.0,
SS-018093-PV1,2019-04-17,SLURRY,0.0,0.0,0.0,0.0,0.0,
SS-003944-PV1,2019-04-17,SLURRY,0.0,0.0,0.0,0.0,0.0,
SS-011229-PV1,2019-04-17,SLURRY,0.0,0.0,0.0,0.0,0.0,
SS-025187-PV1,2019-04-17,SLURRY,1.0,0.5,15.492403147539905,7.7462015737699526,0.5,50.0
SS-010428-PV1,2019-04-17,SLURRY,0.0,0.0,0.0,0.0,0.0,
SS-003983-PV1,2019-04-17,SLURRY,0.0,0.0,0.0,0.0,0.0,
SS-023028-PV1,2019-04-17,SLURRY,0.0,0.0,0.0,0.0,0.0,
SS-028772-PV1,2019-04-17,SLURRY,0.0,0.0,0.0,0.0,0.0,
SS-016563-PV1,2019-04-17,SLURRY,0.0,0.5,0.0,1.8390890434667997,-0.5,
SS-022547-PV1,2019-04-17,SLURRY,0.0,0.0,0.0,0.0,0.0,
SS-016867-PV1,2019-04-17,SLURRY,0.0,1.0,0.0,9.354455741642687,-1.0,
SS-011228-PV1,2019-04-17,SLURRY,0.0,0.0,0.0,0.0,0.0,
SS-012081-PV1,2019-04-17,SLURRY,0.0,0.0,0.0,0.0,0.0,
SS-013710-PV1,2019-04-17,SLURRY,0.0,0.0,0.0,0.0,0.0,
SS-011230-PV1,2019-04-17,SLURRY,0.0,0.5,0.0,3.163386011698776,-0.5,
SS-025180-PV1,2019-04-17,SLURRY,0.5,2.0,3.615029485084238,14.460117940336952,-1.5,-300.0
SS-003963-PV1,2019-04-18,CONCRETE,0.0,0.0,0.0,0.0,0.0,
SS-013708-PV1,2019-04-18,SLURRY,0.0,0.0,0.0,0.0,0.0,
SS-003962-PV1,2019-04-18,CONCRETE,0.0,0.0,0.0,0.0,0.0,
SS-018308-PV1,2019-04-18,SLURRY,0.0,0.5,0.0,14.229489323032045,-0.5,
SS-018152-PV1,2019-04-18,SLURRY,0.0,0.0,0.0,0.0,0.0,
SS-013709-PV1,2019-04-18,SLURRY,0.0,0.0,0.0,0.0,0.0,
SS-003964-PV1,2019-04-18,CONCRETE,0.0,0.0,0.0,0.0,0.0,
SS-018309-PV1,2019-04-18,SLURRY,0.0,0.0,0.0,0.0,0.0,
SS-018089-PV1,2019-04-18,SLURRY,0.0,0.0,0.0,0.0,0.0,
SS-018091-PV1,2019-04-18,SLURRY,0.0,0.0,0.0,0.0,0.0,
SS-022589-PV1,2019-04-18,SLURRY,0.0,0.0,0.0,0.0,0.0,
SS-024190-PV1,2019-04-18,SLURRY,0.0,0.0,0.0,0.0,0.0,
SS-022588-PV1,2019-04-18,SLURRY,0.0,0.0,0.0,0.0,0.0,
SS-022586-PV1,2019-04-19,SLURRY,0.0,0.0,0.0,0.0,0.0,
SS-011786-PV1,2019-04-19,SLURRY,0.0,0.0,0.0,0.0,0.0,
SS-003986-PV1,2019-04-19,SLURRY,0.0,0.0,0.0,0.0,0.0,
SS-011785-PV1,2019-04-19,SLURRY,0.0,0.0,0.0,0.0,0.0,
SS-018094-PV1,2019-04-19,SLURRY,0.0,0.0,0.0,0.0,0.0,
SS-022590-PV1,2019-04-19,SLURRY,0.0,0.0,0.0,0.0,0.0,
SS-006708-PV1,2019-04-19,SLURRY,0.0,0.0,0.0,0.0,0.0,
SS-006704-PV1,2019-04-19,SLURRY,0.0,0.0,0.0,0.0,0.0,
SS-015739-PV1,2019-04-19,SLURRY,0.0,0.5,0.0,5.245764045533232,-0.5,
SS-003984-PV1,2019-04-19,SLURRY,0.0,0.0,0.0,0.0,0.0,
SS-006703-PV1,2019-04-19,SLURRY,0.0,0.0,0.0,0.0,0.0,
SS-022591-PV1,2019-04-19,SLURRY,0.0,0.0,0.0,0.0,0.0,
SS-018312-PV1,2019-04-19,SLURRY,0.0,0.0,0.0,0.0,0.0,
SS-019900-PV1,2019-04-23,OVERLAY,0.0,0.0,0.0,0.0,0.0,
SS-019899-PV1,2019-04-23,OVERLAY,0.0,0.0,0.0,0.0,0.0,
SS-015009-PV1,2019-04-25,OVERLAY,0.0,0.0,0.0,0.0,0.0,
SS-015010-PV1,2019-04-25,OVERLAY,0.0,0.5,0.0,6.860407341883203,-0.5,
SS-023987-PV1,2019-04-25,OVERLAY,0.0,0.0,0.0,0.0,0.0,
SS-019939-PV1,2019-04-25,OVERLAY,0.5,1.5,6.875,20.625,-1.0,-200.0
SS-015045-PV1,2019-04-25,OVERLAY,0.0,0.5,0.0,7.548283280209431,-0.5,
SS-014543-PV1,2019-04-25,OVERLAY,0.0,0.0,0.0,0.0,0.0,
SS-014542-PV1,2019-04-25,OVERLAY,0.0,0.5,0.0,7.220530594126591,-0.5,
SS-023985-PV1,2019-04-25,OVERLAY,0.0,0.0,0.0,0.0,0.0,
SS-014544-PV1,2019-04-25,OVERLAY,0.0,0.5,0.0,6.856562275506022,-0.5,
SS-023986-PV1,2019-04-25,OVERLAY,0.0,0.0,0.0,0.0,0.0,
SS-004609-PV1,2019-04-26,SLURRY,0.5,0.0,4.731182795698925,0.0,0.5,100.0
SS-009077-PV1,2019-04-26,SLURRY,0.0,0.0,0.0,0.0,0.0,
SS-004608-PV1,2019-04-26,SLURRY,0.0,0.0,0.0,0.0,0.0,
SS-023461-PV1,2019-04-26,SLURRY,0.0,0.0,0.0,0.0,0.0,
SS-017681-PV1,2019-04-26,SLURRY,0.0,0.5,0.0,2.4508443251535166,-0.5,
SS-013858-PV1,2019-04-26,SLURRY,0.0,0.0,0.0,0.0,0.0,
SS-013165-PV1,2019-04-26,SLURRY,0.0,0.0,0.0,0.0,0.0,
SS-011945-PV1,2019-04-26,SLURRY,0.0,0.0,0.0,0.0,0.0,
SS-005064-PV1,2019-04-30,CONCRETE,0.0,0.0,0.0,0.0,0.0,
SS-005063-PV1,2019-04-30,CONCRETE,0.0,0.5,0.0,7.165742539213441,-0.5,
SS-030055-PV1,2019-04-30,OVERLAY,0.5,0.0,10.14709053318733,0.0,0.5,100.0
SS-005968-PV1,2019-05-01,SLURRY,1.5,2.0,7.924254532258368,10.565672709677825,-0.5,-33.33333333333333
SS-001256-PV1,2019-05-01,SLURRY,0.0,0.0,0.0,0.0,0.0,
SS-025035-PV1,2019-05-01,SLURRY,0.0,0.0,0.0,0.0,0.0,
SS-025283-PV1,2019-05-01,SLURRY,0.0,0.0,0.0,0.0,0.0,
SS-016910-PV1,2019-05-01,SLURRY,0.0,0.0,0.0,0.0,0.0,
SS-012405-PV1,2019-05-01,SLURRY,0.0,0.0,0.0,0.0,0.0,
SS-020392-PV1,2019-05-01,SLURRY,0.5,0.0,9.101910366869047,0.0,0.5,100.0
SS-020391-PV1,2019-05-01,SLURRY,0.0,0.0,0.0,0.0,0.0,
SS-012117-PV1,2019-05-01,SLURRY,0.0,0.0,0.0,0.0,0.0,
SS-004607-PV1,2019-05-01,SLURRY,0.0,0.0,0.0,0.0,0.0,
SS-025464-PV1,2019-05-01,SLURRY,0.0,0.0,0.0,0.0,0.0,
SS-009398-PV1,2019-05-01,SLURRY,0.0,0.5,0.0,2.187572401188846,-0.5,
SS-020390-PV1,2019-05-01,SLURRY,0.0,0.0,0.0,0.0,0.0,
SS-013404-PV1,2019-05-01,SLURRY,0.0,0.0,0.0,0.0,0.0,
SS-004606-PV1,2019-05-01,SLURRY,0.0,0.0,0.0,0.0,0.0,
SS-001257-PV1,2019-05-01,SLURRY,1.5,1.5,12.511848341232227,12.511848341232227,0.0,0.0
SS-012401-PV1,2019-05-01,SLURRY,0.5,0.0,1.9633919619030566,0.0,0.5,100.0
SS-020113-PV1,2019-05-01,SLURRY,0.0,0.0,0.0,0.0,0.0,
SS-012118-PV1,2019-05-01,SLURRY,0.0,0.0,0.0,0.0,0.0,
SS-027277-PV1,2019-05-02,OVERLAY,0.0,0.0,0.0,0.0,0.0,
SS-024501-PV1,2019-05-02,OVERLAY,0.0,0.0,0.0,0.0,0.0,
SS-024821-PV1,2019-05-02,OVERLAY,0.0,0.0,0.0,0.0,0.0,
SS-007648-PV1,2019-05-02,OVERLAY,0.0,0.0,0.0,0.0,0.0,
SS-012175-PV1,2019-05-03,SLURRY,0.0,0.0,0.0,0.0,0.0,
SS-011944-PV1,2019-05-03,SLURRY,0.0,0.5,0.0,1.7625288764319045,-0.5,
SS-012176-PV1,2019-05-03,SLURRY,0.0,0.5,0.0,2.986425339366516,-0.5,
SS-016192-PV1,2019-05-03,SLURRY,0.0,0.0,0.0,0.0,0.0,
SS-005973-PV1,2019-05-03,SLURRY,0.0,0.5,0.0,7.60806916426513,-0.5,
SS-028937-PV1,2019-05-03,SLURRY,0.0,0.0,0.0,0.0,0.0,
SS-014448-PV1,2019-05-03,SLURRY,0.0,0.0,0.0,0.0,0.0,
SS-005967-PV1,2019-05-03,SLURRY,0.0,0.0,0.0,0.0,0.0,
SS-007647-PV1,2019-05-06,OVERLAY,0.0,1.0,0.0,6.358079065362377,-1.0,
SS-012781-PV1,2019-05-07,SLURRY,0.0,0.0,0.0,0.0,0.0,
SS-012782-PV1,2019-05-07,SLURRY,0.0,0.0,0.0,0.0,0.0,
SS-012783-PV1,2019-05-07,SLURRY,0.0,0.0,0.0,0.0,0.0,
SS-012784-PV1,2019-05-07,SLURRY,0.0,0.0,0.0,0.0,0.0,
SS-025411-PV1,2019-05-07,SLURRY,0.0,0.5,0.0,2.3592352038642845,-0.5,
SS-016906-PV1,2019-05-07,SLURRY,0.0,0.0,0.0,0.0,0.0,
SS-020134-PV1,2019-05-07,SLURRY,0.0,0.0,0.0,0.0,0.0,
SS-002210-PV1,2019-05-07,SLURRY,0.0,0.0,0.0,0.0,0.0,
SS-004860-PV1,2019-05-07,SLURRY,0.5,2.5,3.8596491228070176,19.29824561403509,-2.0,-400.0
SS-019920-PV1,2019-05-07,SLURRY,0.0,0.0,0.0,0.0,0.0,
SS-012734-PV1,2019-05-07,SLURRY,0.0,0.0,0.0,0.0,0.0,
SS-004859-PV1,2019-05-07,SLURRY,0.5,1.0,3.7931034482758625,7.586206896551725,-0.5,-100.0
SS-009303-PV1,2019-05-07,SLURRY,0.0,0.0,0.0,0.0,0.0,
SS-008615-PV1,2019-05-07,SLURRY,0.0,0.0,0.0,0.0,0.0,
SS-018842-PV1,2019-05-08,SLURRY,0.0,0.0,0.0,0.0,0.0,
SS-030202-PV1,2019-05-08,SLURRY,0.0,0.0,0.0,0.0,0.0,
SS-017651-PV1,2019-05-08,SLURRY,0.0,0.0,0.0,0.0,0.0,
SS-017650-PV1,2019-05-08,SLURRY,0.5,0.0,3.7228291640232,0.0,0.5,100.0
SS-014938-PV1,2019-05-08,SLURRY,0.0,0.0,0.0,0.0,0.0,
SS-017648-PV1,2019-05-08,SLURRY,0.0,0.0,0.0,0.0,0.0,
SS-030201-PV1,2019-05-08,SLURRY,0.0,0.0,0.0,0.0,0.0,
SS-028949-PV1,2019-05-08,SLURRY,0.0,0.0,0.0,0.0,0.0,
SS-017705-PV1,2019-05-08,SLURRY,0.5,0.5,1.9671061112174968,1.9671061112174968,0.0,0.0
SS-012407-PV1,2019-05-08,SLURRY,0.0,0.0,0.0,0.0,0.0,
SS-022152-PV1,2019-05-08,SLURRY,0.0,0.0,0.0,0.0,0.0,
SS-024811-PV1,2019-05-08,SLURRY,0.0,0.0,0.0,0.0,0.0,
SS-014444-PV1,2019-05-09,SLURRY,0.0,0.0,0.0,0.0,0.0,
SS-014446-PV1,2019-05-09,SLURRY,0.0,0.0,0.0,0.0,0.0,
SS-025954-PV1,2019-05-09,SLURRY,0.0,0.0,0.0,0.0,0.0,
SS-004115-PV1,2019-05-09,SLURRY,1.0,0.0,7.281584527956802,0.0,1.0,100.0
SS-030203-PV1,2019-05-09,SLURRY,0.0,0.0,0.0,0.0,0.0,
SS-002238-PV1,2019-05-09,SLURRY,0.0,0.0,0.0,0.0,0.0,
SS-000891-PV1,2019-05-10,SLURRY,0.0,1.5,0.0,12.015871874394087,-1.5,
SS-020453-PV1,2019-05-13,CONCRETE,0.0,0.0,0.0,0.0,0.0,
SS-017436-PV1,2019-05-14,SLURRY,0.5,1.5,7.134712837267199,21.404138511801598,-1.0,-200.0
SS-000893-PV1,2019-05-14,SLURRY,0.0,1.0,0.0,7.774716973797435,-1.0,
SS-017435-PV1,2019-05-14,SLURRY,0.0,0.0,0.0,0.0,0.0,
SS-000890-PV1,2019-05-14,SLURRY,0.0,1.5,0.0,12.569148168832227,-1.5,
SS-000892-PV1,2019-05-14,SLURRY,1.0,2.5,7.763060798439624,19.407651996099062,-1.5,-150.0
SS-015993-PV1,2019-05-14,SLURRY,0.0,0.0,0.0,0.0,0.0,
SS-023622-PV1,2019-05-14,SLURRY,0.5,0.0,5.434585703416542,0.0,0.5,100.0
SS-011878-PV1,2019-05-15,SLURRY,3.5,4.5,32.13913043478261,41.321739130434786,-1.0,-28.57142857142857
SS-011877-PV1,2019-05-15,SLURRY,3.5,3.0,31.269035532994923,26.80203045685279,0.5,14.285714285714285
SS-011879-PV1,2019-05-15,SLURRY,3.5,4.5,31.69811320754717,40.75471698113208,-1.0,-28.57142857142857
SS-011880-PV1,2019-05-15,SLURRY,4.5,4.0,41.03626943005181,36.476683937823836,0.5,11.11111111111111
SS-011881-PV1,2019-05-15,SLURRY,2.5,1.5,22.797927461139896,13.678756476683937,1.0,40.0
SS-011883-PV1,2019-05-15,SLURRY,2.0,2.0,18.111284582305924,18.111284582305924,0.0,0.0
SS-011884-PV1,2019-05-15,SLURRY,1.5,4.0,13.708992025590119,36.55731206824032,-2.5,-166.66666666666669
SS-011882-PV1,2019-05-15,SLURRY,3.0,3.0,27.357512953367873,27.357512953367873,0.0,0.0
SS-031379-PV1,2019-05-17,CONCRETE,0.0,0.0,0.0,0.0,0.0,
SS-022209-PV1,2019-05-18,SLURRY,0.5,3.0,0.5492989457767243,3.2957936746603465,-2.5,-500.0
SS-022210-PV1,2019-05-18,SLURRY,1.5,0.0,5.95552665353844,0.0,1.5,100.0
SS-020451-PV1,2019-05-20,CONCRETE,0.5,0.0,6.616541353383459,0.0,0.5,100.0
SS-012785-PV1,2019-05-23,SLURRY,0.0,0.0,0.0,0.0,0.0,
SS-012197-PV1,2019-05-24,SLURRY,0.0,0.0,0.0,0.0,0.0,
SS-002774-PV1,2019-05-24,SLURRY,0.0,0.0,0.0,0.0,0.0,
SS-009579-PV1,2019-05-24,SLURRY,0.0,0.0,0.0,0.0,0.0,
SS-017164-PV1,2019-05-24,SLURRY,0.0,0.0,0.0,0.0,0.0,
SS-012198-PV1,2019-05-24,SLURRY,0.0,0.0,0.0,0.0,0.0,
SS-018276-PV1,2019-05-24,SLURRY,0.0,0.0,0.0,0.0,0.0,
SS-008840-PV1,2019-05-24,SLURRY,0.5,0.0,8.053678990727592,0.0,0.5,100.0
SS-021314-PV1,2019-05-24,SLURRY,0.0,0.0,0.0,0.0,0.0,
SS-019981-PV1,2019-05-24,SLURRY,0.5,0.0,5.091180340021421,0.0,0.5,100.0
SS-008841-PV1,2019-05-24,SLURRY,0.0,0.0,0.0,0.0,0.0,
SS-009578-PV1,2019-05-24,SLURRY,0.0,0.5,0.0,4.157852884770305,-0.5,
SS-013302-PV1,2019-05-24,SLURRY,0.0,0.0,0.0,0.0,0.0,
SS-017166-PV1,2019-05-24,SLURRY,0.0,0.0,0.0,0.0,0.0,
SS-005636-PV1,2019-05-24,SLURRY,0.0,1.0,0.0,3.7015683432901785,-1.0,
SS-017162-PV1,2019-05-24,SLURRY,0.0,0.0,0.0,0.0,0.0,
SS-022713-PV1,2019-05-24,SLURRY,0.5,0.0,2.742777352970511,0.0,0.5,100.0
SS-016004-PV1,2019-05-29,SLURRY,0.0,0.0,0.0,0.0,0.0,
SS-016002-PV1,2019-05-29,SLURRY,0.0,0.0,0.0,0.0,0.0,
SS-001730-PV1,2019-05-29,SLURRY,0.0,0.0,0.0,0.0,0.0,
SS-001001-PV1,2019-05-29,SLURRY,0.5,0.5,3.876651982378855,3.876651982378855,0.0,0.0
SS-026845-PV1,2019-05-29,SLURRY,0.0,0.0,0.0,0.0,0.0,
SS-026847-PV1,2019-05-29,SLURRY,0.0,0.0,0.0,0.0,0.0,
SS-017415-PV1,2019-05-29,SLURRY,0.0,0.0,0.0,0.0,0.0,
SS-016001-PV1,2019-05-29,SLURRY,0.0,0.5,0.0,7.019689697807676,-0.5,
SS-001731-PV1,2019-05-29,SLURRY,0.0,0.0,0.0,0.0,0.0,
SS-016003-PV1,2019-05-29,SLURRY,0.0,1.0,0.0,13.96513213316071,-1.0,
SS-017416-PV1,2019-05-29,SLURRY,0.0,0.0,0.0,0.0,0.0,
SS-026667-PV1,2019-05-30,OVERLAY,0.0,0.5,0.0,13.336034217030823,-0.5,
SS-011891-PV1,2019-05-30,SLURRY,3.5,8.0,31.917098445595855,72.95336787564767,-4.5,-128.57142857142858
SS-026666-PV1,2019-05-30,OVERLAY,0.0,0.0,0.0,0.0,0.0,
SS-005958-PV1,2019-05-30,SLURRY,0.0,0.0,0.0,0.0,0.0,
SS-026672-PV1,2019-05-30,OVERLAY,1.5,1.5,10.16580270179311,10.16580270179311,0.0,0.0
SS-016804-PV1,2019-05-30,SLURRY,0.0,0.0,0.0,0.0,0.0,
SS-010818-PV1,2019-05-30,SLURRY,1.0,1.5,7.717897966173096,11.576846949259643,-0.5,-50.0
SS-015991-PV1,2019-05-30,SLURRY,0.0,0.0,0.0,0.0,0.0,
SS-010817-PV1,2019-05-30,SLURRY,1.0,0.5,7.962426996005515,3.9812134980027576,0.5,50.0
SS-026669-PV1,2019-05-30,OVERLAY,0.0,0.0,0.0,0.0,0.0,
SS-010800-PV1,2019-05-30,SLURRY,1.0,3.0,7.809208032421229,23.42762409726369,-2.0,-200.0
SS-012974-PV1,2019-05-30,SLURRY,0.0,0.0,0.0,0.0,0.0,
SS-015947-PV1,2019-05-30,SLURRY,0.0,0.0,0.0,0.0,0.0,
SS-011874-PV1,2019-05-30,SLURRY,4.5,8.0,40.75471698113208,72.45283018867924,-3.5,-77.77777777777779
SS-026673-PV1,2019-05-30,OVERLAY,1.5,0.5,13.157035699921904,4.385678566640635,1.0,66.66666666666666
SS-026674-PV1,2019-05-30,OVERLAY,0.0,0.0,0.0,0.0,0.0,
SS-026675-PV1,2019-05-30,OVERLAY,1.0,1.0,17.36626169509186,17.36626169509186,0.0,0.0
SS-011873-PV1,2019-05-30,SLURRY,1.5,3.0,13.714810558118328,27.429621116236657,-1.5,-100.0
SS-011876-PV1,2019-05-30,SLURRY,6.5,7.0,57.875210792580106,62.32715008431703,-0.5,-7.6923076923076925
SS-015905-PV1,2019-05-30,SLURRY,0.0,0.5,0.0,6.5537859781749,-0.5,
SS-011875-PV1,2019-05-30,SLURRY,1.5,4.5,13.678756476683937,41.03626943005181,-3.0,-200.0
SS-015944-PV1,2019-05-31,SLURRY,0.0,0.0,0.0,0.0,0.0,
SS-026377-PV1,2019-05-31,SLURRY,0.0,0.0,0.0,0.0,0.0,
SS-026376-PV1,2019-05-31,SLURRY,0.0,0.0,0.0,0.0,0.0,
SS-012046-PV1,2019-05-31,SLURRY,0.0,0.0,0.0,0.0,0.0,
SS-016005-PV1,2019-05-31,SLURRY,1.5,1.0,23.496282425314757,15.66418828354317,0.5,33.33333333333333
SS-018301-PV1,2019-05-31,SLURRY,0.0,0.0,0.0,0.0,0.0,
SS-027188-PV1,2019-05-31,SLURRY,5.0,8.5,78.09421712322202,132.76016910947743,-3.5,-70.0
SS-027187-PV1,2019-05-31,SLURRY,0.0,0.5,0.0,6.838228494742722,-0.5,
SS-004833-PV1,2019-05-31,SLURRY,0.0,0.0,0.0,0.0,0.0,
SS-004832-PV1,2019-05-31,SLURRY,0.0,0.0,0.0,0.0,0.0,
SS-016006-PV1,2019-05-31,SLURRY,0.0,0.0,0.0,0.0,0.0,
SS-017301-PV1,2019-06-03,SLURRY,0.0,0.0,0.0,0.0,0.0,
SS-013333-PV1,2019-06-03,SLURRY,0.0,0.0,0.0,0.0,0.0,
SS-015943-PV1,2019-06-03,SLURRY,0.0,0.0,0.0,0.0,0.0,
SS-015122-PV1,2019-06-03,SLURRY,0.0,0.0,0.0,0.0,0.0,
SS-017023-PV1,2019-06-03,SLURRY,0.0,0.0,0.0,0.0,0.0,
SS-026846-PV1,2019-06-03,SLURRY,0.0,0.0,0.0,0.0,0.0,
SS-004831-PV1,2019-06-03,SLURRY,0.0,0.0,0.0,0.0,0.0,
SS-010259-PV1,2019-06-03,SLURRY,0.0,0.0,0.0,0.0,0.0,
SS-017302-PV1,2019-06-03,SLURRY,0.0,0.5,0.0,9.69155168350329,-0.5,
SS-012257-PV1,2019-06-03,SLURRY,0.0,0.5,0.0,3.180722891566265,-0.5,
SS-017303-PV1,2019-06-04,SLURRY,0.0,0.0,0.0,0.0,0.0,
SS-010142-PV1,2019-06-04,SLURRY,0.0,0.0,0.0,0.0,0.0,
SS-014260-PV1,2019-06-04,SLURRY,0.0,0.0,0.0,0.0,0.0,
SS-012045-PV1,2019-06-04,SLURRY,0.0,0.0,0.0,0.0,0.0,
SS-010144-PV1,2019-06-04,SLURRY,0.0,0.0,0.0,0.0,0.0,
SS-012044-PV1,2019-06-04,SLURRY,0.0,0.0,0.0,0.0,0.0,
SS-010145-PV1,2019-06-04,SLURRY,0.0,0.0,0.0,0.0,0.0,
SS-010143-PV1,2019-06-04,SLURRY,0.0,0.0,0.0,0.0,0.0,
SS-016803-PV1,2019-06-04,SLURRY,0.0,0.0,0.0,0.0,0.0,
SS-015945-PV1,2019-06-04,SLURRY,0.0,0.0,0.0,0.0,0.0,
SS-026252-PV1,2019-06-04,SLURRY,0.0,0.0,0.0,0.0,0.0,
SS-007243-PV1,2019-06-05,SLURRY,0.0,0.0,0.0,0.0,0.0,
SS-012975-PV1,2019-06-05,SLURRY,0.0,0.0,0.0,0.0,0.0,
SS-016342-PV1,2019-06-05,SLURRY,0.0,0.0,0.0,0.0,0.0,
SS-010146-PV1,2019-06-05,SLURRY,0.5,0.0,9.451924433296266,0.0,0.5,100.0
SS-009911-PV1,2019-06-05,SLURRY,0.0,0.0,0.0,0.0,0.0,
SS-006237-PV1,2019-06-05,SLURRY,0.0,0.0,0.0,0.0,0.0,
SS-006737-PV1,2019-06-05,SLURRY,0.0,0.0,0.0,0.0,0.0,
SS-012627-PV1,2019-06-05,SLURRY,0.0,0.0,0.0,0.0,0.0,
SS-010148-PV1,2019-06-05,SLURRY,0.0,0.0,0.0,0.0,0.0,
SS-029152-PV1,2019-06-05,SLURRY,0.0,0.0,0.0,0.0,0.0,
SS-015946-PV1,2019-06-05,SLURRY,0.0,0.0,0.0,0.0,0.0,
SS-010147-PV1,2019-06-05,SLURRY,0.0,0.0,0.0,0.0,0.0,
SS-004999-PV1,2019-06-06,SLURRY,0.0,0.0,0.0,0.0,0.0,
SS-000694-PV1,2019-06-06,OVERLAY,1.0,0.5,13.930615508943692,6.965307754471846,0.5,50.0
SS-000693-PV1,2019-06-06,OVERLAY,0.5,0.0,6.8263551090613666,0.0,0.5,100.0
SS-021262-PV1,2019-06-06,SLURRY,0.0,0.0,0.0,0.0,0.0,
SS-021259-PV1,2019-06-06,SLURRY,0.0,0.0,0.0,0.0,0.0,
SS-019979-PV1,2019-06-06,SLURRY,0.0,0.0,0.0,0.0,0.0,
SS-011842-PV1,2019-06-06,SLURRY,0.0,0.0,0.0,0.0,0.0,
SS-002147-PV1,2019-06-06,SLURRY,0.0,0.0,0.0,0.0,0.0,
SS-002148-PV1,2019-06-06,SLURRY,0.0,0.0,0.0,0.0,0.0,
SS-021258-PV1,2019-06-06,SLURRY,0.0,0.0,0.0,0.0,0.0,
SS-002149-PV1,2019-06-06,SLURRY,0.0,0.0,0.0,0.0,0.0,
SS-002150-PV1,2019-06-06,SLURRY,0.0,0.0,0.0,0.0,0.0,
SS-002151-PV1,2019-06-06,SLURRY,0.0,0.0,0.0,0.0,0.0,
SS-000696-PV1,2019-06-06,OVERLAY,0.0,1.0,0.0,13.857791241298528,-1.0,
SS-014445-PV1,2019-06-06,SLURRY,0.0,0.0,0.0,0.0,0.0,
SS-002155-PV1,2019-06-06,SLURRY,1.0,0.0,5.725587553179919,0.0,1.0,100.0
SS-000695-PV1,2019-06-06,OVERLAY,0.5,0.5,6.928895620649264,6.928895620649264,0.0,0.0
SS-022709-PV1,2019-06-07,SLURRY,0.0,0.5,0.0,3.47456016543118,-0.5,
SS-008842-PV1,2019-06-07,SLURRY,0.0,0.0,0.0,0.0,0.0,
SS-027965-PV1,2019-06-07,SLURRY,0.0,0.0,0.0,0.0,0.0,
SS-014177-PV1,2019-06-07,SLURRY,0.0,0.0,0.0,0.0,0.0,
SS-021261-PV1,2019-06-07,SLURRY,0.0,0.0,0.0,0.0,0.0,
SS-013726-PV1,2019-06-07,SLURRY,0.0,0.0,0.0,0.0,0.0,
SS-013727-PV1,2019-06-07,SLURRY,0.5,0.0,7.988090483279473,0.0,0.5,100.0
SS-028890-PV1,2019-06-07,SLURRY,0.0,0.0,0.0,0.0,0.0,
SS-028891-PV1,2019-06-07,SLURRY,0.0,0.0,0.0,0.0,0.0,
SS-002244-PV1,2019-06-07,SLURRY,0.0,0.5,0.0,2.987129207029213,-0.5,
SS-022965-PV1,2019-06-09,CONCRETE,0.0,0.5,0.0,4.529731510459562,-0.5,
SS-022966-PV1,2019-06-09,CONCRETE,0.5,0.0,4.546770509853145,0.0,0.5,100.0
SS-004038-PV1,2019-06-10,SLURRY,0.0,0.0,0.0,0.0,0.0,
SS-025493-PV1,2019-06-10,SLURRY,0.0,0.0,0.0,0.0,0.0,
SS-016941-PV1,2019-06-10,SLURRY,0.0,0.0,0.0,0.0,0.0,
SS-025494-PV1,2019-06-10,SLURRY,0.0,0.0,0.0,0.0,0.0,
SS-004039-PV1,2019-06-10,SLURRY,0.0,0.0,0.0,0.0,0.0,
SS-025498-PV1,2019-06-11,SLURRY,0.0,0.0,0.0,0.0,0.0,
SS-026898-PV1,2019-06-11,OVERLAY,0.0,0.0,0.0,0.0,0.0,
SS-026899-PV1,2019-06-11,OVERLAY,0.0,0.0,0.0,0.0,0.0,
SS-021637-PV1,2019-06-11,OVERLAY,0.0,0.0,0.0,0.0,0.0,
SS-025497-PV1,2019-06-11,SLURRY,0.0,0.0,0.0,0.0,0.0,
SS-025477-PV1,2019-06-11,SLURRY,0.0,0.0,0.0,0.0,0.0,
SS-016587-PV1,2019-06-11,SLURRY,0.0,0.0,0.0,0.0,0.0,
SS-026045-PV1,2019-06-11,OVERLAY,0.0,0.0,0.0,0.0,0.0,
SS-004679-PV1,2019-06-12,SLURRY,0.0,0.0,0.0,0.0,0.0,
SS-004685-PV1,2019-06-12,SLURRY,0.5,0.5,2.889233043239014,2.889233043239014,0.0,0.0
SS-004684-PV1,2019-06-12,SLURRY,0.0,0.5,0.0,5.921647186914774,-0.5,
SS-004680-PV1,2019-06-12,SLURRY,0.0,1.0,0.0,18.70481882895081,-1.0,
SS-024953-PV1,2019-06-12,OVERLAY,0.0,0.0,0.0,0.0,0.0,
SS-025499-PV1,2019-06-12,SLURRY,0.0,0.0,0.0,0.0,0.0,
SS-004677-PV1,2019-06-12,SLURRY,1.5,0.0,54.06423814477747,0.0,1.5,100.0
SS-030338-PV1,2019-06-12,OVERLAY,0.0,0.0,0.0,0.0,0.0,
SS-030339-PV1,2019-06-12,OVERLAY,0.0,0.0,0.0,0.0,0.0,
SS-028539-PV1,2019-06-12,OVERLAY,0.0,0.0,0.0,0.0,0.0,
SS-028540-PV1,2019-06-12,OVERLAY,0.0,0.0,0.0,0.0,0.0,
SS-004678-PV1,2019-06-12,SLURRY,0.0,0.0,0.0,0.0,0.0,
SS-001732-PV1,2019-06-12,OVERLAY,0.0,0.0,0.0,0.0,0.0,
SS-005884-PV1,2019-06-12,SLURRY,0.0,0.0,0.0,0.0,0.0,
SS-000703-PV1,2019-06-12,SLURRY,0.0,0.5,0.0,4.030491892528155,-0.5,
SS-000579-PV1,2019-06-12,SLURRY,0.5,0.0,4.150861162184523,0.0,0.5,100.0
SS-005769-PV1,2019-06-12,SLURRY,0.0,0.0,0.0,0.0,0.0,
SS-012745-PV1,2019-06-12,SLURRY,0.0,1.5,0.0,12.297766185304354,-1.5,
SS-005529-PV1,2019-06-12,SLURRY,0.0,0.0,0.0,0.0,0.0,
SS-028541-PV1,2019-06-12,OVERLAY,0.0,0.0,0.0,0.0,0.0,
SS-019557-PV1,2019-06-12,SLURRY,0.0,0.0,0.0,0.0,0.0,
SS-005806-PV1,2019-06-12,SLURRY,0.0,0.0,0.0,0.0,0.0,
SS-001512-PV1,2019-06-13,OVERLAY,0.0,0.0,0.0,0.0,0.0,
SS-022295-PV1,2019-06-13,SLURRY,0.5,0.0,2.219867630302236,0.0,0.5,100.0
SS-023133-PV1,2019-06-13,OVERLAY,0.0,0.0,0.0,0.0,0.0,
SS-014739-PV1,2019-06-13,OVERLAY,0.0,0.0,0.0,0.0,0.0,
SS-017310-PV1,2019-06-13,OVERLAY,0.5,0.0,10.397970505211392,0.0,0.5,100.0
SS-017312-PV1,2019-06-13,OVERLAY,0.0,0.0,0.0,0.0,0.0,
SS-017311-PV1,2019-06-13,OVERLAY,0.0,0.0,0.0,0.0,0.0,
SS-022294-PV1,2019-06-13,OVERLAY,0.0,0.0,0.0,0.0,0.0,
SS-001513-PV1,2019-06-14,OVERLAY,0.0,0.0,0.0,0.0,0.0,
SS-024347-PV1,2019-06-14,OVERLAY,0.0,0.0,0.0,0.0,0.0,
SS-024348-PV1,2019-06-14,OVERLAY,0.0,0.0,0.0,0.0,0.0,
SS-017239-PV1,2019-06-14,OVERLAY,0.0,0.0,0.0,0.0,0.0,
SS-031668-PV1,2019-06-16,SLURRY,0.0,0.0,0.0,0.0,0.0,
SS-015158-PV1,2019-06-16,SLURRY,0.5,0.5,2.1525642992971066,2.1525642992971066,0.0,0.0
SS-009486-PV1,2019-06-16,SLURRY,0.0,0.0,0.0,0.0,0.0,
SS-024977-PV1,2019-06-16,SLURRY,0.5,1.0,2.154320154497396,4.308640308994792,-0.5,-100.0
SS-030710-PV1,2019-06-16,SLURRY,0.0,0.0,0.0,0.0,0.0,
SS-024976-PV1,2019-06-16,SLURRY,0.0,0.0,0.0,0.0,0.0,
SS-001919-PV1,2019-06-16,SLURRY,0.0,0.0,0.0,0.0,0.0,
SS-031667-PV1,2019-06-16,SLURRY,0.0,0.0,0.0,0.0,0.0,
SS-003142-PV1,2019-06-16,SLURRY,0.0,0.0,0.0,0.0,0.0,
SS-003141-PV1,2019-06-16,SLURRY,0.0,0.0,0.0,0.0,0.0,
SS-003140-PV1,2019-06-16,SLURRY,0.0,0.0,0.0,0.0,0.0,
SS-001921-PV1,2019-06-16,SLURRY,0.0,0.0,0.0,0.0,0.0,
SS-031666-PV1,2019-06-16,SLURRY,0.0,0.0,0.0,0.0,0.0,
SS-031665-PV1,2019-06-16,SLURRY,0.0,1.0,0.0,2.9641311500037304,-1.0,
SS-024978-PV1,2019-06-16,SLURRY,0.0,0.5,0.0,2.152564825835083,-0.5,
SS-015159-PV1,2019-06-16,SLURRY,0.0,0.5,0.0,2.1019374369468533,-0.5,
SS-013143-PV1,2019-06-16,SLURRY,0.0,0.0,0.0,0.0,0.0,
SS-015157-PV1,2019-06-16,SLURRY,0.0,0.0,0.0,0.0,0.0,
SS-003121-PV1,2019-06-16,SLURRY,0.0,0.0,0.0,0.0,0.0,
SS-011928-PV1,2019-06-16,SLURRY,0.0,0.0,0.0,0.0,0.0,
SS-032197-PV1,2019-06-16,SLURRY,0.0,0.0,0.0,0.0,0.0,
SS-003122-PV1,2019-06-16,SLURRY,0.0,0.0,0.0,0.0,0.0,
SS-003123-PV1,2019-06-16,SLURRY,0.0,0.0,0.0,0.0,0.0,
SS-003124-PV1,2019-06-16,SLURRY,0.0,0.0,0.0,0.0,0.0,
SS-018015-PV1,2019-06-16,SLURRY,0.0,0.0,0.0,0.0,0.0,
SS-011929-PV1,2019-06-16,SLURRY,0.0,0.0,0.0,0.0,0.0,
SS-003120-PV1,2019-06-16,SLURRY,0.0,0.0,0.0,0.0,0.0,
SS-032196-PV1,2019-06-16,SLURRY,0.0,0.0,0.0,0.0,0.0,
SS-003119-PV1,2019-06-16,SLURRY,0.0,0.0,0.0,0.0,0.0,
SS-003118-PV1,2019-06-16,SLURRY,0.0,0.0,0.0,0.0,0.0,
SS-009480-PV1,2019-06-16,SLURRY,0.5,0.5,3.1582400276776674,3.1582400276776674,0.0,0.0
SS-031669-PV1,2019-06-16,SLURRY,0.0,0.0,0.0,0.0,0.0,
SS-003125-PV1,2019-06-16,SLURRY,0.0,0.0,0.0,0.0,0.0,
SS-003116-PV1,2019-06-16,SLURRY,0.0,0.0,0.0,0.0,0.0,
SS-003126-PV1,2019-06-16,SLURRY,0.0,0.0,0.0,0.0,0.0,
SS-024367-PV1,2019-06-16,SLURRY,0.0,0.0,0.0,0.0,0.0,
SS-003127-PV1,2019-06-16,SLURRY,0.0,0.0,0.0,0.0,0.0,
SS-030709-PV1,2019-06-16,SLURRY,0.0,0.5,0.0,3.1880353997518647,-0.5,
SS-003128-PV1,2019-06-16,SLURRY,0.0,0.0,0.0,0.0,0.0,
SS-001918-PV1,2019-06-16,SLURRY,0.0,0.0,0.0,0.0,0.0,
SS-003117-PV1,2019-06-16,SLURRY,0.0,0.0,0.0,0.0,0.0,
SS-024848-PV1,2019-06-19,SLURRY,0.5,0.0,4.194053118635941,0.0,0.5,100.0
SS-024849-PV1,2019-06-19,SLURRY,0.0,0.0,0.0,0.0,0.0,
SS-023307-PV1,2019-06-19,SLURRY,0.0,0.0,0.0,0.0,0.0,
SS-023306-PV1,2019-06-19,SLURRY,0.0,0.0,0.0,0.0,0.0,
SS-005608-PV1,2019-06-19,SLURRY,0.0,0.5,0.0,1.673792011941745,-0.5,
SS-015023-PV1,2019-06-20,SLURRY,0.0,0.0,0.0,0.0,0.0,
SS-015024-PV1,2019-06-20,SLURRY,0.0,0.0,0.0,0.0,0.0,
SS-012735-PV1,2019-06-20,SLURRY,0.0,0.5,0.0,3.6029401629429687,-0.5,
SS-015025-PV1,2019-06-20,SLURRY,0.0,0.0,0.0,0.0,0.0,
SS-010846-PV1,2019-06-20,SLURRY,0.0,0.0,0.0,0.0,0.0,
SS-024643-PV1,2019-06-21,SLURRY,0.5,0.0,2.4283936617453676,0.0,0.5,100.0
SS-009354-PV1,2019-06-21,SLURRY,0.5,0.5,22.564102564102562,22.564102564102562,0.0,0.0
SS-013902-PV1,2019-06-21,SLURRY,0.0,0.0,0.0,0.0,0.0,
SS-023058-PV1,2019-06-21,SLURRY,0.0,0.0,0.0,0.0,0.0,
SS-002495-PV1,2019-06-21,SLURRY,0.5,0.5,3.985680536834934,3.985680536834934,0.0,0.0
SS-023057-PV1,2019-06-21,SLURRY,0.0,0.0,0.0,0.0,0.0,
SS-019088-PV1,2019-06-21,SLURRY,0.0,0.0,0.0,0.0,0.0,
SS-019087-PV1,2019-06-21,SLURRY,0.0,0.0,0.0,0.0,0.0,
SS-019086-PV1,2019-06-21,SLURRY,0.0,0.0,0.0,0.0,0.0,
SS-024806-PV1,2019-06-21,SLURRY,0.0,0.0,0.0,0.0,0.0,
SS-002496-PV1,2019-06-21,SLURRY,0.0,0.0,0.0,0.0,0.0,
SS-013277-PV1,2019-06-22,SLURRY,3.5,3.0,9.014634146341464,7.726829268292684,0.5,14.285714285714285
SS-018162-PV1,2019-06-22,SLURRY,0.0,0.0,0.0,0.0,0.0,
SS-024980-PV1,2019-06-24,OVERLAY,0.5,0.0,2.790324844545084,0.0,0.5,100.0
SS-024979-PV1,2019-06-25,OVERLAY,0.0,0.5,0.0,1.9784414332998819,-0.5,
SS-019978-PV1,2019-06-26,SLURRY,0.0,0.0,0.0,0.0,0.0,
SS-029099-PV1,2019-06-26,SLURRY,0.0,0.0,0.0,0.0,0.0,
SS-016023-PV1,2019-06-26,SLURRY,0.0,0.5,0.0,5.350929784856139,-0.5,
SS-025410-PV1,2019-06-26,SLURRY,0.0,0.0,0.0,0.0,0.0,
SS-027076-PV1,2019-06-26,SLURRY,0.0,0.0,0.0,0.0,0.0,
SS-025409-PV1,2019-06-26,SLURRY,0.0,0.0,0.0,0.0,0.0,
SS-019980-PV1,2019-06-26,SLURRY,0.0,0.0,0.0,0.0,0.0,
SS-029664-PV1,2019-06-26,SLURRY,0.0,0.0,0.0,0.0,0.0,
SS-021296-PV1,2019-06-26,SLURRY,0.0,0.0,0.0,0.0,0.0,
SS-018277-PV1,2019-06-26,SLURRY,0.5,0.0,5.246616826456622,0.0,0.5,100.0
SS-021295-PV1,2019-06-26,SLURRY,0.0,0.0,0.0,0.0,0.0,
SS-027077-PV1,2019-06-26,SLURRY,0.0,0.0,0.0,0.0,0.0,
SS-015447-PV1,2019-06-26,CONCRETE,0.0,0.0,0.0,0.0,0.0,
SS-015446-PV1,2019-06-26,CONCRETE,0.0,0.0,0.0,0.0,0.0,
SS-015445-PV1,2019-06-26,CONCRETE,0.0,0.0,0.0,0.0,0.0,
SS-029666-PV1,2019-06-26,SLURRY,0.5,0.0,6.4431071200726695,0.0,0.5,100.0
SS-022710-PV1,2019-06-27,SLURRY,0.0,0.0,0.0,0.0,0.0,
SS-030360-PV1,2019-06-27,SLURRY,0.0,0.0,0.0,0.0,0.0,
SS-029074-PV1,2019-06-27,SLURRY,0.0,0.0,0.0,0.0,0.0,
SS-025776-PV1,2019-06-27,SLURRY,0.0,0.0,0.0,0.0,0.0,
SS-005729-PV1,2019-06-27,OVERLAY,0.0,0.0,0.0,0.0,0.0,
SS-030111-PV1,2019-06-27,SLURRY,0.0,0.0,0.0,0.0,0.0,
SS-021001-PV1,2019-06-27,SLURRY,0.0,0.0,0.0,0.0,0.0,
SS-030110-PV1,2019-06-27,SLURRY,0.0,0.0,0.0,0.0,0.0,
SS-021251-PV1,2019-06-27,SLURRY,0.0,0.0,0.0,0.0,0.0,
SS-026188-PV1,2019-06-27,SLURRY,0.0,0.0,0.0,0.0,0.0,
SS-005738-PV1,2019-06-27,OVERLAY,9.0,12.5,22.57070872975357,31.34820656910218,-3.5,-38.88888888888889
SS-029667-PV1,2019-06-27,SLURRY,0.0,0.0,0.0,0.0,0.0,
SS-020723-PV1,2019-06-28,SLURRY,0.5,0.0,1.8169304886441844,0.0,0.5,100.0
SS-011019-PV1,2019-06-28,OVERLAY,0.0,0.0,0.0,0.0,0.0,
SS-028636-PV1,2019-06-28,SLURRY,0.0,0.5,0.0,3.9707135808481655,-0.5,
SS-030361-PV1,2019-06-28,SLURRY,0.0,0.0,0.0,0.0,0.0,
SS-001784-PV1,2019-06-28,OVERLAY,0.0,0.0,0.0,0.0,0.0,
SS-011030-PV1,2019-06-28,SLURRY,0.0,0.0,0.0,0.0,0.0,
SS-007432-PV1,2019-06-28,OVERLAY,0.0,0.0,0.0,0.0,0.0,
SS-011031-PV1,2019-06-28,SLURRY,0.0,0.0,0.0,0.0,0.0,
SS-011020-PV1,2019-06-28,OVERLAY,0.0,0.0,0.0,0.0,0.0,
SS-011032-PV1,2019-06-28,SLURRY,0.0,0.0,0.0,0.0,0.0,
SS-029643-PV1,2019-06-28,SLURRY,0.0,0.0,0.0,0.0,0.0,
SS-010324-PV1,2019-06-28,OVERLAY,0.0,0.0,0.0,0.0,0.0,
SS-023134-PV1,2019-06-28,SLURRY,0.0,0.0,0.0,0.0,0.0,
SS-030109-PV1,2019-06-28,SLURRY,0.0,0.5,0.0,9.425622555229149,-0.5,
SS-006309-PV1,2019-06-28,OVERLAY,0.0,0.0,0.0,0.0,0.0,
SS-028782-PV1,2019-06-29,CONCRETE,0.0,0.0,0.0,0.0,0.0,
SS-000227-PV1,2019-06-30,SLURRY,1.0,2.5,13.678575749387765,34.19643937346942,-1.5,-150.0
SS-003866-PV1,2019-06-30,SLURRY,0.5,0.0,9.394954268992487,0.0,0.5,100.0
SS-003867-PV1,2019-06-30,SLURRY,0.0,0.5,0.0,9.428517551328278,-0.5,
SS-003870-PV1,2019-06-30,SLURRY,0.0,0.0,0.0,0.0,0.0,
SS-003871-PV1,2019-06-30,SLURRY,0.0,0.5,0.0,9.530445079005224,-0.5,
SS-003872-PV1,2019-06-30,SLURRY,0.0,0.0,0.0,0.0,0.0,
SS-000229-PV1,2019-06-30,SLURRY,1.0,1.0,13.821566198103357,13.821566198103357,0.0,0.0
SS-000228-PV1,2019-06-30,SLURRY,0.5,0.5,6.8571392949925745,6.8571392949925745,0.0,0.0
SS-000230-PV1,2019-06-30,SLURRY,2.5,2.0,34.553915495258394,27.643132396206713,0.5,20.0
SS-003868-PV1,2019-06-30,SLURRY,0.0,0.0,0.0,0.0,0.0,
SS-000225-PV1,2019-06-30,SLURRY,1.5,1.5,20.571417884977723,20.571417884977723,0.0,0.0
SS-029745-PV1,2019-06-30,SLURRY,0.0,0.0,0.0,0.0,0.0,
SS-029748-PV1,2019-06-30,SLURRY,0.0,0.5,0.0,9.74162552305887,-0.5,
SS-029749-PV1,2019-06-30,SLURRY,0.0,1.5,0.0,30.46133929124309,-1.5,
SS-000226-PV1,2019-06-30,SLURRY,1.5,3.0,20.359300524354815,40.71860104870963,-1.5,-100.0
SS-000224-PV1,2019-06-30,SLURRY,0.5,2.5,7.039999999999999,35.199999999999996,-2.0,-400.0
SS-029750-PV1,2019-06-30,SLURRY,1.0,1.5,18.992675949337038,28.489013924005558,-0.5,-50.0
SS-000217-PV1,2019-06-30,SLURRY,0.0,0.0,0.0,0.0,0.0,
SS-000218-PV1,2019-06-30,SLURRY,0.0,2.0,0.0,27.862414552623555,-2.0,
SS-000219-PV1,2019-06-30,SLURRY,3.5,1.5,49.017852524697915,21.007651082013393,2.0,57.14285714285714
SS-000223-PV1,2019-06-30,SLURRY,1.0,0.0,13.858224068585614,0.0,1.0,100.0
SS-000220-PV1,2019-06-30,SLURRY,0.5,1.0,6.929135676938497,13.858271353876994,-0.5,-100.0
SS-029747-PV1,2019-06-30,SLURRY,0.5,0.5,9.46230115278785,9.46230115278785,0.0,0.0
SS-000222-PV1,2019-06-30,SLURRY,1.0,0.5,13.714278589985149,6.8571392949925745,0.5,50.0
SS-000221-PV1,2019-06-30,SLURRY,1.0,0.5,13.858271353876994,6.929135676938497,0.5,50.0
SS-012697-PV1,2019-07-01,CONCRETE,0.0,0.0,0.0,0.0,0.0,
SS-012698-PV1,2019-07-01,CONCRETE,0.0,0.0,0.0,0.0,0.0,
SS-005062-PV1,2019-07-01,CONCRETE,0.0,0.0,0.0,0.0,0.0,
SS-012701-PV1,2019-07-01,CONCRETE,0.0,0.0,0.0,0.0,0.0,
SS-012702-PV1,2019-07-01,CONCRETE,0.0,0.0,0.0,0.0,0.0,
SS-008839-PV1,2019-07-01,SLURRY,0.0,0.0,0.0,0.0,0.0,
SS-020246-PV1,2019-07-01,SLURRY,0.0,0.0,0.0,0.0,0.0,
SS-011140-PV1,2019-07-01,SLURRY,0.0,0.0,0.0,0.0,0.0,
SS-027452-PV1,2019-07-01,SLURRY,0.0,0.0,0.0,0.0,0.0,
SS-012699-PV1,2019-07-01,CONCRETE,0.0,0.0,0.0,0.0,0.0,
SS-012700-PV1,2019-07-01,CONCRETE,0.0,0.5,0.0,7.491325385718128,-0.5,
SS-008838-PV1,2019-07-01,SLURRY,0.0,0.5,0.0,3.505754017972567,-0.5,
SS-001196-PV1,2019-07-01,SLURRY,0.0,0.0,0.0,0.0,0.0,
SS-026302-PV1,2019-07-01,SLURRY,0.0,0.0,0.0,0.0,0.0,
SS-026303-PV1,2019-07-01,SLURRY,0.0,0.0,0.0,0.0,0.0,
SS-027454-PV1,2019-07-02,SLURRY,0.0,0.0,0.0,0.0,0.0,
SS-008568-PV1,2019-07-02,SLURRY,0.0,0.0,0.0,0.0,0.0,
SS-006305-PV1,2019-07-02,OVERLAY,0.0,0.0,0.0,0.0,0.0,
SS-008567-PV1,2019-07-02,SLURRY,0.0,0.0,0.0,0.0,0.0,
SS-021962-PV1,2019-07-02,SLURRY,0.0,0.0,0.0,0.0,0.0,
SS-016751-PV1,2019-07-02,SLURRY,0.0,0.0,0.0,0.0,0.0,
SS-016387-PV1,2019-07-02,OVERLAY,0.5,0.0,4.022124120312702,0.0,0.5,100.0
SS-016388-PV1,2019-07-02,OVERLAY,0.0,0.0,0.0,0.0,0.0,
SS-028634-PV1,2019-07-02,SLURRY,0.0,0.0,0.0,0.0,0.0,
SS-008570-PV1,2019-07-02,SLURRY,0.5,0.0,4.704482748358821,0.0,0.5,100.0
SS-016390-PV1,2019-07-02,OVERLAY,0.0,0.0,0.0,0.0,0.0,
SS-016391-PV1,2019-07-02,OVERLAY,0.0,0.0,0.0,0.0,0.0,
SS-016386-PV1,2019-07-03,OVERLAY,0.0,0.0,0.0,0.0,0.0,
SS-028165-PV1,2019-07-03,OVERLAY,0.0,0.0,0.0,0.0,0.0,
SS-006303-PV1,2019-07-03,OVERLAY,0.0,0.0,0.0,0.0,0.0,
SS-006304-PV1,2019-07-03,OVERLAY,0.0,0.0,0.0,0.0,0.0,
SS-003997-PV1,2019-07-03,SLURRY,0.0,0.0,0.0,0.0,0.0,
SS-003998-PV1,2019-07-03,SLURRY,0.0,0.0,0.0,0.0,0.0,
SS-003999-PV1,2019-07-03,SLURRY,0.0,0.0,0.0,0.0,0.0,
SS-004000-PV1,2019-07-03,SLURRY,0.0,0.0,0.0,0.0,0.0,
SS-004001-PV1,2019-07-03,SLURRY,0.0,0.0,0.0,0.0,0.0,
SS-004002-PV1,2019-07-03,SLURRY,0.0,0.0,0.0,0.0,0.0,
SS-006307-PV1,2019-07-03,OVERLAY,0.0,0.0,0.0,0.0,0.0,
SS-006308-PV1,2019-07-03,OVERLAY,0.0,0.0,0.0,0.0,0.0,
SS-005060-PV1,2019-07-03,CONCRETE,0.0,0.0,0.0,0.0,0.0,
SS-016384-PV1,2019-07-03,OVERLAY,0.0,0.0,0.0,0.0,0.0,
SS-004003-PV1,2019-07-03,SLURRY,0.0,0.0,0.0,0.0,0.0,
SS-005061-PV1,2019-07-05,CONCRETE,0.0,0.0,0.0,0.0,0.0,
SS-021260-PV1,2019-07-08,SLURRY,0.0,0.0,0.0,0.0,0.0,
SS-014178-PV1,2019-07-08,SLURRY,0.0,0.0,0.0,0.0,0.0,
SS-018323-PV1,2019-07-08,OVERLAY,0.0,0.0,0.0,0.0,0.0,
SS-018322-PV1,2019-07-08,OVERLAY,0.5,0.0,8.791197081322569,0.0,0.5,100.0
SS-019983-PV1,2019-07-08,SLURRY,0.0,0.0,0.0,0.0,0.0,
SS-019982-PV1,2019-07-08,SLURRY,0.0,0.0,0.0,0.0,0.0,
SS-018324-PV1,2019-07-08,OVERLAY,1.0,0.0,12.981900820736422,0.0,1.0,100.0
SS-021984-PV1,2019-07-09,OVERLAY,0.0,0.0,0.0,0.0,0.0,
SS-020332-PV1,2019-07-09,SLURRY,0.0,0.0,0.0,0.0,0.0,
SS-020331-PV1,2019-07-09,SLURRY,0.0,1.0,0.0,16.13924253766358,-1.0,
SS-008951-PV1,2019-07-09,OVERLAY,0.0,0.0,0.0,0.0,0.0,
SS-020330-PV1,2019-07-09,SLURRY,0.0,0.0,0.0,0.0,0.0,
SS-021983-PV1,2019-07-09,OVERLAY,0.0,0.0,0.0,0.0,0.0,
SS-008950-PV1,2019-07-09,OVERLAY,0.0,0.0,0.0,0.0,0.0,
SS-020321-PV1,2019-07-09,SLURRY,0.0,0.0,0.0,0.0,0.0,
SS-020320-PV1,2019-07-09,SLURRY,0.0,0.0,0.0,0.0,0.0,
SS-007425-PV1,2019-07-09,OVERLAY,0.0,0.0,0.0,0.0,0.0,
SS-020317-PV1,2019-07-09,SLURRY,0.0,0.0,0.0,0.0,0.0,
SS-015008-PV1,2019-07-09,OVERLAY,0.0,0.5,0.0,7.165738649225693,-0.5,
SS-019976-PV1,2019-07-09,SLURRY,0.0,0.0,0.0,0.0,0.0,
SS-029516-PV1,2019-07-09,SLURRY,0.0,0.5,0.0,8.380909811251753,-0.5,
SS-019984-PV1,2019-07-09,SLURRY,0.0,0.0,0.0,0.0,0.0,
SS-029517-PV1,2019-07-09,SLURRY,0.0,0.0,0.0,0.0,0.0,
SS-029518-PV1,2019-07-09,SLURRY,0.0,0.5,0.0,9.747135671267513,-0.5,
SS-031240-PV1,2019-07-09,SLURRY,0.0,1.0,0.0,9.896174510040963,-1.0,
SS-028834-PV1,2019-07-09,OVERLAY,0.0,0.0,0.0,0.0,0.0,
SS-002953-PV1,2019-07-09,SLURRY,0.5,0.0,9.5610119317083,0.0,0.5,100.0
SS-020318-PV1,2019-07-09,SLURRY,0.5,0.5,11.745151565842253,11.745151565842253,0.0,0.0
SS-028835-PV1,2019-07-09,OVERLAY,0.0,0.5,0.0,9.635036496350365,-0.5,
SS-002951-PV1,2019-07-09,SLURRY,0.0,0.0,0.0,0.0,0.0,
SS-028836-PV1,2019-07-09,OVERLAY,0.0,0.0,0.0,0.0,0.0,
SS-029642-PV1,2019-07-09,SLURRY,0.0,0.0,0.0,0.0,0.0,
SS-007426-PV1,2019-07-09,OVERLAY,0.5,0.0,9.96885864498289,0.0,0.5,100.0
SS-011892-PV1,2019-07-09,OVERLAY,0.0,0.0,0.0,0.0,0.0,
SS-011893-PV1,2019-07-09,OVERLAY,0.0,0.0,0.0,0.0,0.0,
SS-011894-PV1,2019-07-09,OVERLAY,0.0,0.0,0.0,0.0,0.0,
SS-020314-PV1,2019-07-09,SLURRY,0.5,1.0,5.221973431232149,10.443946862464298,-0.5,-100.0
SS-020315-PV1,2019-07-09,SLURRY,0.0,0.0,0.0,0.0,0.0,
SS-002952-PV1,2019-07-09,SLURRY,0.0,0.0,0.0,0.0,0.0,
SS-021980-PV1,2019-07-10,OVERLAY,0.0,0.0,0.0,0.0,0.0,
SS-015242-PV1,2019-07-10,SLURRY,0.0,0.0,0.0,0.0,0.0,
SS-021982-PV1,2019-07-10,OVERLAY,0.0,0.0,0.0,0.0,0.0,
SS-021979-PV1,2019-07-10,OVERLAY,0.5,0.0,9.634452803224331,0.0,0.5,100.0
SS-021981-PV1,2019-07-10,OVERLAY,0.0,0.0,0.0,0.0,0.0,
SS-016116-PV1,2019-07-10,SLURRY,0.0,0.0,0.0,0.0,0.0,
SS-011895-PV1,2019-07-10,OVERLAY,0.0,0.0,0.0,0.0,0.0,
SS-001396-PV1,2019-07-10,SLURRY,0.0,0.5,0.0,29.333333333333336,-0.5,
SS-011029-PV1,2019-07-10,SLURRY,0.0,0.0,0.0,0.0,0.0,
SS-017065-PV1,2019-07-10,OVERLAY,0.0,1.0,0.0,15.137454103841216,-1.0,
SS-016113-PV1,2019-07-10,SLURRY,0.0,0.0,0.0,0.0,0.0,
SS-016114-PV1,2019-07-10,SLURRY,0.0,0.0,0.0,0.0,0.0,
SS-016115-PV1,2019-07-10,SLURRY,0.0,0.0,0.0,0.0,0.0,
SS-016117-PV1,2019-07-10,SLURRY,0.0,0.0,0.0,0.0,0.0,
SS-016947-PV1,2019-07-10,OVERLAY,0.0,1.0,0.0,14.39441627506857,-1.0,
SS-028517-PV1,2019-07-10,OVERLAY,0.0,0.0,0.0,0.0,0.0,
SS-028510-PV1,2019-07-10,OVERLAY,1.0,5.0,6.681188127832387,33.40594063916193,-4.0,-400.0
SS-001395-PV1,2019-07-10,SLURRY,0.0,0.0,0.0,0.0,0.0,
SS-028831-PV1,2019-07-10,OVERLAY,0.0,0.0,0.0,0.0,0.0,
SS-028832-PV1,2019-07-10,OVERLAY,0.0,0.0,0.0,0.0,0.0,
SS-028833-PV1,2019-07-10,OVERLAY,0.0,0.0,0.0,0.0,0.0,
SS-028514-PV1,2019-07-10,OVERLAY,1.0,2.5,31.00254479221836,77.5063619805459,-1.5,-150.0
SS-031590-PV1,2019-07-10,SLURRY,0.0,0.0,0.0,0.0,0.0,
SS-028513-PV1,2019-07-10,OVERLAY,0.0,0.5,0.0,5.181832260556658,-0.5,
SS-024135-PV1,2019-07-11,SLURRY,0.0,2.0,0.0,7.961569143853115,-2.0,
SS-019882-PV1,2019-07-11,SLURRY,0.5,0.5,3.5284862446508014,3.5284862446508014,0.0,0.0
SS-029514-PV1,2019-07-11,SLURRY,0.5,0.0,15.670790478275697,0.0,0.5,100.0
SS-017893-PV1,2019-07-15,SLURRY,0.5,0.0,6.892905398789825,0.0,0.5,100.0
SS-013146-PV1,2019-07-15,SLURRY,0.0,0.0,0.0,0.0,0.0,
SS-012341-PV1,2019-07-15,SLURRY,0.0,0.0,0.0,0.0,0.0,
SS-016924-PV1,2019-07-15,SLURRY,0.0,0.0,0.0,0.0,0.0,
SS-011250-PV1,2019-07-15,SLURRY,0.0,0.5,0.0,4.8797177305098245,-0.5,
SS-011240-PV1,2019-07-15,SLURRY,0.0,0.0,0.0,0.0,0.0,
SS-013628-PV1,2019-07-15,SLURRY,0.0,0.0,0.0,0.0,0.0,
SS-017870-PV1,2019-07-15,SLURRY,0.0,0.0,0.0,0.0,0.0,
SS-017869-PV1,2019-07-15,SLURRY,0.0,0.0,0.0,0.0,0.0,
SS-018785-PV1,2019-07-16,SLURRY,0.0,0.0,0.0,0.0,0.0,
SS-018784-PV1,2019-07-16,SLURRY,0.0,0.0,0.0,0.0,0.0,
SS-018783-PV1,2019-07-16,SLURRY,0.0,0.0,0.0,0.0,0.0,
SS-018640-PV1,2019-07-16,SLURRY,0.0,0.0,0.0,0.0,0.0,
SS-011238-PV1,2019-07-16,SLURRY,0.5,0.0,4.799926692028703,0.0,0.5,100.0
SS-017131-PV1,2019-07-16,SLURRY,0.0,0.0,0.0,0.0,0.0,
SS-017133-PV1,2019-07-16,SLURRY,0.0,0.0,0.0,0.0,0.0,
SS-017136-PV1,2019-07-16,SLURRY,0.0,0.0,0.0,0.0,0.0,
SS-017138-PV1,2019-07-16,SLURRY,1.0,0.0,13.366993854220782,0.0,1.0,100.0
SS-017139-PV1,2019-07-16,SLURRY,0.0,0.0,0.0,0.0,0.0,
SS-019826-PV1,2019-07-16,SLURRY,0.0,0.0,0.0,0.0,0.0,
SS-017130-PV1,2019-07-16,SLURRY,0.0,0.0,0.0,0.0,0.0,
SS-017134-PV1,2019-07-16,SLURRY,0.0,0.0,0.0,0.0,0.0,
SS-017105-PV1,2019-07-16,SLURRY,0.0,0.0,0.0,0.0,0.0,
SS-017137-PV1,2019-07-16,SLURRY,0.0,0.5,0.0,6.786634135381525,-0.5,
SS-023124-PV1,2019-07-16,SLURRY,0.0,0.0,0.0,0.0,0.0,
SS-017123-PV1,2019-07-16,SLURRY,0.0,0.0,0.0,0.0,0.0,
SS-023123-PV1,2019-07-16,SLURRY,0.0,0.0,0.0,0.0,0.0,
SS-004786-PV1,2019-07-17,OVERLAY,0.0,0.0,0.0,0.0,0.0,
SS-004785-PV1,2019-07-17,OVERLAY,0.0,0.0,0.0,0.0,0.0,
SS-030024-PV1,2019-07-17,OVERLAY,0.0,0.0,0.0,0.0,0.0,
SS-002002-PV1,2019-07-17,OVERLAY,0.0,0.0,0.0,0.0,0.0,
SS-005059-PV1,2019-07-17,CONCRETE,0.0,0.0,0.0,0.0,0.0,
SS-011239-PV1,2019-07-18,SLURRY,0.0,0.0,0.0,0.0,0.0,
SS-012339-PV1,2019-07-18,SLURRY,0.0,0.0,0.0,0.0,0.0,
SS-007373-PV1,2019-07-18,SLURRY,0.0,0.0,0.0,0.0,0.0,
SS-019825-PV1,2019-07-18,SLURRY,0.0,0.0,0.0,0.0,0.0,
SS-012366-PV1,2019-07-18,SLURRY,0.0,0.0,0.0,0.0,0.0,
SS-009050-PV1,2019-07-18,SLURRY,0.0,0.0,0.0,0.0,0.0,
SS-016926-PV1,2019-07-18,SLURRY,0.5,0.0,4.3635822696412845,0.0,0.5,100.0
SS-002032-PV1,2019-07-18,SLURRY,0.0,0.0,0.0,0.0,0.0,
SS-009411-PV1,2019-07-18,OVERLAY,0.0,0.0,0.0,0.0,0.0,
SS-009049-PV1,2019-07-18,SLURRY,0.0,0.0,0.0,0.0,0.0,
SS-006624-PV1,2019-07-19,SLURRY,0.0,0.0,0.0,0.0,0.0,
SS-031411-PV1,2019-07-19,SLURRY,0.0,0.0,0.0,0.0,0.0,
SS-031410-PV1,2019-07-19,SLURRY,0.0,0.0,0.0,0.0,0.0,
SS-004682-PV1,2019-07-19,SLURRY,0.0,0.0,0.0,0.0,0.0,
SS-004681-PV1,2019-07-19,SLURRY,0.0,0.0,0.0,0.0,0.0,
SS-031412-PV1,2019-07-19,SLURRY,0.0,0.0,0.0,0.0,0.0,
SS-013755-PV1,2019-07-19,SLURRY,0.0,0.0,0.0,0.0,0.0,
SS-031413-PV1,2019-07-19,SLURRY,0.0,0.0,0.0,0.0,0.0,
SS-013756-PV1,2019-07-19,SLURRY,0.5,1.5,4.473235058844221,13.419705176532663,-1.0,-200.0
SS-031415-PV1,2019-07-19,SLURRY,0.5,0.5,2.7315187150935962,2.7315187150935962,0.0,0.0
SS-031414-PV1,2019-07-19,SLURRY,0.0,0.0,0.0,0.0,0.0,
SS-004683-PV1,2019-07-19,SLURRY,0.0,0.0,0.0,0.0,0.0,
SS-020179-PV1,2019-07-19,SLURRY,0.0,0.0,0.0,0.0,0.0,
SS-006625-PV1,2019-07-19,SLURRY,0.0,0.5,0.0,7.4913912847310415,-0.5,
SS-031416-PV1,2019-07-19,SLURRY,0.0,0.0,0.0,0.0,0.0,
SS-006626-PV1,2019-07-19,SLURRY,1.0,2.5,15.10746904113352,37.7686726028338,-1.5,-150.0
SS-013256-PV1,2019-07-22,OVERLAY,0.0,0.0,0.0,0.0,0.0,
SS-018119-PV1,2019-07-22,OVERLAY,0.0,0.0,0.0,0.0,0.0,
SS-014719-PV1,2019-07-22,SLURRY,0.0,0.0,0.0,0.0,0.0,
SS-014720-PV1,2019-07-22,SLURRY,0.0,0.5,0.0,9.483940706690095,-0.5,
SS-008184-PV1,2019-07-23,SLURRY,0.0,0.5,0.0,9.852794032192513,-0.5,
SS-021516-PV1,2019-07-23,SLURRY,0.0,0.0,0.0,0.0,0.0,
SS-008082-PV1,2019-07-23,OVERLAY,0.0,0.5,0.0,4.069290773484316,-0.5,
SS-023413-PV1,2019-07-23,OVERLAY,0.0,0.0,0.0,0.0,0.0,
SS-016532-PV1,2019-07-23,SLURRY,0.0,0.0,0.0,0.0,0.0,
SS-029599-PV1,2019-07-23,OVERLAY,0.0,0.0,0.0,0.0,0.0,
SS-029600-PV1,2019-07-23,OVERLAY,0.0,0.0,0.0,0.0,0.0,
SS-009721-PV1,2019-07-23,OVERLAY,0.0,0.0,0.0,0.0,0.0,
SS-016545-PV1,2019-07-23,OVERLAY,0.0,0.0,0.0,0.0,0.0,
SS-011935-PV1,2019-07-23,SLURRY,0.0,1.0,0.0,7.230808502992569,-1.0,
SS-008081-PV1,2019-07-23,OVERLAY,0.0,0.0,0.0,0.0,0.0,
SS-008185-PV1,2019-07-23,SLURRY,0.0,0.0,0.0,0.0,0.0,
SS-008086-PV1,2019-07-23,OVERLAY,0.0,0.0,0.0,0.0,0.0,
SS-008087-PV1,2019-07-23,OVERLAY,0.0,0.0,0.0,0.0,0.0,
SS-029494-PV1,2019-07-23,OVERLAY,0.0,0.0,0.0,0.0,0.0,
SS-011655-PV1,2019-07-23,SLURRY,0.0,0.0,0.0,0.0,0.0,
SS-028166-PV1,2019-07-23,OVERLAY,0.0,0.0,0.0,0.0,0.0,
SS-006275-PV1,2019-07-23,SLURRY,0.0,0.0,0.0,0.0,0.0,
SS-014862-PV1,2019-07-24,SLURRY,0.0,0.0,0.0,0.0,0.0,
SS-017943-PV1,2019-07-24,SLURRY,0.0,0.0,0.0,0.0,0.0,
SS-026393-PV1,2019-07-24,OVERLAY,0.0,0.5,0.0,4.531561813077881,-0.5,
SS-026651-PV1,2019-07-24,SLURRY,0.0,0.0,0.0,0.0,0.0,
SS-019114-PV1,2019-07-24,SLURRY,0.0,0.0,0.0,0.0,0.0,
SS-008194-PV1,2019-07-24,SLURRY,1.5,0.5,11.579516186760051,3.859838728920017,1.0,66.66666666666666
SS-007879-PV1,2019-07-24,SLURRY,0.0,0.0,0.0,0.0,0.0,
SS-008188-PV1,2019-07-24,SLURRY,0.0,0.5,0.0,7.178629871475334,-0.5,
SS-013761-PV1,2019-07-24,OVERLAY,0.5,0.5,4.552469801088109,4.552469801088109,0.0,0.0
SS-002362-PV1,2019-07-24,OVERLAY,0.0,0.0,0.0,0.0,0.0,
SS-018307-PV1,2019-07-24,OVERLAY,0.0,0.0,0.0,0.0,0.0,
SS-009747-PV1,2019-07-24,SLURRY,0.0,0.0,0.0,0.0,0.0,
SS-025986-PV1,2019-07-24,SLURRY,0.0,0.0,0.0,0.0,0.0,
SS-007880-PV1,2019-07-24,SLURRY,0.0,0.5,0.0,10.775413445267024,-0.5,
SS-013918-PV1,2019-07-24,SLURRY,0.0,0.0,0.0,0.0,0.0,
SS-025980-PV1,2019-07-24,SLURRY,0.0,0.0,0.0,0.0,0.0,
SS-026225-PV1,2019-07-24,SLURRY,0.0,0.0,0.0,0.0,0.0,
SS-026647-PV1,2019-07-24,SLURRY,0.0,0.0,0.0,0.0,0.0,
SS-009746-PV1,2019-07-24,SLURRY,0.0,0.5,0.0,5.6309921274890735,-0.5,
SS-009744-PV1,2019-07-24,SLURRY,0.0,0.0,0.0,0.0,0.0,
SS-011667-PV1,2019-07-24,SLURRY,0.5,0.5,2.9826979791204367,2.9826979791204367,0.0,0.0
SS-016199-PV1,2019-07-24,OVERLAY,0.0,0.5,0.0,4.541093281968522,-0.5,
SS-012865-PV1,2019-07-24,OVERLAY,0.0,0.0,0.0,0.0,0.0,
SS-002363-PV1,2019-07-24,OVERLAY,0.0,0.0,0.0,0.0,0.0,
SS-010320-PV1,2019-07-24,OVERLAY,0.0,0.0,0.0,0.0,0.0,
SS-026297-PV1,2019-07-24,SLURRY,0.0,0.0,0.0,0.0,0.0,
SS-001655-PV1,2019-07-25,SLURRY,0.0,0.0,0.0,0.0,0.0,
SS-013920-PV1,2019-07-25,SLURRY,0.0,1.0,0.0,9.603469471607289,-1.0,
SS-013917-PV1,2019-07-25,SLURRY,0.5,2.0,2.109531679172833,8.438126716691333,-1.5,-300.0
SS-020788-PV1,2019-07-25,SLURRY,0.0,0.0,0.0,0.0,0.0,
SS-022552-PV1,2019-07-25,SLURRY,0.0,0.0,0.0,0.0,0.0,
SS-013944-PV1,2019-07-25,SLURRY,0.0,0.0,0.0,0.0,0.0,
SS-019568-PV1,2019-07-25,SLURRY,0.0,0.0,0.0,0.0,0.0,
SS-007878-PV1,2019-07-25,SLURRY,0.0,0.0,0.0,0.0,0.0,
SS-029674-PV1,2019-07-25,OVERLAY,0.0,0.0,0.0,0.0,0.0,
SS-029673-PV1,2019-07-25,OVERLAY,0.0,0.5,0.0,9.000068523248984,-0.5,
SS-025987-PV1,2019-07-25,SLURRY,0.0,0.0,0.0,0.0,0.0,
SS-021730-PV1,2019-07-25,SLURRY,0.0,0.0,0.0,0.0,0.0,
SS-012746-PV1,2019-07-25,SLURRY,0.0,0.0,0.0,0.0,0.0,
SS-029672-PV1,2019-07-25,OVERLAY,0.0,0.5,0.0,4.048841916188052,-0.5,
SS-020087-PV1,2019-07-25,SLURRY,0.0,0.0,0.0,0.0,0.0,
SS-007876-PV1,2019-07-25,SLURRY,0.0,0.0,0.0,0.0,0.0,
SS-019549-PV1,2019-07-25,SLURRY,0.0,0.0,0.0,0.0,0.0,
SS-013373-PV1,2019-07-25,SLURRY,0.0,1.0,0.0,8.185692432838952,-1.0,
SS-025988-PV1,2019-07-25,SLURRY,0.0,0.0,0.0,0.0,0.0,
SS-006283-PV1,2019-07-25,SLURRY,0.0,0.0,0.0,0.0,0.0,
SS-021849-PV1,2019-07-25,SLURRY,0.0,0.0,0.0,0.0,0.0,
SS-011665-PV1,2019-07-25,SLURRY,0.0,0.5,0.0,9.047925214785407,-0.5,
SS-019569-PV1,2019-07-25,SLURRY,0.0,0.0,0.0,0.0,0.0,
SS-019570-PV1,2019-07-25,SLURRY,0.0,0.0,0.0,0.0,0.0,
SS-025383-PV1,2019-07-25,SLURRY,0.0,0.0,0.0,0.0,0.0,
SS-016134-PV1,2019-07-25,SLURRY,0.0,0.0,0.0,0.0,0.0,
SS-012367-PV1,2019-07-25,SLURRY,0.0,0.5,0.0,6.71747178789074,-0.5,
SS-012375-PV1,2019-07-25,SLURRY,0.5,0.0,7.006280174774843,0.0,0.5,100.0
SS-002660-PV1,2019-07-25,OVERLAY,0.0,0.0,0.0,0.0,0.0,
SS-009745-PV1,2019-07-25,SLURRY,0.0,0.5,0.0,11.01053341029585,-0.5,
SS-000747-PV1,2019-07-26,SLURRY,0.0,0.5,0.0,8.25,-0.5,
SS-002659-PV1,2019-07-26,OVERLAY,0.0,0.0,0.0,0.0,0.0,
SS-021066-PV1,2019-07-26,SLURRY,0.0,0.5,0.0,7.696793002915452,-0.5,
SS-021068-PV1,2019-07-26,SLURRY,0.5,0.0,8.107657406022577,0.0,0.5,100.0
SS-021059-PV1,2019-07-26,SLURRY,0.0,0.0,0.0,0.0,0.0,
SS-021922-PV1,2019-07-26,OVERLAY,0.0,0.0,0.0,0.0,0.0,
SS-021921-PV1,2019-07-26,OVERLAY,0.0,0.0,0.0,0.0,0.0,
SS-000749-PV1,2019-07-26,SLURRY,0.0,0.0,0.0,0.0,0.0,
SS-025985-PV1,2019-07-26,SLURRY,0.5,0.5,12.174381412302028,12.174381412302028,0.0,0.0
SS-025984-PV1,2019-07-26,SLURRY,0.0,0.0,0.0,0.0,0.0,
SS-021668-PV1,2019-07-26,SLURRY,0.0,0.0,0.0,0.0,0.0,
SS-000750-PV1,2019-07-26,SLURRY,0.0,0.0,0.0,0.0,0.0,
SS-007885-PV1,2019-07-26,SLURRY,1.5,0.0,33.276933412940274,0.0,1.5,100.0
SS-000751-PV1,2019-07-26,SLURRY,0.0,0.0,0.0,0.0,0.0,
SS-008195-PV1,2019-07-26,SLURRY,0.0,0.0,0.0,0.0,0.0,
SS-000753-PV1,2019-07-26,SLURRY,0.0,0.0,0.0,0.0,0.0,
SS-008193-PV1,2019-07-26,SLURRY,0.0,0.0,0.0,0.0,0.0,
SS-012369-PV1,2019-07-26,SLURRY,0.0,0.0,0.0,0.0,0.0,
SS-017854-PV1,2019-07-26,OVERLAY,0.0,0.0,0.0,0.0,0.0,
SS-012370-PV1,2019-07-26,SLURRY,0.0,0.0,0.0,0.0,0.0,
SS-012747-PV1,2019-07-26,SLURRY,0.0,0.5,0.0,6.947152693679512,-0.5,
SS-012743-PV1,2019-07-26,SLURRY,0.0,0.5,0.0,3.9758317620765893,-0.5,
SS-019551-PV1,2019-07-26,SLURRY,0.0,0.0,0.0,0.0,0.0,
SS-019552-PV1,2019-07-26,SLURRY,0.0,0.0,0.0,0.0,0.0,
SS-012744-PV1,2019-07-26,SLURRY,0.0,0.0,0.0,0.0,0.0,
SS-025353-PV1,2019-07-26,SLURRY,0.0,0.0,0.0,0.0,0.0,
SS-019553-PV1,2019-07-26,SLURRY,0.0,0.0,0.0,0.0,0.0,
SS-012368-PV1,2019-07-26,SLURRY,0.0,0.5,0.0,13.26027457809473,-0.5,
SS-011661-PV1,2019-07-26,SLURRY,0.5,0.5,5.966262143546912,5.966262143546912,0.0,0.0
SS-005173-PV1,2019-07-26,SLURRY,0.0,0.0,0.0,0.0,0.0,
SS-010325-PV1,2019-07-28,OVERLAY,0.0,0.0,0.0,0.0,0.0,
SS-007882-PV1,2019-07-29,SLURRY,0.0,0.0,0.0,0.0,0.0,
SS-006284-PV1,2019-07-29,SLURRY,0.0,0.0,0.0,0.0,0.0,
SS-028121-PV1,2019-07-29,SLURRY,0.0,0.0,0.0,0.0,0.0,
SS-017941-PV1,2019-07-29,SLURRY,0.0,0.5,0.0,2.3386073061989925,-0.5,
SS-016436-PV1,2019-07-29,SLURRY,0.0,0.0,0.0,0.0,0.0,
SS-018697-PV1,2019-07-29,SLURRY,0.0,0.0,0.0,0.0,0.0,
SS-016437-PV1,2019-07-29,SLURRY,0.0,0.5,0.0,6.848478198103128,-0.5,
SS-007877-PV1,2019-07-29,SLURRY,0.0,0.5,0.0,6.255851531581742,-0.5,
SS-008191-PV1,2019-07-29,SLURRY,0.0,0.0,0.0,0.0,0.0,
SS-008190-PV1,2019-07-29,SLURRY,0.0,0.0,0.0,0.0,0.0,
SS-011663-PV1,2019-07-29,SLURRY,0.0,0.5,0.0,9.663338793363776,-0.5,
SS-006282-PV1,2019-07-29,SLURRY,0.0,0.5,0.0,8.491151351878136,-0.5,
SS-028120-PV1,2019-07-29,SLURRY,0.0,0.0,0.0,0.0,0.0,
SS-008192-PV1,2019-07-29,SLURRY,0.0,0.0,0.0,0.0,0.0,
SS-003504-PV1,2019-07-29,OVERLAY,0.0,0.0,0.0,0.0,0.0,
SS-003503-PV1,2019-07-29,OVERLAY,0.0,0.0,0.0,0.0,0.0,
SS-003502-PV1,2019-07-29,OVERLAY,0.0,0.0,0.0,0.0,0.0,
SS-015356-PV1,2019-07-29,SLURRY,0.0,0.0,0.0,0.0,0.0,
SS-008187-PV1,2019-07-29,SLURRY,0.0,0.0,0.0,0.0,0.0,
SS-011664-PV1,2019-07-29,SLURRY,0.0,0.0,0.0,0.0,0.0,
SS-003505-PV1,2019-07-29,OVERLAY,0.0,0.0,0.0,0.0,0.0,
SS-004435-PV1,2019-07-30,SLURRY,0.0,0.0,0.0,0.0,0.0,
SS-011660-PV1,2019-07-30,SLURRY,0.0,0.0,0.0,0.0,0.0,
SS-015355-PV1,2019-07-30,SLURRY,0.0,0.0,0.0,0.0,0.0,
SS-007881-PV1,2019-07-30,SLURRY,0.5,0.0,3.687452632296442,0.0,0.5,100.0
SS-013919-PV1,2019-07-30,SLURRY,0.0,0.0,0.0,0.0,0.0,
SS-016435-PV1,2019-07-30,SLURRY,0.0,0.0,0.0,0.0,0.0,
SS-016434-PV1,2019-07-30,SLURRY,0.0,0.0,0.0,0.0,0.0,
SS-020086-PV1,2019-07-30,SLURRY,0.0,2.0,0.0,51.23736290609006,-2.0,
SS-016439-PV1,2019-07-30,SLURRY,0.0,0.0,0.0,0.0,0.0,
SS-023135-PV1,2019-07-30,SLURRY,0.0,0.0,0.0,0.0,0.0,
SS-028468-PV1,2019-07-30,SLURRY,0.5,0.0,4.312429647365767,0.0,0.5,100.0
SS-008103-PV1,2019-07-30,SLURRY,0.0,0.0,0.0,0.0,0.0,
SS-008189-PV1,2019-07-30,SLURRY,0.0,0.5,0.0,5.4825130676945,-0.5,
SS-028411-PV1,2019-07-30,OVERLAY,0.5,0.5,9.978632874379219,9.978632874379219,0.0,0.0
SS-013217-PV1,2019-07-31,SLURRY,0.0,0.0,0.0,0.0,0.0,
SS-000748-PV1,2019-07-31,SLURRY,0.0,0.0,0.0,0.0,0.0,
SS-025982-PV1,2019-07-31,SLURRY,0.0,0.0,0.0,0.0,0.0,
SS-009410-PV1,2019-07-31,SLURRY,0.0,0.0,0.0,0.0,0.0,
SS-025981-PV1,2019-07-31,SLURRY,0.0,0.0,0.0,0.0,0.0,
SS-021060-PV1,2019-08-01,SLURRY,0.0,0.0,0.0,0.0,0.0,
SS-016133-PV1,2019-08-01,SLURRY,0.0,0.0,0.0,0.0,0.0,
SS-016158-PV1,2019-08-01,SLURRY,0.0,0.0,0.0,0.0,0.0,
SS-021067-PV1,2019-08-01,SLURRY,0.0,0.0,0.0,0.0,0.0,
SS-011578-PV1,2019-08-02,SLURRY,1.5,0.0,21.063835389317923,0.0,1.5,100.0
SS-000746-PV1,2019-08-02,SLURRY,0.0,0.0,0.0,0.0,0.0,
SS-002012-PV1,2019-08-02,SLURRY,0.0,0.5,0.0,6.9841048123656755,-0.5,
SS-012741-PV1,2019-08-02,SLURRY,0.0,0.0,0.0,0.0,0.0,
SS-011577-PV1,2019-08-02,SLURRY,0.0,0.5,0.0,6.839167393544084,-0.5,
SS-002011-PV1,2019-08-02,SLURRY,0.0,1.0,0.0,13.858067665689866,-1.0,
SS-012742-PV1,2019-08-02,SLURRY,0.0,1.0,0.0,8.085605738207382,-1.0,
SS-002013-PV1,2019-08-02,SLURRY,0.0,0.5,0.0,6.965677153528802,-0.5,
SS-001538-PV1,2019-08-06,OVERLAY,0.0,0.0,0.0,0.0,0.0,
SS-011212-PV1,2019-08-06,OVERLAY,0.0,0.0,0.0,0.0,0.0,
SS-009543-PV1,2019-08-06,OVERLAY,0.0,0.0,0.0,0.0,0.0,
SS-011574-PV1,2019-08-07,SLURRY,0.0,0.0,0.0,0.0,0.0,
SS-029857-PV1,2019-08-07,SLURRY,0.0,0.0,0.0,0.0,0.0,
SS-011576-PV1,2019-08-07,SLURRY,0.0,0.0,0.0,0.0,0.0,
SS-011575-PV1,2019-08-07,SLURRY,0.0,0.5,0.0,6.983908967921107,-0.5,
SS-020044-PV1,2019-08-07,SLURRY,0.0,0.5,0.0,3.8652339337671666,-0.5,
SS-020043-PV1,2019-08-07,SLURRY,0.0,0.0,0.0,0.0,0.0,
SS-011573-PV1,2019-08-07,SLURRY,0.0,0.0,0.0,0.0,0.0,
SS-029868-PV1,2019-08-08,SLURRY,0.0,0.0,0.0,0.0,0.0,
SS-030086-PV1,2019-08-08,CONCRETE,0.0,0.0,0.0,0.0,0.0,
SS-029867-PV1,2019-08-08,SLURRY,0.0,0.0,0.0,0.0,0.0,
SS-030034-PV1,2019-08-09,OVERLAY,0.0,0.0,0.0,0.0,0.0,
SS-030057-PV1,2019-08-09,OVERLAY,0.0,0.0,0.0,0.0,0.0,
SS-001707-PV1,2019-08-13,SLURRY,0.0,0.0,0.0,0.0,0.0,
SS-024433-PV1,2019-08-13,SLURRY,0.0,0.0,0.0,0.0,0.0,
SS-024430-PV1,2019-08-13,SLURRY,0.0,0.0,0.0,0.0,0.0,
SS-024250-PV1,2019-08-15,SLURRY,0.0,0.0,0.0,0.0,0.0,
SS-022082-PV1,2019-08-15,SLURRY,1.0,0.0,14.560934061858045,0.0,1.0,100.0
SS-012533-PV1,2019-08-15,SLURRY,0.0,0.0,0.0,0.0,0.0,
SS-030087-PV1,2019-08-15,CONCRETE,1.0,0.5,7.53414336789907,3.767071683949535,0.5,50.0
SS-022081-PV1,2019-08-15,SLURRY,0.0,0.0,0.0,0.0,0.0,
SS-026552-PV1,2019-08-15,SLURRY,0.0,0.0,0.0,0.0,0.0,
SS-000291-PV1,2019-08-18,SLURRY,0.5,0.5,6.874978515692138,6.874978515692138,0.0,0.0
SS-000245-PV1,2019-08-18,SLURRY,0.0,0.5,0.0,6.9109730545349075,-0.5,
SS-000244-PV1,2019-08-18,SLURRY,0.5,0.0,7.058819754641842,0.0,0.5,100.0
SS-000298-PV1,2019-08-18,SLURRY,0.5,0.0,6.929033832844933,0.0,0.5,100.0
SS-000297-PV1,2019-08-18,SLURRY,0.0,0.0,0.0,0.0,0.0,
SS-000294-PV1,2019-08-18,SLURRY,0.5,0.0,6.965677153528802,0.0,0.5,100.0
SS-000251-PV1,2019-08-18,SLURRY,1.0,0.0,13.469349958456748,0.0,1.0,100.0
SS-000293-PV1,2019-08-18,SLURRY,1.0,0.5,14.005260460709408,7.002630230354704,0.5,50.0
SS-000090-PV1,2019-08-18,SLURRY,0.5,0.5,6.910902498422141,6.910902498422141,0.0,0.0
SS-000296-PV1,2019-08-18,SLURRY,0.5,0.0,6.700424284063472,0.0,0.5,100.0
SS-000091-PV1,2019-08-18,SLURRY,0.0,0.5,0.0,7.0397766044224195,-0.5,
SS-000093-PV1,2019-08-18,SLURRY,0.5,0.0,6.983908967921107,0.0,0.5,100.0
SS-000246-PV1,2019-08-18,SLURRY,1.5,1.5,20.732707495266425,20.732707495266425,0.0,0.0
SS-000292-PV1,2019-08-18,SLURRY,0.5,1.0,6.929130220929017,13.858260441858034,-0.5,-100.0
SS-000250-PV1,2019-08-18,SLURRY,0.5,2.5,6.892853207813779,34.464266039068896,-2.0,-400.0
SS-000295-PV1,2019-08-18,SLURRY,0.5,1.5,6.947364764544861,20.842094293634585,-1.0,-200.0
SS-014093-PV1,2019-08-19,SLURRY,0.0,1.5,0.0,21.29001925510201,-1.5,
SS-014811-PV1,2019-08-19,SLURRY,0.0,0.5,0.0,9.565224322626321,-0.5,
SS-000056-PV1,2019-08-19,SLURRY,0.0,0.5,0.0,7.0399023800203295,-0.5,
SS-000273-PV1,2019-08-19,SLURRY,0.5,0.5,6.979507215065583,6.979507215065583,0.0,0.0
SS-015201-PV1,2019-08-19,SLURRY,0.0,0.0,0.0,0.0,0.0,
SS-014808-PV1,2019-08-19,SLURRY,1.0,0.5,18.992675949337038,9.496337974668519,0.5,50.0
SS-000057-PV1,2019-08-19,SLURRY,0.5,1.0,6.839351660550541,13.678703321101082,-0.5,-100.0
SS-014809-PV1,2019-08-19,SLURRY,0.0,0.5,0.0,9.46230115278785,-0.5,
SS-015202-PV1,2019-08-19,SLURRY,0.5,1.0,7.077647422167997,14.155294844335994,-0.5,-100.0
SS-000055-PV1,2019-08-19,SLURRY,2.0,1.5,27.789385928254966,20.842039446191222,0.5,25.0
SS-014810-PV1,2019-08-19,SLURRY,0.5,0.0,9.328559278223928,0.0,0.5,100.0
SS-029980-PV1,2019-08-20,OVERLAY,0.0,0.0,0.0,0.0,0.0,
SS-010984-PV1,2019-08-21,SLURRY,1.0,0.0,9.101165138745367,0.0,1.0,100.0
SS-006880-PV1,2019-08-21,SLURRY,0.0,0.0,0.0,0.0,0.0,
SS-013762-PV1,2019-08-21,SLURRY,0.0,0.0,0.0,0.0,0.0,
SS-013760-PV1,2019-08-21,SLURRY,0.0,1.5,0.0,13.697568750726386,-1.5,
SS-009191-PV1,2019-08-21,SLURRY,0.0,0.0,0.0,0.0,0.0,
SS-018661-PV1,2019-08-21,SLURRY,0.0,0.0,0.0,0.0,0.0,
SS-006879-PV1,2019-08-21,SLURRY,0.0,0.5,0.0,4.537280721730119,-0.5,
SS-018660-PV1,2019-08-21,SLURRY,0.0,0.0,0.0,0.0,0.0,
SS-004803-PV1,2019-08-22,OVERLAY,0.0,0.0,0.0,0.0,0.0,
SS-009188-PV1,2019-08-23,SLURRY,0.0,0.5,0.0,4.571600352775161,-0.5,
SS-009187-PV1,2019-08-23,SLURRY,0.5,0.0,4.571602727722961,0.0,0.5,100.0
SS-026390-PV1,2019-08-23,SLURRY,0.0,1.0,0.0,9.044422503345407,-1.0,
SS-026389-PV1,2019-08-23,SLURRY,0.0,1.0,0.0,9.177906415252291,-1.0,
SS-013759-PV1,2019-08-23,SLURRY,0.0,0.0,0.0,0.0,0.0,
SS-013758-PV1,2019-08-23,SLURRY,0.0,0.0,0.0,0.0,0.0,
SS-010982-PV1,2019-08-23,SLURRY,1.0,0.5,9.147059246438234,4.573529623219117,0.5,50.0
SS-010983-PV1,2019-08-23,SLURRY,0.0,0.0,0.0,0.0,0.0,
SS-026388-PV1,2019-08-23,SLURRY,0.0,0.5,0.0,4.444663684589156,-0.5,
SS-010981-PV1,2019-08-23,SLURRY,0.0,0.5,0.0,4.525984551648941,-0.5,
SS-010318-PV1,2019-08-27,SLURRY,0.0,0.0,0.0,0.0,0.0,
SS-010319-PV1,2019-08-27,SLURRY,0.0,0.0,0.0,0.0,0.0,
SS-009967-PV1,2019-08-27,SLURRY,0.0,0.0,0.0,0.0,0.0,
SS-018659-PV1,2019-08-27,SLURRY,0.0,0.5,0.0,4.541094063087149,-0.5,
SS-010317-PV1,2019-08-27,SLURRY,0.0,0.0,0.0,0.0,0.0,
SS-026392-PV1,2019-08-27,SLURRY,0.0,1.5,0.0,13.737876800732966,-1.5,
SS-006121-PV1,2019-08-29,SLURRY,0.0,0.0,0.0,0.0,0.0,
SS-014722-PV1,2019-08-29,SLURRY,0.0,0.0,0.0,0.0,0.0,
SS-006120-PV1,2019-08-29,SLURRY,0.0,0.0,0.0,0.0,0.0,
SS-006119-PV1,2019-08-29,SLURRY,0.0,0.0,0.0,0.0,0.0,
SS-014721-PV1,2019-08-29,SLURRY,0.0,0.0,0.0,0.0,0.0,
SS-006122-PV1,2019-08-29,SLURRY,0.0,0.0,0.0,0.0,0.0,
SS-006118-PV1,2019-08-29,SLURRY,0.0,0.0,0.0,0.0,0.0,
SS-014723-PV1,2019-08-29,SLURRY,0.0,0.0,0.0,0.0,0.0,
SS-026734-PV1,2019-08-30,SLURRY,0.0,0.5,0.0,1.076687868309328,-0.5,
SS-026727-PV1,2019-08-30,SLURRY,0.0,0.0,0.0,0.0,0.0,
SS-014747-PV1,2019-09-06,SLURRY,0.0,0.0,0.0,0.0,0.0,
SS-018898-PV1,2019-09-06,SLURRY,0.0,0.0,0.0,0.0,0.0,
SS-002114-PV1,2019-09-06,SLURRY,0.0,0.0,0.0,0.0,0.0,
SS-018900-PV1,2019-09-06,SLURRY,0.0,0.0,0.0,0.0,0.0,
SS-002111-PV1,2019-09-06,SLURRY,0.0,0.0,0.0,0.0,0.0,
SS-002112-PV1,2019-09-06,SLURRY,0.0,0.0,0.0,0.0,0.0,
SS-018899-PV1,2019-09-09,SLURRY,0.0,0.0,0.0,0.0,0.0,
SS-002115-PV1,2019-09-09,SLURRY,0.0,0.0,0.0,0.0,0.0,
SS-002113-PV1,2019-09-09,SLURRY,0.0,0.0,0.0,0.0,0.0,
SS-007603-PV1,2019-09-09,SLURRY,0.0,0.0,0.0,0.0,0.0,
SS-006581-PV1,2019-09-09,SLURRY,0.0,0.0,0.0,0.0,0.0,
SS-002116-PV1,2019-09-09,SLURRY,0.0,0.0,0.0,0.0,0.0,
SS-007672-PV1,2019-09-19,OVERLAY,0.5,1.0,6.990779320957006,13.981558641914011,-0.5,-100.0
SS-029968-PV1,2019-09-19,OVERLAY,0.0,0.0,0.0,0.0,0.0,
SS-029987-PV1,2019-09-20,OVERLAY,0.0,0.0,0.0,0.0,0.0,
SS-008465-PV1,2019-09-20,OVERLAY,0.0,0.0,0.0,0.0,0.0,
SS-029986-PV1,2019-09-20,OVERLAY,0.0,0.0,0.0,0.0,0.0,
SS-030759-PV1,2019-09-20,SLURRY,2.5,3.5,10.123641878929526,14.173098630501336,-1.0,-40.0
SS-007668-PV1,2019-09-20,OVERLAY,0.0,0.5,0.0,6.839287874693882,-0.5,
SS-005741-PV1,2019-09-20,SLURRY,3.0,2.0,10.803836098440136,7.20255739896009,1.0,33.33333333333333
SS-005783-PV1,2019-09-20,SLURRY,2.0,7.0,2.038544907493786,7.13490717622825,-5.0,-250.0
SS-005749-PV1,2019-09-20,SLURRY,0.0,1.0,0.0,7.187606605954986,-1.0,
SS-005753-PV1,2019-09-20,SLURRY,2.0,1.5,15.271474317675299,11.453605738256474,0.5,25.0
SS-010826-PV1,2019-09-24,OVERLAY,0.0,0.0,0.0,0.0,0.0,
SS-026391-PV1,2019-09-25,SLURRY,0.5,0.0,4.565855460581535,0.0,0.5,100.0
SS-009005-PV1,2019-09-26,SLURRY,0.0,0.0,0.0,0.0,0.0,
SS-008017-PV1,2019-09-26,SLURRY,0.0,0.0,0.0,0.0,0.0,
SS-024086-PV1,2019-09-26,SLURRY,0.0,0.0,0.0,0.0,0.0,
SS-028780-PV1,2019-09-26,SLURRY,0.0,0.0,0.0,0.0,0.0,
SS-009004-PV1,2019-09-26,SLURRY,0.0,0.0,0.0,0.0,0.0,
SS-008013-PV1,2019-09-26,SLURRY,0.0,0.0,0.0,0.0,0.0,
SS-015657-PV1,2019-09-26,SLURRY,0.0,0.0,0.0,0.0,0.0,
SS-008015-PV1,2019-09-26,SLURRY,0.0,0.0,0.0,0.0,0.0,
SS-009969-PV1,2019-09-27,SLURRY,3.5,6.0,65.37698072263498,112.07482409594569,-2.5,-71.42857142857143
SS-008016-PV1,2019-09-27,SLURRY,0.0,0.0,0.0,0.0,0.0,
SS-007596-PV1,2019-09-27,SLURRY,4.0,3.5,3.297589719539214,2.885391004596812,0.5,12.5
SS-010683-PV1,2019-09-27,SLURRY,0.0,0.0,0.0,0.0,0.0,
SS-002971-PV1,2019-09-27,SLURRY,0.0,0.0,0.0,0.0,0.0,
SS-023436-PV1,2019-09-27,SLURRY,0.0,0.0,0.0,0.0,0.0,
SS-019892-PV1,2019-09-27,SLURRY,0.0,1.0,0.0,7.9750935412013275,-1.0,
SS-009964-PV1,2019-09-27,SLURRY,0.0,0.0,0.0,0.0,0.0,
SS-004480-PV1,2019-09-27,SLURRY,0.0,0.5,0.0,3.264314110109024,-0.5,
SS-009968-PV1,2019-09-27,SLURRY,0.0,1.5,0.0,22.746136459586836,-1.5,
SS-015481-PV1,2019-09-27,SLURRY,0.0,0.0,0.0,0.0,0.0,
SS-009963-PV1,2019-09-27,SLURRY,1.5,1.5,11.700338379104258,11.700338379104258,0.0,0.0
SS-009970-PV1,2019-09-27,SLURRY,0.5,3.5,3.7620594311338635,26.334416017937045,-3.0,-600.0
SS-009965-PV1,2019-09-27,SLURRY,1.5,1.5,10.660683761719183,10.660683761719183,0.0,0.0
SS-001495-PV1,2019-09-27,SLURRY,0.0,0.0,0.0,0.0,0.0,
SS-020972-PV1,2019-09-27,SLURRY,0.0,0.0,0.0,0.0,0.0,
SS-008019-PV1,2019-09-27,SLURRY,0.0,0.0,0.0,0.0,0.0,
SS-020973-PV1,2019-09-27,SLURRY,1.0,1.5,5.92456945884444,8.886854188266659,-0.5,-50.0
SS-019215-PV1,2019-09-29,OVERLAY,0.0,0.5,0.0,4.0003206317597275,-0.5,
SS-029064-PV1,2019-09-30,SLURRY,0.0,0.0,0.0,0.0,0.0,
SS-029067-PV1,2019-09-30,SLURRY,0.0,0.0,0.0,0.0,0.0,
SS-029065-PV1,2019-09-30,SLURRY,0.0,0.0,0.0,0.0,0.0,
SS-013993-PV1,2019-09-30,SLURRY,0.5,0.0,1.3695365477946986,0.0,0.5,100.0
SS-029066-PV1,2019-09-30,SLURRY,0.0,0.0,0.0,0.0,0.0,
SS-013991-PV1,2019-09-30,SLURRY,0.0,0.0,0.0,0.0,0.0,
SS-000600-PV1,2019-10-01,OVERLAY,0.0,0.0,0.0,0.0,0.0,
SS-000544-PV1,2019-10-01,SLURRY,0.0,0.0,0.0,0.0,0.0,
SS-003315-PV1,2019-10-01,OVERLAY,0.5,0.0,4.099355966333107,0.0,0.5,100.0
SS-001576-PV1,2019-10-01,OVERLAY,0.0,1.5,0.0,11.76820208023774,-1.5,
SS-005237-PV1,2019-10-01,OVERLAY,0.0,0.5,0.0,3.798545847585075,-0.5,
SS-004946-PV1,2019-10-01,OVERLAY,0.5,0.5,4.118506273935893,4.118506273935893,0.0,0.0
SS-004947-PV1,2019-10-01,OVERLAY,0.5,1.0,3.776820792428505,7.55364158485701,-0.5,-100.0
SS-001589-PV1,2019-10-01,OVERLAY,0.5,0.0,4.093023255813954,0.0,0.5,100.0
SS-000601-PV1,2019-10-01,OVERLAY,0.0,0.5,0.0,6.916897666595053,-0.5,
SS-003306-PV1,2019-10-01,OVERLAY,0.0,0.5,0.0,3.849276897296189,-0.5,
SS-004965-PV1,2019-10-01,OVERLAY,0.0,0.0,0.0,0.0,0.0,
SS-003305-PV1,2019-10-01,OVERLAY,0.0,0.5,0.0,4.024347914633215,-0.5,
SS-000602-PV1,2019-10-01,OVERLAY,0.5,0.0,6.9471289279238,0.0,0.5,100.0
SS-001575-PV1,2019-10-01,OVERLAY,0.0,1.0,0.0,8.061068702290076,-1.0,
SS-005236-PV1,2019-10-01,OVERLAY,1.0,0.5,8.024279524561438,4.012139762280719,0.5,50.0
SS-030810-PV1,2019-10-03,SLURRY,0.0,0.0,0.0,0.0,0.0,
SS-031264-PV1,2019-10-03,SLURRY,0.0,0.0,0.0,0.0,0.0,
SS-008033-PV1,2019-10-03,SLURRY,0.0,0.0,0.0,0.0,0.0,
SS-031263-PV1,2019-10-03,SLURRY,0.0,0.0,0.0,0.0,0.0,
SS-030799-PV1,2019-10-03,SLURRY,0.0,0.0,0.0,0.0,0.0,
SS-030809-PV1,2019-10-03,SLURRY,0.0,0.0,0.0,0.0,0.0,
SS-003062-PV1,2019-10-03,SLURRY,0.0,0.0,0.0,0.0,0.0,
SS-021727-PV1,2019-10-03,SLURRY,0.0,0.0,0.0,0.0,0.0,
SS-030806-PV1,2019-10-03,SLURRY,0.0,0.0,0.0,0.0,0.0,
SS-025367-PV1,2019-10-03,SLURRY,0.0,0.0,0.0,0.0,0.0,
SS-030804-PV1,2019-10-03,SLURRY,0.0,0.0,0.0,0.0,0.0,
SS-003059-PV1,2019-10-03,SLURRY,0.0,0.0,0.0,0.0,0.0,
SS-030803-PV1,2019-10-03,SLURRY,0.0,0.0,0.0,0.0,0.0,
SS-013219-PV1,2019-10-03,SLURRY,0.0,0.0,0.0,0.0,0.0,
SS-003061-PV1,2019-10-03,SLURRY,0.0,0.0,0.0,0.0,0.0,
SS-030792-PV1,2019-10-04,SLURRY,0.0,0.0,0.0,0.0,0.0,
SS-030790-PV1,2019-10-04,SLURRY,0.0,0.0,0.0,0.0,0.0,
SS-030802-PV1,2019-10-04,SLURRY,0.0,0.0,0.0,0.0,0.0,
SS-026579-PV1,2019-10-04,SLURRY,0.0,0.0,0.0,0.0,0.0,
SS-008772-PV1,2019-10-04,SLURRY,0.0,1.0,0.0,3.9939485627836615,-1.0,
SS-030807-PV1,2019-10-04,SLURRY,0.0,0.0,0.0,0.0,0.0,
SS-008771-PV1,2019-10-04,SLURRY,0.0,0.0,0.0,0.0,0.0,
SS-030798-PV1,2019-10-04,SLURRY,0.0,0.0,0.0,0.0,0.0,
SS-031265-PV1,2019-10-04,SLURRY,0.0,0.0,0.0,0.0,0.0,
SS-030791-PV1,2019-10-04,SLURRY,0.0,0.0,0.0,0.0,0.0,
SS-000531-PV1,2019-10-04,SLURRY,0.0,1.0,0.0,32.380818044946786,-1.0,
SS-021529-PV1,2019-10-04,SLURRY,0.0,0.0,0.0,0.0,0.0,
SS-003063-PV1,2019-10-04,SLURRY,0.0,0.0,0.0,0.0,0.0,
SS-021527-PV1,2019-10-04,SLURRY,1.5,2.5,20.758138592551024,34.596897654251705,-1.0,-66.66666666666666
SS-021528-PV1,2019-10-04,SLURRY,0.0,0.0,0.0,0.0,0.0,
SS-003060-PV1,2019-10-04,SLURRY,0.0,0.0,0.0,0.0,0.0,
SS-015489-PV1,2019-10-04,SLURRY,0.0,1.0,0.0,12.553775571779303,-1.0,
SS-015490-PV1,2019-10-04,SLURRY,1.5,1.0,12.871246902043636,8.58083126802909,0.5,33.33333333333333
SS-013220-PV1,2019-10-04,SLURRY,0.0,0.0,0.0,0.0,0.0,
SS-030793-PV1,2019-10-04,SLURRY,0.0,0.0,0.0,0.0,0.0,
SS-023825-PV1,2019-10-05,SLURRY,0.0,0.5,0.0,10.731401951976977,-0.5,
SS-013010-PV1,2019-10-06,OVERLAY,0.0,0.0,0.0,0.0,0.0,
SS-013011-PV1,2019-10-06,OVERLAY,0.0,0.0,0.0,0.0,0.0,
SS-025007-PV1,2019-10-06,OVERLAY,0.0,0.0,0.0,0.0,0.0,
SS-008821-PV1,2019-10-06,OVERLAY,0.0,0.0,0.0,0.0,0.0,
SS-003449-PV1,2019-10-06,OVERLAY,0.0,0.0,0.0,0.0,0.0,
SS-025969-PV1,2019-10-06,OVERLAY,0.0,0.0,0.0,0.0,0.0,
SS-002264-PV1,2019-10-06,OVERLAY,0.0,0.5,0.0,8.338897863031077,-0.5,
SS-002263-PV1,2019-10-06,OVERLAY,0.0,0.0,0.0,0.0,0.0,
SS-025970-PV1,2019-10-06,OVERLAY,0.0,0.0,0.0,0.0,0.0,
SS-001595-PV1,2019-10-06,OVERLAY,0.0,0.0,0.0,0.0,0.0,
SS-014878-PV1,2019-10-06,OVERLAY,0.0,0.0,0.0,0.0,0.0,
SS-020224-PV1,2019-10-06,OVERLAY,0.0,0.0,0.0,0.0,0.0,
SS-017542-PV1,2019-10-06,OVERLAY,0.0,0.0,0.0,0.0,0.0,
SS-008793-PV1,2019-10-07,SLURRY,0.5,1.5,7.496486022177104,22.48945806653131,-1.0,-200.0
SS-008794-PV1,2019-10-07,SLURRY,0.5,1.0,7.5590075023149454,15.118015004629891,-0.5,-100.0
SS-008792-PV1,2019-10-07,SLURRY,0.0,0.0,0.0,0.0,0.0,
SS-015320-PV1,2019-10-08,OVERLAY,0.0,0.0,0.0,0.0,0.0,
SS-018786-PV1,2019-10-08,OVERLAY,0.0,0.0,0.0,0.0,0.0,
SS-019886-PV1,2019-10-08,SLURRY,1.0,1.0,7.97818088409728,7.97818088409728,0.0,0.0
SS-019887-PV1,2019-10-08,SLURRY,1.5,1.0,12.05457067616096,8.036380450773972,0.5,33.33333333333333
SS-018665-PV1,2019-10-08,SLURRY,0.0,0.0,0.0,0.0,0.0,
SS-018664-PV1,2019-10-08,SLURRY,0.0,0.5,0.0,4.525986879438339,-0.5,
SS-017894-PV1,2019-10-08,OVERLAY,0.5,0.0,6.947328199678843,0.0,0.5,100.0
SS-018789-PV1,2019-10-08,OVERLAY,0.0,0.0,0.0,0.0,0.0,
SS-023340-PV1,2019-10-09,OVERLAY,0.0,1.5,0.0,21.007812678214954,-1.5,
SS-012068-PV1,2019-10-09,OVERLAY,0.0,0.0,0.0,0.0,0.0,
SS-023327-PV1,2019-10-09,OVERLAY,0.0,0.0,0.0,0.0,0.0,
SS-012058-PV1,2019-10-09,OVERLAY,0.0,0.0,0.0,0.0,0.0,
SS-012057-PV1,2019-10-09,OVERLAY,0.0,0.0,0.0,0.0,0.0,
SS-030800-PV1,2019-10-09,SLURRY,0.0,0.5,0.0,9.669284820871006,-0.5,
SS-030801-PV1,2019-10-09,SLURRY,0.0,0.0,0.0,0.0,0.0,
SS-030796-PV1,2019-10-09,SLURRY,0.0,0.0,0.0,0.0,0.0,
SS-025369-PV1,2019-10-09,SLURRY,0.5,0.0,1.6912235746316464,0.0,0.5,100.0
SS-025368-PV1,2019-10-09,SLURRY,0.0,0.0,0.0,0.0,0.0,
SS-030811-PV1,2019-10-09,SLURRY,0.0,0.0,0.0,0.0,0.0,
SS-006244-PV1,2019-10-09,SLURRY,0.0,0.0,0.0,0.0,0.0,
SS-030797-PV1,2019-10-09,SLURRY,0.0,0.0,0.0,0.0,0.0,
SS-030808-PV1,2019-10-09,SLURRY,0.0,0.0,0.0,0.0,0.0,
SS-030795-PV1,2019-10-09,SLURRY,0.0,0.0,0.0,0.0,0.0,
SS-030794-PV1,2019-10-09,SLURRY,0.0,0.0,0.0,0.0,0.0,
SS-012056-PV1,2019-10-09,OVERLAY,0.0,0.0,0.0,0.0,0.0,
SS-030805-PV1,2019-10-09,SLURRY,0.0,0.0,0.0,0.0,0.0,
SS-022961-PV1,2019-10-10,OVERLAY,0.0,0.0,0.0,0.0,0.0,
SS-011278-PV1,2019-10-11,SLURRY,0.0,0.0,0.0,0.0,0.0,
SS-023815-PV1,2019-10-11,SLURRY,0.0,1.0,0.0,10.414201183431953,-1.0,
SS-023812-PV1,2019-10-11,SLURRY,0.0,0.0,0.0,0.0,0.0,
SS-005715-PV1,2019-10-11,SLURRY,0.0,0.0,0.0,0.0,0.0,
SS-023717-PV1,2019-10-11,SLURRY,0.0,0.0,0.0,0.0,0.0,
SS-023716-PV1,2019-10-11,SLURRY,0.0,0.0,0.0,0.0,0.0,
SS-023814-PV1,2019-10-11,SLURRY,0.5,0.0,3.4076427489299164,0.0,0.5,100.0
SS-023813-PV1,2019-10-11,SLURRY,0.0,0.0,0.0,0.0,0.0,
SS-023691-PV1,2019-10-11,SLURRY,0.0,0.0,0.0,0.0,0.0,
SS-023715-PV1,2019-10-11,SLURRY,0.0,0.0,0.0,0.0,0.0,
SS-003828-PV1,2019-10-11,SLURRY,0.0,0.0,0.0,0.0,0.0,
SS-022762-PV1,2019-10-14,SLURRY,0.0,0.0,0.0,0.0,0.0,
SS-008500-PV1,2019-10-14,SLURRY,0.0,0.0,0.0,0.0,0.0,
SS-022763-PV1,2019-10-14,SLURRY,0.0,0.0,0.0,0.0,0.0,
SS-023714-PV1,2019-10-14,SLURRY,0.0,0.0,0.0,0.0,0.0,
SS-027636-PV1,2019-10-14,SLURRY,0.0,0.0,0.0,0.0,0.0,
SS-007454-PV1,2019-10-14,SLURRY,0.0,1.0,0.0,5.678425596277706,-1.0,
SS-002666-PV1,2019-10-14,SLURRY,0.0,0.0,0.0,0.0,0.0,
SS-008502-PV1,2019-10-14,SLURRY,1.5,0.0,13.218128663461938,0.0,1.5,100.0
SS-017528-PV1,2019-10-14,SLURRY,0.0,0.0,0.0,0.0,0.0,
SS-017025-PV1,2019-10-14,OVERLAY,0.0,0.0,0.0,0.0,0.0,
SS-018847-PV1,2019-10-14,SLURRY,0.0,0.0,0.0,0.0,0.0,
SS-009441-PV1,2019-10-15,SLURRY,0.0,0.0,0.0,0.0,0.0,
SS-009442-PV1,2019-10-15,SLURRY,0.5,0.0,4.529733064889456,0.0,0.5,100.0
SS-009440-PV1,2019-10-15,SLURRY,0.5,0.5,4.585698630317825,4.585698630317825,0.0,0.0
SS-003941-PV1,2019-10-17,SLURRY,0.0,0.0,0.0,0.0,0.0,
SS-011277-PV1,2019-10-17,SLURRY,0.0,0.0,0.0,0.0,0.0,
SS-003832-PV1,2019-10-17,SLURRY,0.5,0.0,3.5243001160482614,0.0,0.5,100.0
SS-028332-PV1,2019-10-17,SLURRY,0.0,0.0,0.0,0.0,0.0,
SS-023731-PV1,2019-10-17,SLURRY,0.0,0.0,0.0,0.0,0.0,
SS-009453-PV1,2019-10-18,SLURRY,0.0,0.0,0.0,0.0,0.0,
SS-028337-PV1,2019-10-18,SLURRY,0.0,0.0,0.0,0.0,0.0,
SS-011276-PV1,2019-10-18,SLURRY,0.0,0.0,0.0,0.0,0.0,
SS-009444-PV1,2019-10-18,SLURRY,0.0,0.0,0.0,0.0,0.0,
SS-009443-PV1,2019-10-18,SLURRY,0.0,0.0,0.0,0.0,0.0,
SS-016141-PV1,2019-10-20,OVERLAY,0.5,1.0,9.428507449413736,18.857014898827472,-0.5,-100.0
SS-016142-PV1,2019-10-20,OVERLAY,0.0,0.5,0.0,9.635043529228854,-0.5,
SS-008501-PV1,2019-10-21,SLURRY,0.0,0.0,0.0,0.0,0.0,
SS-004284-PV1,2019-10-21,SLURRY,0.0,0.0,0.0,0.0,0.0,
SS-027865-PV1,2019-10-21,SLURRY,0.0,0.0,0.0,0.0,0.0,
SS-004283-PV1,2019-10-21,SLURRY,0.0,0.0,0.0,0.0,0.0,
SS-020503-PV1,2019-10-21,SLURRY,0.0,0.0,0.0,0.0,0.0,
SS-009455-PV1,2019-10-22,SLURRY,0.0,0.0,0.0,0.0,0.0,
SS-009445-PV1,2019-10-22,SLURRY,0.0,0.0,0.0,0.0,0.0,
SS-015794-PV1,2019-10-22,OVERLAY,0.0,0.0,0.0,0.0,0.0,
SS-009446-PV1,2019-10-22,SLURRY,0.0,0.0,0.0,0.0,0.0,
SS-015807-PV1,2019-10-22,OVERLAY,0.0,0.0,0.0,0.0,0.0,
SS-009454-PV1,2019-10-22,SLURRY,0.0,0.0,0.0,0.0,0.0,
SS-026580-PV1,2019-10-23,OVERLAY,0.0,0.0,0.0,0.0,0.0,
SS-015491-PV1,2019-10-23,SLURRY,0.0,0.0,0.0,0.0,0.0,
SS-026932-PV1,2019-10-23,OVERLAY,0.0,0.0,0.0,0.0,0.0,
SS-015494-PV1,2019-10-23,SLURRY,0.0,0.0,0.0,0.0,0.0,
SS-015523-PV1,2019-10-23,SLURRY,0.5,0.5,7.704432295696112,7.704432295696112,0.0,0.0
SS-020502-PV1,2019-10-23,SLURRY,0.0,0.0,0.0,0.0,0.0,
SS-026930-PV1,2019-10-23,OVERLAY,0.0,0.0,0.0,0.0,0.0,
SS-026931-PV1,2019-10-23,OVERLAY,0.0,0.0,0.0,0.0,0.0,
SS-025024-PV1,2019-10-23,SLURRY,0.0,0.0,0.0,0.0,0.0,
SS-015493-PV1,2019-10-23,SLURRY,0.0,0.0,0.0,0.0,0.0,
SS-027581-PV1,2019-10-23,SLURRY,0.0,0.0,0.0,0.0,0.0,
SS-022430-PV1,2019-10-24,SLURRY,0.0,0.0,0.0,0.0,0.0,
SS-015521-PV1,2019-10-24,SLURRY,0.0,0.5,0.0,6.382413935323905,-0.5,
SS-015488-PV1,2019-10-24,SLURRY,0.0,0.0,0.0,0.0,0.0,
SS-022429-PV1,2019-10-24,SLURRY,1.0,0.0,8.012478828769838,0.0,1.0,100.0
SS-032140-PV1,2019-10-25,SLURRY,0.0,0.0,0.0,0.0,0.0,
SS-004299-PV1,2019-10-25,OVERLAY,0.5,0.0,13.577802350399878,0.0,0.5,100.0
SS-004298-PV1,2019-10-25,OVERLAY,0.0,0.0,0.0,0.0,0.0,
SS-031876-PV1,2019-10-25,SLURRY,0.0,0.0,0.0,0.0,0.0,
SS-032290-PV1,2019-10-25,SLURRY,0.0,0.0,0.0,0.0,0.0,
SS-032269-PV1,2019-10-25,SLURRY,0.0,0.0,0.0,0.0,0.0,
SS-031919-PV1,2019-10-25,SLURRY,0.0,0.0,0.0,0.0,0.0,
SS-032262-PV1,2019-10-25,SLURRY,0.0,0.0,0.0,0.0,0.0,
SS-031855-PV1,2019-10-25,SLURRY,0.0,0.0,0.0,0.0,0.0,
SS-031860-PV1,2019-10-25,SLURRY,0.0,0.0,0.0,0.0,0.0,
SS-032276-PV1,2019-10-25,SLURRY,0.0,0.0,0.0,0.0,0.0,
SS-031853-PV1,2019-10-25,SLURRY,0.0,0.0,0.0,0.0,0.0,
SS-032286-PV1,2019-10-25,SLURRY,0.0,0.0,0.0,0.0,0.0,
SS-032285-PV1,2019-10-25,SLURRY,0.0,0.0,0.0,0.0,0.0,
SS-009309-PV1,2019-10-25,OVERLAY,0.0,1.0,0.0,8.089256364467575,-1.0,
SS-031877-PV1,2019-10-25,SLURRY,0.0,0.0,0.0,0.0,0.0,
SS-016200-PV1,2019-10-27,OVERLAY,0.5,0.0,4.5639358137748225,0.0,0.5,100.0
SS-016199-PV1,2019-10-27,OVERLAY,0.0,0.5,0.0,4.541093281968522,-0.5,
SS-032268-PV1,2019-10-28,SLURRY,0.0,0.0,0.0,0.0,0.0,
SS-031854-PV1,2019-10-28,SLURRY,0.0,0.0,0.0,0.0,0.0,
SS-032291-PV1,2019-10-28,SLURRY,0.0,0.0,0.0,0.0,0.0,
SS-032271-PV1,2019-10-28,SLURRY,0.0,0.0,0.0,0.0,0.0,
SS-029981-PV1,2019-10-29,OVERLAY,0.0,0.0,0.0,0.0,0.0,
SS-031915-PV1,2019-10-29,SLURRY,0.0,0.0,0.0,0.0,0.0,
SS-032274-PV1,2019-10-29,SLURRY,0.0,0.0,0.0,0.0,0.0,
SS-032273-PV1,2019-10-29,SLURRY,0.0,0.0,0.0,0.0,0.0,
SS-032275-PV1,2019-10-29,SLURRY,0.0,0.0,0.0,0.0,0.0,
SS-032272-PV1,2019-10-29,SLURRY,0.0,0.0,0.0,0.0,0.0,
SS-031849-PV1,2019-10-29,SLURRY,0.0,0.0,0.0,0.0,0.0,
SS-029979-PV1,2019-10-29,OVERLAY,0.0,0.0,0.0,0.0,0.0,
SS-032287-PV1,2019-10-29,SLURRY,0.0,0.0,0.0,0.0,0.0,
SS-031856-PV1,2019-10-29,SLURRY,0.0,0.0,0.0,0.0,0.0,
SS-031902-PV1,2019-10-30,SLURRY,0.0,0.0,0.0,0.0,0.0,
SS-031906-PV1,2019-10-30,SLURRY,0.0,0.0,0.0,0.0,0.0,
SS-031851-PV1,2019-10-30,SLURRY,0.0,0.0,0.0,0.0,0.0,
SS-031918-PV1,2019-10-30,SLURRY,0.0,0.0,0.0,0.0,0.0,
SS-032261-PV1,2019-10-30,SLURRY,0.0,0.0,0.0,0.0,0.0,
SS-031852-PV1,2019-10-30,SLURRY,0.0,0.0,0.0,0.0,0.0,
SS-031884-PV1,2019-10-30,SLURRY,0.0,0.0,0.0,0.0,0.0,
SS-031885-PV1,2019-10-30,SLURRY,0.0,0.0,0.0,0.0,0.0,
SS-002000-PV1,2019-10-30,OVERLAY,0.0,0.0,0.0,0.0,0.0,
SS-032256-PV1,2019-10-30,SLURRY,0.0,0.0,0.0,0.0,0.0,
SS-032255-PV1,2019-10-30,SLURRY,0.0,0.0,0.0,0.0,0.0,
SS-032278-PV1,2019-10-31,SLURRY,0.0,0.0,0.0,0.0,0.0,
SS-031890-PV1,2019-10-31,SLURRY,0.0,0.0,0.0,0.0,0.0,
SS-031871-PV1,2019-10-31,SLURRY,0.0,0.0,0.0,0.0,0.0,
SS-031910-PV1,2019-10-31,SLURRY,0.0,0.0,0.0,0.0,0.0,
SS-031872-PV1,2019-10-31,SLURRY,0.0,0.0,0.0,0.0,0.0,
SS-031888-PV1,2019-10-31,SLURRY,0.0,0.0,0.0,0.0,0.0,
SS-031873-PV1,2019-10-31,SLURRY,0.0,0.0,0.0,0.0,0.0,
SS-032279-PV1,2019-10-31,SLURRY,0.0,0.0,0.0,0.0,0.0,
SS-031911-PV1,2019-10-31,SLURRY,0.0,0.0,0.0,0.0,0.0,
SS-031874-PV1,2019-10-31,SLURRY,0.0,0.0,0.0,0.0,0.0,
SS-031889-PV1,2019-10-31,SLURRY,0.0,0.0,0.0,0.0,0.0,
SS-032260-PV1,2019-10-31,SLURRY,0.0,0.0,0.0,0.0,0.0,
SS-032277-PV1,2019-10-31,SLURRY,0.0,0.0,0.0,0.0,0.0,
SS-011560-PV1,2019-10-31,OVERLAY,0.0,0.0,0.0,0.0,0.0,
SS-032270-PV1,2019-10-31,SLURRY,0.0,0.0,0.0,0.0,0.0,
SS-032288-PV1,2019-11-01,SLURRY,0.0,0.0,0.0,0.0,0.0,
SS-031879-PV1,2019-11-01,SLURRY,0.0,0.0,0.0,0.0,0.0,
SS-031862-PV1,2019-11-01,SLURRY,0.0,0.0,0.0,0.0,0.0,
SS-031861-PV1,2019-11-01,SLURRY,0.0,0.0,0.0,0.0,0.0,
SS-031891-PV1,2019-11-01,SLURRY,0.0,0.0,0.0,0.0,0.0,
SS-032281-PV1,2019-11-01,SLURRY,0.0,0.0,0.0,0.0,0.0,
SS-032280-PV1,2019-11-01,SLURRY,0.0,0.0,0.0,0.0,0.0,
SS-032289-PV1,2019-11-01,SLURRY,0.0,0.0,0.0,0.0,0.0,
SS-031878-PV1,2019-11-01,SLURRY,0.0,0.0,0.0,0.0,0.0,
SS-031920-PV1,2019-11-01,SLURRY,0.0,0.0,0.0,0.0,0.0,
SS-031880-PV1,2019-11-01,SLURRY,0.0,0.0,0.0,0.0,0.0,
SS-031875-PV1,2019-11-01,SLURRY,0.0,0.0,0.0,0.0,0.0,
SS-031917-PV1,2019-11-01,SLURRY,0.0,0.0,0.0,0.0,0.0,
SS-031883-PV1,2019-11-01,SLURRY,0.0,0.0,0.0,0.0,0.0,
SS-032259-PV1,2019-11-01,SLURRY,0.0,0.0,0.0,0.0,0.0,
SS-031850-PV1,2019-11-01,SLURRY,0.0,0.0,0.0,0.0,0.0,
SS-032257-PV1,2019-11-04,SLURRY,0.0,0.0,0.0,0.0,0.0,
SS-032258-PV1,2019-11-04,SLURRY,0.0,0.0,0.0,0.0,0.0,
SS-032284-PV1,2019-11-04,SLURRY,0.0,0.0,0.0,0.0,0.0,
SS-031859-PV1,2019-11-04,SLURRY,0.0,0.0,0.0,0.0,0.0,
SS-031898-PV1,2019-11-04,SLURRY,0.0,0.0,0.0,0.0,0.0,
SS-032265-PV1,2019-11-04,SLURRY,0.0,0.0,0.0,0.0,0.0,
SS-031858-PV1,2019-11-04,SLURRY,0.0,0.0,0.0,0.0,0.0,
SS-031857-PV1,2019-11-04,SLURRY,0.0,0.0,0.0,0.0,0.0,
SS-032266-PV1,2019-11-04,SLURRY,0.0,0.0,0.0,0.0,0.0,
SS-031896-PV1,2019-11-04,SLURRY,0.0,0.0,0.0,0.0,0.0,
SS-031899-PV1,2019-11-04,SLURRY,0.0,0.0,0.0,0.0,0.0,
SS-031881-PV1,2019-11-04,SLURRY,0.0,0.0,0.0,0.0,0.0,
SS-032267-PV1,2019-11-04,SLURRY,0.0,0.0,0.0,0.0,0.0,
SS-031900-PV1,2019-11-04,SLURRY,0.0,0.0,0.0,0.0,0.0,
SS-031897-PV1,2019-11-04,SLURRY,0.0,0.0,0.0,0.0,0.0,
SS-032264-PV1,2019-11-04,SLURRY,0.0,0.0,0.0,0.0,0.0,
SS-032283-PV1,2019-11-04,SLURRY,0.0,0.0,0.0,0.0,0.0,
SS-014151-PV1,2019-11-04,OVERLAY,4.5,4.5,17.619476700058886,17.619476700058886,0.0,0.0
SS-031882-PV1,2019-11-04,SLURRY,0.0,0.0,0.0,0.0,0.0,
SS-032282-PV1,2019-11-04,SLURRY,0.0,0.0,0.0,0.0,0.0,
SS-016198-PV1,2019-11-05,OVERLAY,0.0,0.5,0.0,4.408665967737249,-0.5,
SS-031907-PV1,2019-11-05,SLURRY,0.0,0.0,0.0,0.0,0.0,
SS-008783-PV1,2019-11-05,OVERLAY,0.0,0.0,0.0,0.0,0.0,
SS-008782-PV1,2019-11-05,OVERLAY,0.0,0.0,0.0,0.0,0.0,
SS-031908-PV1,2019-11-05,SLURRY,0.0,0.0,0.0,0.0,0.0,
SS-031863-PV1,2019-11-05,SLURRY,0.0,0.0,0.0,0.0,0.0,
SS-031865-PV1,2019-11-05,SLURRY,0.0,0.0,0.0,0.0,0.0,
SS-032263-PV1,2019-11-05,SLURRY,0.0,0.0,0.0,0.0,0.0,
SS-031864-PV1,2019-11-05,SLURRY,0.0,0.0,0.0,0.0,0.0,
SS-014124-PV1,2019-11-05,OVERLAY,1.5,2.5,13.003162461052082,21.671937435086804,-1.0,-66.66666666666666
SS-014150-PV1,2019-11-06,OVERLAY,1.5,0.5,20.0488716560849,6.682957218694966,1.0,66.66666666666666
SS-031846-PV1,2019-11-06,SLURRY,0.0,0.0,0.0,0.0,0.0,
SS-031847-PV1,2019-11-06,SLURRY,0.0,0.0,0.0,0.0,0.0,
SS-031845-PV1,2019-11-06,SLURRY,0.0,0.0,0.0,0.0,0.0,
SS-031844-PV1,2019-11-06,SLURRY,0.0,0.0,0.0,0.0,0.0,
SS-031843-PV1,2019-11-06,SLURRY,0.0,0.0,0.0,0.0,0.0,
SS-031842-PV1,2019-11-06,SLURRY,0.0,0.0,0.0,0.0,0.0,
SS-014148-PV1,2019-11-08,OVERLAY,0.0,0.5,0.0,7.496492408239667,-0.5,
SS-014149-PV1,2019-11-08,OVERLAY,1.5,2.5,22.67697705588128,37.794961759802135,-1.0,-66.66666666666666
SS-014147-PV1,2019-11-08,OVERLAY,2.0,3.0,28.47600007119,42.714000106785,-1.0,-50.0
SS-012899-PV1,2019-11-12,OVERLAY,0.5,1.0,3.90701424491474,7.81402848982948,-0.5,-100.0
SS-012909-PV1,2019-11-12,OVERLAY,0.0,0.0,0.0,0.0,0.0,
SS-012911-PV1,2019-11-12,OVERLAY,0.0,0.0,0.0,0.0,0.0,
SS-012897-PV1,2019-11-12,OVERLAY,0.0,1.0,0.0,8.676224974513588,-1.0,
SS-012910-PV1,2019-11-12,OVERLAY,0.0,0.5,0.0,7.537770224779734,-0.5,
SS-012898-PV1,2019-11-12,OVERLAY,0.5,0.5,3.9253347797597247,3.9253347797597247,0.0,0.0
SS-012908-PV1,2019-11-12,OVERLAY,0.5,1.0,7.12356800093254,14.24713600186508,-0.5,-100.0
SS-012500-PV1,2019-11-15,OVERLAY,0.5,2.0,4.546726658198962,18.186906632795846,-1.5,-300.0
SS-025643-PV1,2019-11-15,SLURRY,0.0,0.0,0.0,0.0,0.0,
SS-012499-PV1,2019-11-15,OVERLAY,1.5,2.0,13.743688878978316,18.32491850530442,-0.5,-33.33333333333333
SS-012496-PV1,2019-11-15,OVERLAY,1.0,2.0,9.228481470852156,18.45696294170431,-1.0,-100.0
SS-012495-PV1,2019-11-15,OVERLAY,2.0,5.5,17.68477491602244,48.633131019061715,-3.5,-175.0
SS-027754-PV1,2019-11-15,SLURRY,0.0,0.0,0.0,0.0,0.0,
SS-025642-PV1,2019-11-15,SLURRY,0.0,0.0,0.0,0.0,0.0,
SS-026012-PV1,2019-11-15,SLURRY,0.0,0.0,0.0,0.0,0.0,
SS-012498-PV1,2019-11-15,OVERLAY,1.0,2.0,9.097362454082441,18.194724908164883,-1.0,-100.0
SS-012497-PV1,2019-11-15,OVERLAY,3.5,7.0,31.61618228439919,63.23236456879838,-3.5,-100.0
SS-010980-PV1,2019-11-16,OVERLAY,0.5,0.5,4.573413155561529,4.573413155561529,0.0,0.0
SS-011461-PV1,2019-11-17,OVERLAY,0.5,3.0,3.1558264625372914,18.93495877522375,-2.5,-500.0
SS-025782-PV1,2019-11-18,SLURRY,0.0,0.0,0.0,0.0,0.0,
SS-024366-PV1,2019-11-18,SLURRY,0.0,0.0,0.0,0.0,0.0,
SS-010373-PV1,2019-11-18,SLURRY,0.0,0.0,0.0,0.0,0.0,
SS-029239-PV1,2019-11-18,SLURRY,0.0,0.0,0.0,0.0,0.0,
SS-029240-PV1,2019-11-18,SLURRY,0.0,0.0,0.0,0.0,0.0,
SS-005898-PV1,2019-11-18,SLURRY,0.0,0.5,0.0,2.8175026680896478,-0.5,
SS-002624-PV1,2019-11-18,SLURRY,0.0,0.0,0.0,0.0,0.0,
SS-002623-PV1,2019-11-18,SLURRY,0.0,0.0,0.0,0.0,0.0,
SS-027659-PV1,2019-11-18,SLURRY,0.0,0.0,0.0,0.0,0.0,
SS-002092-PV1,2019-11-18,SLURRY,0.0,0.0,0.0,0.0,0.0,
SS-005899-PV1,2019-11-18,SLURRY,0.5,2.0,3.3889602053915273,13.55584082156611,-1.5,-300.0
SS-002089-PV1,2019-11-18,SLURRY,0.0,0.0,0.0,0.0,0.0,
SS-005900-PV1,2019-11-18,SLURRY,5.0,1.0,24.37673130193906,4.875346260387812,4.0,80.0
SS-029241-PV1,2019-11-18,SLURRY,0.0,0.0,0.0,0.0,0.0,
SS-027658-PV1,2019-11-18,SLURRY,0.0,0.0,0.0,0.0,0.0,
SS-002094-PV1,2019-11-18,SLURRY,0.0,0.0,0.0,0.0,0.0,
SS-021645-PV1,2019-11-19,SLURRY,0.0,0.0,0.0,0.0,0.0,
SS-028591-PV1,2019-11-19,SLURRY,0.5,0.0,4.2333988227302735,0.0,0.5,100.0
SS-021644-PV1,2019-11-19,SLURRY,0.0,0.0,0.0,0.0,0.0,
SS-021643-PV1,2019-11-19,SLURRY,0.0,0.0,0.0,0.0,0.0,
SS-011832-PV1,2019-11-22,SLURRY,0.0,0.0,0.0,0.0,0.0,
SS-014146-PV1,2019-11-22,OVERLAY,3.0,4.5,42.74139647259356,64.11209470889034,-1.5,-50.0
SS-014144-PV1,2019-11-22,OVERLAY,1.0,0.5,15.266147058678964,7.633073529339482,0.5,50.0
SS-014145-PV1,2019-11-22,OVERLAY,0.0,0.0,0.0,0.0,0.0,
SS-017314-PV1,2019-11-25,SLURRY,0.0,0.0,0.0,0.0,0.0,
SS-017315-PV1,2019-11-25,SLURRY,0.0,0.0,0.0,0.0,0.0,
SS-017316-PV1,2019-11-25,SLURRY,0.0,0.0,0.0,0.0,0.0,
SS-006942-PV1,2019-11-25,SLURRY,0.0,0.0,0.0,0.0,0.0,
SS-002614-PV1,2019-11-25,SLURRY,0.0,0.0,0.0,0.0,0.0,
SS-002616-PV1,2019-11-25,SLURRY,0.0,0.0,0.0,0.0,0.0,
SS-002615-PV1,2019-11-25,SLURRY,0.0,0.0,0.0,0.0,0.0,
SS-013554-PV1,2019-11-25,SLURRY,0.0,0.0,0.0,0.0,0.0,
SS-025920-PV1,2019-11-25,SLURRY,0.0,0.0,0.0,0.0,0.0,
SS-011833-PV1,2019-11-25,SLURRY,0.0,0.0,0.0,0.0,0.0,
SS-018184-PV1,2019-11-25,SLURRY,0.0,0.0,0.0,0.0,0.0,
SS-010090-PV1,2019-11-25,SLURRY,0.0,0.0,0.0,0.0,0.0,
SS-010089-PV1,2019-11-25,SLURRY,0.0,0.0,0.0,0.0,0.0,
SS-024609-PV1,2019-11-25,SLURRY,0.0,0.0,0.0,0.0,0.0,
SS-020342-PV1,2019-11-25,SLURRY,0.0,0.0,0.0,0.0,0.0,
SS-018972-PV1,2019-11-25,SLURRY,0.0,0.0,0.0,0.0,0.0,
SS-028935-PV1,2019-11-25,SLURRY,0.0,0.0,0.0,0.0,0.0,
SS-021464-PV1,2019-11-25,SLURRY,0.0,0.0,0.0,0.0,0.0,
SS-020341-PV1,2019-11-25,SLURRY,0.0,0.0,0.0,0.0,0.0,
SS-028785-PV1,2019-11-25,SLURRY,0.0,0.0,0.0,0.0,0.0,
SS-024683-PV1,2019-11-25,SLURRY,0.0,0.0,0.0,0.0,0.0,
SS-028934-PV1,2019-11-25,SLURRY,0.0,0.0,0.0,0.0,0.0,
SS-023449-PV1,2019-11-26,SLURRY,0.0,0.0,0.0,0.0,0.0,
SS-021463-PV1,2019-11-26,SLURRY,0.0,0.0,0.0,0.0,0.0,
SS-008548-PV1,2019-11-26,SLURRY,0.0,0.0,0.0,0.0,0.0,
SS-023450-PV1,2019-11-26,SLURRY,0.0,0.0,0.0,0.0,0.0,
SS-017289-PV1,2019-11-26,SLURRY,0.0,0.0,0.0,0.0,0.0,
SS-008531-PV1,2019-11-26,SLURRY,0.0,0.0,0.0,0.0,0.0,
SS-025848-PV1,2019-11-26,SLURRY,0.0,0.0,0.0,0.0,0.0,
SS-020343-PV1,2019-11-26,SLURRY,0.0,0.0,0.0,0.0,0.0,
SS-024797-PV1,2019-11-26,SLURRY,0.0,0.0,0.0,0.0,0.0,
SS-025847-PV1,2019-11-26,SLURRY,0.0,0.0,0.0,0.0,0.0,
SS-011831-PV1,2019-11-26,SLURRY,0.0,0.0,0.0,0.0,0.0,
SS-024682-PV1,2019-11-26,SLURRY,0.0,0.0,0.0,0.0,0.0,
SS-021119-PV1,2019-11-26,SLURRY,0.0,0.0,0.0,0.0,0.0,
SS-008530-PV1,2019-11-26,SLURRY,0.0,0.0,0.0,0.0,0.0,
SS-002455-PV1,2019-11-26,SLURRY,0.0,0.0,0.0,0.0,0.0,
SS-011835-PV1,2019-11-26,SLURRY,0.0,0.0,0.0,0.0,0.0,
SS-006164-PV1,2019-11-26,SLURRY,0.0,0.0,0.0,0.0,0.0,
SS-011834-PV1,2019-11-26,SLURRY,0.0,0.0,0.0,0.0,0.0,
SS-012663-PV1,2019-11-26,SLURRY,0.0,0.0,0.0,0.0,0.0,
SS-018973-PV1,2019-11-26,SLURRY,0.0,0.0,0.0,0.0,0.0,
SS-024611-PV1,2019-11-26,SLURRY,0.0,0.0,0.0,0.0,0.0,
SS-028053-PV1,2019-11-26,SLURRY,0.0,0.0,0.0,0.0,0.0,
SS-024610-PV1,2019-11-26,SLURRY,0.0,0.0,0.0,0.0,0.0,
SS-011509-PV1,2019-11-27,OVERLAY,3.5,8.0,9.929831874728078,22.696758570807035,-4.5,-128.57142857142858
SS-012704-PV1,2019-11-29,OVERLAY,0.5,0.0,7.538052173029136,0.0,0.5,100.0
SS-012703-PV1,2019-11-29,OVERLAY,0.0,0.0,0.0,0.0,0.0,
SS-008549-PV1,2019-12-02,SLURRY,0.0,0.0,0.0,0.0,0.0,
SS-002091-PV1,2019-12-02,SLURRY,0.0,0.0,0.0,0.0,0.0,
SS-014110-PV1,2019-12-02,SLURRY,0.0,0.0,0.0,0.0,0.0,
SS-014109-PV1,2019-12-02,SLURRY,0.0,0.0,0.0,0.0,0.0,
SS-014757-PV1,2019-12-02,SLURRY,0.0,0.5,0.0,5.74098127722481,-0.5,
SS-002861-PV1,2019-12-02,SLURRY,0.0,0.0,0.0,0.0,0.0,
SS-002862-PV1,2019-12-02,SLURRY,0.0,0.0,0.0,0.0,0.0,
SS-028197-PV1,2019-12-02,SLURRY,0.0,0.0,0.0,0.0,0.0,
SS-020292-PV1,2019-12-02,SLURRY,0.0,0.0,0.0,0.0,0.0,
SS-028684-PV1,2019-12-02,SLURRY,0.0,0.0,0.0,0.0,0.0,
SS-028683-PV1,2019-12-02,SLURRY,0.0,0.0,0.0,0.0,0.0,
SS-004431-PV1,2019-12-02,SLURRY,0.0,0.0,0.0,0.0,0.0,
SS-004739-PV1,2019-12-02,SLURRY,0.0,0.0,0.0,0.0,0.0,
SS-002093-PV1,2019-12-02,SLURRY,0.0,0.0,0.0,0.0,0.0,
SS-004432-PV1,2019-12-02,SLURRY,0.0,0.0,0.0,0.0,0.0,
SS-008532-PV1,2019-12-02,SLURRY,1.0,1.0,3.347541364008985,3.347541364008985,0.0,0.0
SS-024798-PV1,2019-12-02,SLURRY,0.0,0.0,0.0,0.0,0.0,
SS-024648-PV1,2019-12-02,SLURRY,0.0,0.0,0.0,0.0,0.0,
SS-010853-PV1,2019-12-02,SLURRY,0.0,0.0,0.0,0.0,0.0,
SS-024649-PV1,2019-12-02,SLURRY,0.0,0.0,0.0,0.0,0.0,
SS-006898-PV1,2019-12-02,SLURRY,0.0,0.0,0.0,0.0,0.0,
SS-002090-PV1,2019-12-02,SLURRY,0.0,0.0,0.0,0.0,0.0,
SS-010854-PV1,2019-12-02,SLURRY,0.0,0.0,0.0,0.0,0.0,
SS-009425-PV1,2019-12-02,SLURRY,0.0,0.0,0.0,0.0,0.0,
SS-021695-PV1,2019-12-03,SLURRY,0.0,0.0,0.0,0.0,0.0,
SS-023660-PV1,2019-12-03,SLURRY,0.0,0.0,0.0,0.0,0.0,
SS-021696-PV1,2019-12-03,SLURRY,0.0,0.0,0.0,0.0,0.0,
SS-015871-PV1,2019-12-03,SLURRY,0.0,2.5,0.0,9.208607396953417,-2.5,
SS-002095-PV1,2019-12-03,SLURRY,0.0,0.0,0.0,0.0,0.0,
SS-028850-PV1,2019-12-03,SLURRY,0.0,0.0,0.0,0.0,0.0,
SS-002097-PV1,2019-12-03,SLURRY,0.0,0.0,0.0,0.0,0.0,
SS-002096-PV1,2019-12-03,SLURRY,0.0,0.0,0.0,0.0,0.0,
SS-028243-PV1,2019-12-03,SLURRY,0.0,0.0,0.0,0.0,0.0,
SS-002491-PV1,2019-12-03,SLURRY,0.0,0.0,0.0,0.0,0.0,
SS-028594-PV1,2019-12-03,SLURRY,0.0,0.0,0.0,0.0,0.0,
SS-025801-PV1,2019-12-05,SLURRY,0.0,0.0,0.0,0.0,0.0,
SS-012261-PV1,2019-12-05,SLURRY,0.0,0.0,0.0,0.0,0.0,
SS-012541-PV1,2019-12-06,SLURRY,0.0,0.0,0.0,0.0,0.0,
SS-015935-PV1,2019-12-06,SLURRY,0.0,0.5,0.0,9.777777777777777,-0.5,
SS-020880-PV1,2019-12-06,SLURRY,0.0,0.0,0.0,0.0,0.0,
SS-028849-PV1,2019-12-06,SLURRY,0.0,0.0,0.0,0.0,0.0,
SS-015934-PV1,2019-12-06,SLURRY,0.0,0.0,0.0,0.0,0.0,
SS-020881-PV1,2019-12-06,SLURRY,0.0,0.0,0.0,0.0,0.0,
SS-007375-PV1,2019-12-09,OVERLAY,0.0,0.5,0.0,3.865263361329651,-0.5,
SS-024515-PV1,2019-12-09,SLURRY,0.0,0.0,0.0,0.0,0.0,
SS-028852-PV1,2019-12-09,SLURRY,0.0,0.0,0.0,0.0,0.0,
SS-008528-PV1,2019-12-09,SLURRY,0.0,0.0,0.0,0.0,0.0,
SS-017892-PV1,2019-12-09,OVERLAY,0.0,0.0,0.0,0.0,0.0,
SS-017883-PV1,2019-12-09,OVERLAY,0.0,0.0,0.0,0.0,0.0,
SS-007374-PV1,2019-12-09,OVERLAY,0.0,0.5,0.0,3.8766144116664947,-0.5,
SS-008529-PV1,2019-12-09,SLURRY,0.0,0.0,0.0,0.0,0.0,
SS-010281-PV1,2019-12-09,SLURRY,0.0,0.0,0.0,0.0,0.0,
SS-012262-PV1,2019-12-09,SLURRY,0.0,0.0,0.0,0.0,0.0,
SS-018024-PV1,2019-12-09,SLURRY,0.0,0.0,0.0,0.0,0.0,
SS-028851-PV1,2019-12-09,SLURRY,0.0,0.0,0.0,0.0,0.0,
SS-020221-PV1,2019-12-09,SLURRY,0.0,0.0,0.0,0.0,0.0,
SS-026140-PV1,2019-12-09,SLURRY,0.0,0.0,0.0,0.0,0.0,
SS-024650-PV1,2019-12-09,SLURRY,0.0,0.0,0.0,0.0,0.0,
SS-014547-PV1,2019-12-09,SLURRY,0.0,0.0,0.0,0.0,0.0,
SS-024651-PV1,2019-12-10,SLURRY,0.0,0.0,0.0,0.0,0.0,
SS-014758-PV1,2019-12-10,SLURRY,0.0,0.0,0.0,0.0,0.0,
SS-017718-PV1,2019-12-10,OVERLAY,0.5,0.5,3.9012873805027546,3.9012873805027546,0.0,0.0
SS-024846-PV1,2019-12-10,SLURRY,0.0,0.5,0.0,2.787590660050785,-0.5,
SS-002631-PV1,2019-12-10,OVERLAY,0.0,0.0,0.0,0.0,0.0,
SS-017891-PV1,2019-12-10,OVERLAY,0.0,0.0,0.0,0.0,0.0,
SS-019788-PV1,2019-12-10,OVERLAY,0.0,0.5,0.0,3.9939485627836615,-0.5,
SS-025846-PV1,2019-12-10,SLURRY,0.0,0.0,0.0,0.0,0.0,
SS-025845-PV1,2019-12-10,SLURRY,0.0,0.0,0.0,0.0,0.0,
SS-020889-PV1,2019-12-10,SLURRY,0.0,0.0,0.0,0.0,0.0,
SS-017867-PV1,2019-12-10,OVERLAY,0.0,0.0,0.0,0.0,0.0,
SS-018790-PV1,2019-12-10,OVERLAY,0.0,0.0,0.0,0.0,0.0,
SS-016936-PV1,2019-12-11,OVERLAY,0.5,1.0,3.681833262881082,7.363666525762164,-0.5,-100.0
SS-018652-PV1,2019-12-11,OVERLAY,0.0,2.0,0.0,14.727803415065205,-2.0,
SS-016927-PV1,2019-12-11,OVERLAY,0.0,0.0,0.0,0.0,0.0,
SS-001960-PV1,2019-12-12,OVERLAY,0.0,0.0,0.0,0.0,0.0,
SS-008547-PV1,2019-12-12,SLURRY,0.0,0.0,0.0,0.0,0.0,
SS-001962-PV1,2019-12-12,OVERLAY,0.0,0.0,0.0,0.0,0.0,
SS-001948-PV1,2019-12-12,OVERLAY,0.0,1.5,0.0,11.715156617000025,-1.5,
SS-008527-PV1,2019-12-12,SLURRY,0.0,0.0,0.0,0.0,0.0,
SS-020248-PV1,2019-12-13,SLURRY,0.0,0.0,0.0,0.0,0.0,
SS-012924-PV1,2019-12-13,SLURRY,0.0,0.0,0.0,0.0,0.0,
SS-024516-PV1,2019-12-13,SLURRY,0.0,0.0,0.0,0.0,0.0,
SS-024517-PV1,2019-12-13,SLURRY,0.0,0.0,0.0,0.0,0.0,
SS-008546-PV1,2019-12-13,SLURRY,1.0,0.0,20.300462219993957,0.0,1.0,100.0
SS-008709-PV1,2019-12-13,SLURRY,0.0,0.0,0.0,0.0,0.0,
SS-008708-PV1,2019-12-13,SLURRY,0.0,0.0,0.0,0.0,0.0,
SS-010262-PV1,2019-12-13,SLURRY,0.0,0.0,0.0,0.0,0.0,
SS-022511-PV1,2019-12-13,SLURRY,0.0,0.0,0.0,0.0,0.0,
SS-012925-PV1,2019-12-13,SLURRY,0.0,0.0,0.0,0.0,0.0,
SS-026008-PV1,2019-12-13,SLURRY,0.0,0.0,0.0,0.0,0.0,
SS-025451-PV1,2019-12-13,SLURRY,0.0,0.0,0.0,0.0,0.0,
SS-008710-PV1,2019-12-16,SLURRY,0.0,0.0,0.0,0.0,0.0,
SS-015731-PV1,2019-12-16,SLURRY,0.0,0.0,0.0,0.0,0.0,
SS-004853-PV1,2019-12-16,SLURRY,0.0,0.0,0.0,0.0,0.0,
SS-013085-PV1,2019-12-16,SLURRY,0.0,0.0,0.0,0.0,0.0,
SS-020249-PV1,2019-12-16,SLURRY,0.0,0.0,0.0,0.0,0.0,
SS-028019-PV1,2019-12-17,SLURRY,0.0,0.0,0.0,0.0,0.0,
SS-027559-PV1,2019-12-17,OVERLAY,0.0,0.0,0.0,0.0,0.0,
SS-004478-PV1,2019-12-17,SLURRY,0.0,0.0,0.0,0.0,0.0,
SS-018178-PV1,2019-12-17,SLURRY,0.0,0.0,0.0,0.0,0.0,
SS-026631-PV1,2019-12-17,SLURRY,0.0,0.0,0.0,0.0,0.0,
SS-011162-PV1,2019-12-17,SLURRY,0.0,0.0,0.0,0.0,0.0,
SS-026630-PV1,2019-12-17,SLURRY,0.0,0.5,0.0,7.721210486924685,-0.5,
SS-025433-PV1,2019-12-17,SLURRY,0.5,0.0,2.39221442940249,0.0,0.5,100.0
SS-028246-PV1,2019-12-17,SLURRY,0.0,0.0,0.0,0.0,0.0,
SS-020247-PV1,2019-12-17,SLURRY,0.0,0.0,0.0,0.0,0.0,
SS-027560-PV1,2019-12-17,OVERLAY,0.0,0.0,0.0,0.0,0.0,
SS-024518-PV1,2019-12-17,SLURRY,0.0,0.0,0.0,0.0,0.0,
SS-024519-PV1,2019-12-17,SLURRY,0.0,0.0,0.0,0.0,0.0,
SS-026629-PV1,2019-12-17,SLURRY,0.0,0.0,0.0,0.0,0.0,
SS-025434-PV1,2019-12-17,SLURRY,0.0,0.0,0.0,0.0,0.0,
SS-026628-PV1,2019-12-17,SLURRY,0.0,0.0,0.0,0.0,0.0,
SS-007474-PV1,2019-12-17,SLURRY,0.0,0.0,0.0,0.0,0.0,
SS-028244-PV1,2019-12-17,SLURRY,0.0,0.0,0.0,0.0,0.0,
SS-005139-PV1,2019-12-17,OVERLAY,0.5,0.0,2.774686034816004,0.0,0.5,100.0
SS-024782-PV1,2019-12-17,SLURRY,0.0,0.0,0.0,0.0,0.0,
SS-027548-PV1,2019-12-17,OVERLAY,0.0,0.5,0.0,4.508659444044718,-0.5,
SS-012037-PV1,2019-12-17,SLURRY,1.0,1.5,5.716915866812751,8.575373800219127,-0.5,-50.0
SS-013281-PV1,2019-12-17,SLURRY,0.0,1.5,0.0,14.264030078372922,-1.5,
SS-025457-PV1,2019-12-17,SLURRY,0.0,0.0,0.0,0.0,0.0,
SS-011195-PV1,2019-12-17,SLURRY,0.0,0.5,0.0,2.8343809985674566,-0.5,
SS-024512-PV1,2019-12-17,SLURRY,0.0,0.0,0.0,0.0,0.0,
SS-024510-PV1,2019-12-17,SLURRY,0.0,0.0,0.0,0.0,0.0,
SS-024509-PV1,2019-12-17,SLURRY,0.0,0.0,0.0,0.0,0.0,
SS-025456-PV1,2019-12-17,SLURRY,0.0,0.0,0.0,0.0,0.0,
SS-024513-PV1,2019-12-17,SLURRY,0.0,0.0,0.0,0.0,0.0,
SS-028799-PV1,2019-12-17,SLURRY,0.0,0.0,0.0,0.0,0.0,
SS-025435-PV1,2019-12-17,SLURRY,0.0,0.0,0.0,0.0,0.0,
SS-025437-PV1,2019-12-17,SLURRY,0.0,0.0,0.0,0.0,0.0,
SS-024511-PV1,2019-12-17,SLURRY,0.0,0.0,0.0,0.0,0.0,
SS-025452-PV1,2019-12-17,SLURRY,0.0,0.5,0.0,4.502913333757471,-0.5,
SS-024514-PV1,2019-12-17,SLURRY,0.0,0.0,0.0,0.0,0.0,
SS-011182-PV1,2019-12-17,SLURRY,0.0,0.5,0.0,4.555376293062541,-0.5,
SS-025436-PV1,2019-12-17,SLURRY,0.0,0.0,0.0,0.0,0.0,
SS-011173-PV1,2019-12-17,SLURRY,0.0,0.0,0.0,0.0,0.0,
SS-018182-PV1,2019-12-17,SLURRY,0.0,0.5,0.0,1.5895032098030442,-0.5,
SS-012179-PV1,2019-12-17,SLURRY,0.0,0.0,0.0,0.0,0.0,
SS-028248-PV1,2019-12-17,SLURRY,0.0,0.5,0.0,3.3030966531122927,-0.5,
SS-018180-PV1,2019-12-17,SLURRY,0.0,0.0,0.0,0.0,0.0,
SS-025453-PV1,2019-12-17,SLURRY,0.0,0.0,0.0,0.0,0.0,
SS-004413-PV1,2019-12-18,SLURRY,0.0,0.0,0.0,0.0,0.0,
SS-022052-PV1,2019-12-18,SLURRY,0.0,0.0,0.0,0.0,0.0,
SS-013662-PV1,2019-12-18,SLURRY,0.0,0.0,0.0,0.0,0.0,
SS-023659-PV1,2019-12-18,SLURRY,0.0,0.0,0.0,0.0,0.0,
SS-013663-PV1,2019-12-18,SLURRY,0.0,0.0,0.0,0.0,0.0,
SS-013664-PV1,2019-12-18,SLURRY,0.0,0.0,0.0,0.0,0.0,
SS-004416-PV1,2019-12-18,SLURRY,0.0,0.0,0.0,0.0,0.0,
SS-023661-PV1,2019-12-18,SLURRY,0.0,0.0,0.0,0.0,0.0,
SS-004415-PV1,2019-12-18,SLURRY,0.0,0.0,0.0,0.0,0.0,
SS-002098-PV1,2019-12-19,SLURRY,0.0,0.0,0.0,0.0,0.0,
SS-019162-PV1,2019-12-19,OVERLAY,0.0,0.0,0.0,0.0,0.0,
SS-019161-PV1,2019-12-19,OVERLAY,0.0,0.0,0.0,0.0,0.0,
SS-028854-PV1,2019-12-20,SLURRY,0.0,0.0,0.0,0.0,0.0,
SS-003851-PV1,2019-12-20,SLURRY,0.0,0.0,0.0,0.0,0.0,
SS-027549-PV1,2019-12-20,OVERLAY,0.0,0.0,0.0,0.0,0.0,
SS-027577-PV1,2019-12-20,OVERLAY,0.0,0.0,0.0,0.0,0.0,
SS-028853-PV1,2019-12-20,SLURRY,0.0,0.0,0.0,0.0,0.0,
SS-010529-PV1,2019-12-24,OVERLAY,0.0,0.0,0.0,0.0,0.0,
SS-018779-PV1,2019-12-24,SLURRY,0.0,0.0,0.0,0.0,0.0,
SS-030343-PV1,2019-12-24,SLURRY,0.0,0.0,0.0,0.0,0.0,
SS-030344-PV1,2019-12-24,SLURRY,0.5,0.0,9.960486298106035,0.0,0.5,100.0
SS-004875-PV1,2020-01-06,SLURRY,0.0,0.0,0.0,0.0,0.0,
SS-002209-PV1,2020-01-06,SLURRY,0.0,0.0,0.0,0.0,0.0,
SS-004851-PV1,2020-01-06,SLURRY,0.0,0.0,0.0,0.0,0.0,
SS-004414-PV1,2020-01-06,SLURRY,0.0,0.0,0.0,0.0,0.0,
SS-002949-PV1,2020-01-06,SLURRY,0.0,0.0,0.0,0.0,0.0,
SS-019451-PV1,2020-01-06,SLURRY,0.0,0.0,0.0,0.0,0.0,
SS-004846-PV1,2020-01-06,SLURRY,0.0,0.0,0.0,0.0,0.0,
SS-004848-PV1,2020-01-06,SLURRY,0.0,0.0,0.0,0.0,0.0,
SS-004852-PV1,2020-01-06,SLURRY,0.0,0.0,0.0,0.0,0.0,
SS-025450-PV1,2020-01-06,SLURRY,0.0,0.0,0.0,0.0,0.0,
SS-004847-PV1,2020-01-07,SLURRY,0.0,0.0,0.0,0.0,0.0,
SS-004849-PV1,2020-01-07,SLURRY,0.0,0.0,0.0,0.0,0.0,
SS-024731-PV1,2020-01-07,SLURRY,0.0,0.0,0.0,0.0,0.0,
SS-019482-PV1,2020-01-07,SLURRY,0.0,0.0,0.0,0.0,0.0,
SS-027903-PV1,2020-01-07,SLURRY,0.0,0.0,0.0,0.0,0.0,
SS-005507-PV1,2020-01-07,SLURRY,0.0,0.0,0.0,0.0,0.0,
SS-027902-PV1,2020-01-07,SLURRY,0.0,0.0,0.0,0.0,0.0,
SS-005511-PV1,2020-01-07,SLURRY,0.0,0.0,0.0,0.0,0.0,
SS-027857-PV1,2020-01-07,SLURRY,0.0,0.0,0.0,0.0,0.0,
SS-006109-PV1,2020-01-07,SLURRY,0.0,0.0,0.0,0.0,0.0,
SS-024713-PV1,2020-01-07,SLURRY,0.0,0.0,0.0,0.0,0.0,
SS-006574-PV1,2020-01-07,SLURRY,0.0,0.0,0.0,0.0,0.0,
SS-025371-PV1,2020-01-07,SLURRY,0.0,0.0,0.0,0.0,0.0,
SS-028324-PV1,2020-01-07,SLURRY,0.0,0.0,0.0,0.0,0.0,
SS-027858-PV1,2020-01-07,SLURRY,0.0,0.0,0.0,0.0,0.0,
SS-019483-PV1,2020-01-07,SLURRY,0.0,0.0,0.0,0.0,0.0,
SS-028856-PV1,2020-01-07,SLURRY,0.0,0.0,0.0,0.0,0.0,
SS-026261-PV1,2020-01-07,SLURRY,0.0,0.0,0.0,0.0,0.0,
SS-006112-PV1,2020-01-07,SLURRY,0.0,0.0,0.0,0.0,0.0,
SS-012074-PV1,2020-01-07,SLURRY,0.0,0.0,0.0,0.0,0.0,
SS-006111-PV1,2020-01-07,SLURRY,0.0,0.0,0.0,0.0,0.0,
SS-029189-PV1,2020-01-07,SLURRY,0.0,0.0,0.0,0.0,0.0,
SS-025449-PV1,2020-01-07,SLURRY,0.0,1.0,0.0,24.403342888228067,-1.0,
SS-005506-PV1,2020-01-07,SLURRY,0.0,0.0,0.0,0.0,0.0,
SS-008827-PV1,2020-01-07,SLURRY,0.0,0.0,0.0,0.0,0.0,
SS-005508-PV1,2020-01-07,SLURRY,0.0,0.0,0.0,0.0,0.0,
SS-023237-PV1,2020-01-08,SLURRY,0.0,0.0,0.0,0.0,0.0,
SS-028855-PV1,2020-01-08,SLURRY,0.5,0.0,11.304336283451093,0.0,0.5,100.0
SS-025455-PV1,2020-01-08,SLURRY,0.0,0.0,0.0,0.0,0.0,
SS-025454-PV1,2020-01-08,SLURRY,0.0,0.0,0.0,0.0,0.0,
SS-023612-PV1,2020-01-08,OVERLAY,0.0,0.5,0.0,1.7312528919792625,-0.5,
SS-008706-PV1,2020-01-08,SLURRY,0.0,0.0,0.0,0.0,0.0,
SS-008707-PV1,2020-01-08,SLURRY,0.0,0.0,0.0,0.0,0.0,
SS-019452-PV1,2020-01-08,SLURRY,0.0,0.0,0.0,0.0,0.0,
SS-004850-PV1,2020-01-08,SLURRY,0.0,0.0,0.0,0.0,0.0,
SS-028857-PV1,2020-01-08,SLURRY,0.0,0.0,0.0,0.0,0.0,
SS-025059-PV1,2020-01-10,SLURRY,0.0,0.0,0.0,0.0,0.0,
SS-018735-PV1,2020-01-10,SLURRY,0.0,0.0,0.0,0.0,0.0,
SS-018734-PV1,2020-01-10,SLURRY,0.0,0.0,0.0,0.0,0.0,
SS-024886-PV1,2020-01-10,SLURRY,0.0,0.0,0.0,0.0,0.0,
SS-023476-PV1,2020-01-10,SLURRY,0.0,0.0,0.0,0.0,0.0,
SS-023838-PV1,2020-01-10,SLURRY,0.0,0.0,0.0,0.0,0.0,
SS-005504-PV1,2020-01-10,SLURRY,0.5,0.0,11.230319821642103,0.0,0.5,100.0
SS-023475-PV1,2020-01-10,SLURRY,0.0,0.0,0.0,0.0,0.0,
SS-005503-PV1,2020-01-10,SLURRY,0.0,0.0,0.0,0.0,0.0,
SS-010757-PV1,2020-01-10,SLURRY,0.0,0.0,0.0,0.0,0.0,
SS-010966-PV1,2020-01-10,SLURRY,0.0,0.0,0.0,0.0,0.0,
SS-016081-PV1,2020-01-10,SLURRY,0.0,0.0,0.0,0.0,0.0,
SS-026313-PV1,2020-01-10,SLURRY,0.0,0.0,0.0,0.0,0.0,
SS-016084-PV1,2020-01-13,SLURRY,0.5,0.5,2.6800498611094614,2.6800498611094614,0.0,0.0
SS-018732-PV1,2020-01-13,SLURRY,0.5,0.0,6.081833838770585,0.0,0.5,100.0
SS-028195-PV1,2020-01-13,SLURRY,0.0,0.0,0.0,0.0,0.0,
SS-016083-PV1,2020-01-13,SLURRY,0.0,0.0,0.0,0.0,0.0,
SS-009371-PV1,2020-01-13,SLURRY,0.0,0.0,0.0,0.0,0.0,
SS-009720-PV1,2020-01-13,SLURRY,0.0,0.0,0.0,0.0,0.0,
SS-017447-PV1,2020-01-13,SLURRY,0.0,0.0,0.0,0.0,0.0,
SS-017446-PV1,2020-01-13,SLURRY,0.0,0.0,0.0,0.0,0.0,
SS-018731-PV1,2020-01-13,SLURRY,0.0,0.0,0.0,0.0,0.0,
SS-022167-PV1,2020-01-13,SLURRY,0.0,0.0,0.0,0.0,0.0,
SS-024711-PV1,2020-01-13,SLURRY,0.0,0.0,0.0,0.0,0.0,
SS-027753-PV1,2020-01-17,OVERLAY,0.0,0.0,0.0,0.0,0.0,
SS-015044-PV1,2020-01-17,OVERLAY,0.0,0.0,0.0,0.0,0.0,
SS-024069-PV1,2020-01-17,OVERLAY,0.0,0.0,0.0,0.0,0.0,
SS-004779-PV1,2020-01-22,SLURRY,0.0,0.0,0.0,0.0,0.0,
SS-005121-PV1,2020-01-22,SLURRY,0.0,0.0,0.0,0.0,0.0,
SS-021425-PV1,2020-01-22,SLURRY,0.0,0.0,0.0,0.0,0.0,
SS-005120-PV1,2020-01-22,SLURRY,0.0,0.0,0.0,0.0,0.0,
SS-027928-PV1,2020-01-22,SLURRY,0.0,0.0,0.0,0.0,0.0,
SS-027731-PV1,2020-01-22,SLURRY,0.0,0.0,0.0,0.0,0.0,
SS-026779-PV1,2020-01-23,SLURRY,0.0,0.0,0.0,0.0,0.0,
SS-026778-PV1,2020-01-23,SLURRY,0.0,0.0,0.0,0.0,0.0,
SS-021424-PV1,2020-01-24,SLURRY,0.0,0.0,0.0,0.0,0.0,
SS-017554-PV1,2020-01-24,SLURRY,0.0,0.0,0.0,0.0,0.0,
SS-004838-PV1,2020-01-24,SLURRY,0.0,0.0,0.0,0.0,0.0,
SS-009495-PV1,2020-01-27,SLURRY,0.0,0.0,0.0,0.0,0.0,
SS-005123-PV1,2020-01-27,SLURRY,0.0,0.0,0.0,0.0,0.0,
SS-005126-PV1,2020-01-27,SLURRY,0.0,0.0,0.0,0.0,0.0,
SS-003094-PV1,2020-01-27,SLURRY,0.0,0.0,0.0,0.0,0.0,
SS-002784-PV1,2020-01-27,SLURRY,0.0,0.0,0.0,0.0,0.0,
SS-005127-PV1,2020-01-27,SLURRY,0.0,0.0,0.0,0.0,0.0,
SS-002468-PV1,2020-01-27,SLURRY,0.0,0.0,0.0,0.0,0.0,
SS-005125-PV1,2020-01-27,SLURRY,0.0,0.0,0.0,0.0,0.0,
SS-005124-PV1,2020-01-27,SLURRY,0.0,0.0,0.0,0.0,0.0,
SS-027746-PV1,2020-01-28,SLURRY,0.0,0.0,0.0,0.0,0.0,
SS-004806-PV1,2020-01-28,SLURRY,0.0,0.0,0.0,0.0,0.0,
SS-027749-PV1,2020-01-28,SLURRY,0.0,0.0,0.0,0.0,0.0,
SS-004805-PV1,2020-01-28,SLURRY,0.0,0.0,0.0,0.0,0.0,
SS-005554-PV1,2020-01-28,SLURRY,0.0,0.0,0.0,0.0,0.0,
SS-002470-PV1,2020-01-28,SLURRY,0.0,0.0,0.0,0.0,0.0,
SS-002471-PV1,2020-01-28,SLURRY,0.0,0.0,0.0,0.0,0.0,
SS-027883-PV1,2020-01-28,SLURRY,0.0,0.0,0.0,0.0,0.0,
SS-002782-PV1,2020-01-28,SLURRY,0.0,0.0,0.0,0.0,0.0,
SS-003093-PV1,2020-01-28,SLURRY,0.0,0.0,0.0,0.0,0.0,
SS-002781-PV1,2020-01-28,SLURRY,0.0,0.0,0.0,0.0,0.0,
SS-004837-PV1,2020-01-28,SLURRY,0.0,0.0,0.0,0.0,0.0,
SS-010503-PV1,2020-01-29,SLURRY,0.0,0.0,0.0,0.0,0.0,
SS-025738-PV1,2020-01-29,SLURRY,0.0,0.0,0.0,0.0,0.0,
SS-002788-PV1,2020-01-29,SLURRY,0.0,0.0,0.0,0.0,0.0,
SS-002786-PV1,2020-01-29,SLURRY,0.0,0.0,0.0,0.0,0.0,
SS-002785-PV1,2020-01-29,SLURRY,0.0,0.0,0.0,0.0,0.0,
SS-002783-PV1,2020-01-29,SLURRY,0.0,0.0,0.0,0.0,0.0,
SS-002787-PV1,2020-01-29,SLURRY,0.0,0.0,0.0,0.0,0.0,
SS-027744-PV1,2020-01-29,SLURRY,0.5,0.0,9.389784909904302,0.0,0.5,100.0
SS-027745-PV1,2020-01-29,SLURRY,0.0,0.0,0.0,0.0,0.0,
SS-003383-PV1,2020-01-29,SLURRY,0.0,0.0,0.0,0.0,0.0,
SS-027748-PV1,2020-01-29,SLURRY,0.0,0.0,0.0,0.0,0.0,
SS-025739-PV1,2020-01-29,SLURRY,0.0,0.0,0.0,0.0,0.0,
SS-009525-PV1,2020-01-29,SLURRY,0.0,0.0,0.0,0.0,0.0,
SS-025740-PV1,2020-01-29,SLURRY,0.5,0.0,9.725032085238432,0.0,0.5,100.0
SS-009526-PV1,2020-01-29,SLURRY,0.0,0.0,0.0,0.0,0.0,
SS-009497-PV1,2020-01-30,SLURRY,0.0,0.0,0.0,0.0,0.0,
SS-006252-PV1,2020-01-30,SLURRY,0.0,0.0,0.0,0.0,0.0,
SS-009496-PV1,2020-01-30,SLURRY,0.0,0.0,0.0,0.0,0.0,
SS-006263-PV1,2020-01-30,SLURRY,0.0,0.0,0.0,0.0,0.0,
SS-019713-PV1,2020-01-30,SLURRY,0.5,1.5,1.581449312033607,4.744347936100821,-1.0,-200.0
SS-002469-PV1,2020-01-30,SLURRY,0.0,0.0,0.0,0.0,0.0,
SS-019719-PV1,2020-01-30,SLURRY,0.0,0.0,0.0,0.0,0.0,
SS-019721-PV1,2020-01-30,SLURRY,1.0,2.0,2.5967006655766753,5.193401331153351,-1.0,-100.0
SS-020836-PV1,2020-01-31,SLURRY,0.0,0.0,0.0,0.0,0.0,
SS-020995-PV1,2020-01-31,SLURRY,0.0,0.0,0.0,0.0,0.0,
SS-005509-PV1,2020-01-31,SLURRY,0.0,0.0,0.0,0.0,0.0,
SS-024706-PV1,2020-01-31,SLURRY,0.0,0.0,0.0,0.0,0.0,
SS-029256-PV1,2020-01-31,SLURRY,0.0,0.0,0.0,0.0,0.0,
SS-020996-PV1,2020-01-31,SLURRY,0.0,0.0,0.0,0.0,0.0,
SS-024712-PV1,2020-01-31,SLURRY,0.0,0.0,0.0,0.0,0.0,
SS-027643-PV1,2020-01-31,SLURRY,0.0,0.0,0.0,0.0,0.0,
SS-027642-PV1,2020-01-31,SLURRY,0.0,0.0,0.0,0.0,0.0,
SS-006561-PV1,2020-01-31,SLURRY,0.0,0.0,0.0,0.0,0.0,
SS-027827-PV1,2020-01-31,SLURRY,0.0,0.0,0.0,0.0,0.0,
SS-027828-PV1,2020-01-31,SLURRY,0.0,0.0,0.0,0.0,0.0,
SS-005505-PV1,2020-01-31,SLURRY,0.0,0.0,0.0,0.0,0.0,
SS-028196-PV1,2020-02-03,SLURRY,0.0,0.0,0.0,0.0,0.0,
SS-009559-PV1,2020-02-03,OVERLAY,0.0,0.0,0.0,0.0,0.0,
SS-025019-PV1,2020-02-03,OVERLAY,0.0,0.0,0.0,0.0,0.0,
SS-025018-PV1,2020-02-03,OVERLAY,0.0,0.0,0.0,0.0,0.0,
SS-025017-PV1,2020-02-03,OVERLAY,0.0,0.0,0.0,0.0,0.0,
SS-009560-PV1,2020-02-03,OVERLAY,0.0,0.0,0.0,0.0,0.0,
SS-025016-PV1,2020-02-03,OVERLAY,0.0,0.0,0.0,0.0,0.0,
SS-009562-PV1,2020-02-03,OVERLAY,0.0,0.0,0.0,0.0,0.0,
SS-025009-PV1,2020-02-03,OVERLAY,0.0,0.0,0.0,0.0,0.0,
SS-017755-PV1,2020-02-03,SLURRY,0.0,0.0,0.0,0.0,0.0,
SS-010758-PV1,2020-02-03,SLURRY,0.0,0.0,0.0,0.0,0.0,
SS-018007-PV1,2020-02-03,SLURRY,0.5,0.0,10.448423376447591,0.0,0.5,100.0
SS-024857-PV1,2020-02-03,SLURRY,0.0,0.0,0.0,0.0,0.0,
SS-024856-PV1,2020-02-03,SLURRY,0.0,0.0,0.0,0.0,0.0,
SS-024855-PV1,2020-02-03,SLURRY,0.0,0.0,0.0,0.0,0.0,
SS-003629-PV1,2020-02-03,SLURRY,0.0,0.0,0.0,0.0,0.0,
SS-018733-PV1,2020-02-03,SLURRY,0.0,0.0,0.0,0.0,0.0,
SS-025058-PV1,2020-02-03,SLURRY,0.0,0.0,0.0,0.0,0.0,
SS-002038-PV1,2020-02-03,OVERLAY,0.5,0.0,3.1966742963048262,0.0,0.5,100.0
SS-016080-PV1,2020-02-03,SLURRY,0.0,0.5,0.0,5.664421638948907,-0.5,
SS-002037-PV1,2020-02-03,OVERLAY,0.0,0.0,0.0,0.0,0.0,
SS-002486-PV1,2020-02-03,SLURRY,0.0,0.0,0.0,0.0,0.0,
SS-002485-PV1,2020-02-03,SLURRY,0.0,0.0,0.0,0.0,0.0,
SS-003628-PV1,2020-02-03,SLURRY,0.0,0.0,0.0,0.0,0.0,
SS-028278-PV1,2020-02-03,OVERLAY,0.0,0.0,0.0,0.0,0.0,
SS-026314-PV1,2020-02-04,SLURRY,0.0,0.0,0.0,0.0,0.0,
SS-023803-PV1,2020-02-04,SLURRY,0.0,0.0,0.0,0.0,0.0,
SS-028175-PV1,2020-02-04,SLURRY,0.0,0.0,0.0,0.0,0.0,
SS-028176-PV1,2020-02-04,SLURRY,0.0,0.0,0.0,0.0,0.0,
SS-028177-PV1,2020-02-04,SLURRY,0.0,0.0,0.0,0.0,0.0,
SS-028178-PV1,2020-02-04,SLURRY,0.0,0.0,0.0,0.0,0.0,
SS-025600-PV1,2020-02-04,SLURRY,0.0,0.0,0.0,0.0,0.0,
SS-011041-PV1,2020-02-04,SLURRY,0.0,0.0,0.0,0.0,0.0,
SS-016085-PV1,2020-02-04,SLURRY,0.0,0.0,0.0,0.0,0.0,
SS-005502-PV1,2020-02-04,SLURRY,0.0,0.0,0.0,0.0,0.0,
SS-024709-PV1,2020-02-04,SLURRY,0.0,0.0,0.0,0.0,0.0,
SS-009302-PV1,2020-02-04,SLURRY,0.0,0.0,0.0,0.0,0.0,
SS-009370-PV1,2020-02-04,SLURRY,0.0,0.0,0.0,0.0,0.0,
SS-011731-PV1,2020-02-04,OVERLAY,0.0,0.0,0.0,0.0,0.0,
SS-023804-PV1,2020-02-04,SLURRY,0.0,0.0,0.0,0.0,0.0,
SS-002487-PV1,2020-02-07,SLURRY,0.0,0.0,0.0,0.0,0.0,
SS-018685-PV1,2020-02-07,SLURRY,0.0,0.0,0.0,0.0,0.0,
SS-002488-PV1,2020-02-07,SLURRY,0.0,0.0,0.0,0.0,0.0,
SS-028948-PV1,2020-02-07,SLURRY,0.0,0.0,0.0,0.0,0.0,
SS-009501-PV1,2020-02-07,OVERLAY,0.0,0.0,0.0,0.0,0.0,
SS-012449-PV1,2020-02-07,SLURRY,0.0,0.0,0.0,0.0,0.0,
SS-016559-PV1,2020-02-07,SLURRY,0.0,0.5,0.0,8.380952380952381,-0.5,
SS-029214-PV1,2020-02-07,SLURRY,0.0,0.0,0.0,0.0,0.0,
SS-029213-PV1,2020-02-07,SLURRY,0.0,0.0,0.0,0.0,0.0,
SS-014603-PV1,2020-02-07,SLURRY,0.0,0.0,0.0,0.0,0.0,
SS-009372-PV1,2020-02-07,SLURRY,0.0,0.0,0.0,0.0,0.0,
SS-018683-PV1,2020-02-07,SLURRY,0.0,0.0,0.0,0.0,0.0,
SS-018688-PV1,2020-02-07,SLURRY,1.0,0.0,9.15471943992536,0.0,1.0,100.0
SS-013074-PV1,2020-02-11,SLURRY,0.0,0.0,0.0,0.0,0.0,
SS-013073-PV1,2020-02-11,SLURRY,0.0,0.0,0.0,0.0,0.0,
SS-015036-PV1,2020-02-11,SLURRY,0.0,0.0,0.0,0.0,0.0,
SS-015035-PV1,2020-02-11,SLURRY,0.0,0.0,0.0,0.0,0.0,
SS-011149-PV1,2020-02-12,SLURRY,0.0,0.0,0.0,0.0,0.0,
SS-011152-PV1,2020-02-12,SLURRY,0.0,0.0,0.0,0.0,0.0,
SS-018682-PV1,2020-02-12,SLURRY,0.0,0.0,0.0,0.0,0.0,
SS-011150-PV1,2020-02-12,SLURRY,0.0,0.0,0.0,0.0,0.0,
SS-024206-PV1,2020-02-12,SLURRY,0.0,0.0,0.0,0.0,0.0,
SS-001944-PV1,2020-02-12,SLURRY,0.0,0.0,0.0,0.0,0.0,
SS-015723-PV1,2020-02-12,SLURRY,0.0,0.0,0.0,0.0,0.0,
SS-017079-PV1,2020-02-12,SLURRY,0.0,0.0,0.0,0.0,0.0,
SS-013072-PV1,2020-02-12,SLURRY,0.0,0.5,0.0,9.999893940518813,-0.5,
SS-012795-PV1,2020-02-13,SLURRY,0.0,0.0,0.0,0.0,0.0,
SS-012796-PV1,2020-02-13,SLURRY,0.0,0.0,0.0,0.0,0.0,
SS-021838-PV1,2020-02-13,SLURRY,0.0,0.0,0.0,0.0,0.0,
SS-007745-PV1,2020-02-13,SLURRY,0.0,0.0,0.0,0.0,0.0,
SS-007752-PV1,2020-02-13,SLURRY,0.0,0.0,0.0,0.0,0.0,
SS-021837-PV1,2020-02-13,SLURRY,0.0,0.0,0.0,0.0,0.0,
SS-013350-PV1,2020-02-13,SLURRY,0.0,0.0,0.0,0.0,0.0,
SS-029190-PV1,2020-02-13,SLURRY,0.5,0.0,10.209266765820303,0.0,0.5,100.0
SS-018687-PV1,2020-02-13,SLURRY,0.0,0.0,0.0,0.0,0.0,
SS-018689-PV1,2020-02-13,SLURRY,0.0,0.0,0.0,0.0,0.0,
SS-013193-PV1,2020-02-13,SLURRY,0.0,0.0,0.0,0.0,0.0,
SS-002146-PV1,2020-02-13,OVERLAY,0.0,0.0,0.0,0.0,0.0,
SS-025601-PV1,2020-02-13,SLURRY,0.0,0.0,0.0,0.0,0.0,
SS-027278-PV1,2020-02-13,SLURRY,0.0,0.0,0.0,0.0,0.0,
SS-025306-PV1,2020-02-13,SLURRY,0.0,0.0,0.0,0.0,0.0,
SS-018211-PV1,2020-02-13,OVERLAY,0.0,0.0,0.0,0.0,0.0,
SS-007753-PV1,2020-02-13,SLURRY,0.0,0.0,0.0,0.0,0.0,
SS-018212-PV1,2020-02-13,OVERLAY,0.0,0.0,0.0,0.0,0.0,
SS-027357-PV1,2020-02-14,SLURRY,0.0,0.0,0.0,0.0,0.0,
SS-029076-PV1,2020-02-14,SLURRY,0.0,0.0,0.0,0.0,0.0,
SS-029077-PV1,2020-02-14,SLURRY,0.0,0.0,0.0,0.0,0.0,
SS-002440-PV1,2020-02-14,SLURRY,0.0,0.0,0.0,0.0,0.0,
SS-002439-PV1,2020-02-14,SLURRY,0.0,0.0,0.0,0.0,0.0,
SS-013349-PV1,2020-02-14,SLURRY,0.0,0.0,0.0,0.0,0.0,
SS-002438-PV1,2020-02-14,SLURRY,0.0,0.0,0.0,0.0,0.0,
SS-002497-PV1,2020-02-14,SLURRY,0.0,0.0,0.0,0.0,0.0,
SS-026403-PV1,2020-02-14,SLURRY,0.0,1.0,0.0,13.952006155794232,-1.0,
SS-013196-PV1,2020-02-14,SLURRY,0.0,0.0,0.0,0.0,0.0,
SS-007754-PV1,2020-02-14,SLURRY,0.0,0.0,0.0,0.0,0.0,
SS-016557-PV1,2020-02-14,SLURRY,0.0,0.0,0.0,0.0,0.0,
SS-016558-PV1,2020-02-14,SLURRY,0.0,0.0,0.0,0.0,0.0,
SS-018686-PV1,2020-02-14,SLURRY,0.0,1.0,0.0,4.6230478020516,-1.0,
SS-012949-PV1,2020-02-18,SLURRY,0.0,0.0,0.0,0.0,0.0,
SS-015333-PV1,2020-02-18,SLURRY,0.0,0.0,0.0,0.0,0.0,
SS-012965-PV1,2020-02-18,SLURRY,0.0,0.0,0.0,0.0,0.0,
SS-015326-PV1,2020-02-18,SLURRY,0.0,0.0,0.0,0.0,0.0,
SS-015327-PV1,2020-02-18,SLURRY,0.0,0.0,0.0,0.0,0.0,
SS-012948-PV1,2020-02-18,SLURRY,0.0,0.0,0.0,0.0,0.0,
SS-028319-PV1,2020-02-18,SLURRY,0.0,0.0,0.0,0.0,0.0,
SS-019921-PV1,2020-02-18,SLURRY,0.0,0.0,0.0,0.0,0.0,
SS-024417-PV1,2020-02-18,SLURRY,0.0,0.0,0.0,0.0,0.0,
SS-008448-PV1,2020-02-18,SLURRY,0.0,0.0,0.0,0.0,0.0,
SS-012966-PV1,2020-02-19,SLURRY,0.0,0.5,0.0,4.745031825863084,-0.5,
SS-012237-PV1,2020-02-19,SLURRY,0.0,0.0,0.0,0.0,0.0,
SS-009857-PV1,2020-02-19,SLURRY,0.0,0.0,0.0,0.0,0.0,
SS-003168-PV1,2020-02-19,SLURRY,0.0,0.0,0.0,0.0,0.0,
SS-003167-PV1,2020-02-19,SLURRY,0.0,0.0,0.0,0.0,0.0,
SS-019073-PV1,2020-02-19,SLURRY,1.0,0.5,9.697678544731094,4.848839272365547,0.5,50.0
SS-022215-PV1,2020-02-19,SLURRY,0.0,0.0,0.0,0.0,0.0,
SS-009856-PV1,2020-02-19,SLURRY,0.5,0.5,7.0212765957446805,7.0212765957446805,0.0,0.0
SS-009855-PV1,2020-02-19,SLURRY,0.0,0.0,0.0,0.0,0.0,
SS-011743-PV1,2020-02-19,SLURRY,0.5,0.0,10.702926885630713,0.0,0.5,100.0
SS-013195-PV1,2020-02-19,SLURRY,0.0,0.0,0.0,0.0,0.0,
SS-022214-PV1,2020-02-19,SLURRY,0.0,0.0,0.0,0.0,0.0,
SS-022213-PV1,2020-02-19,SLURRY,0.0,0.0,0.0,0.0,0.0,
SS-009854-PV1,2020-02-19,SLURRY,2.5,1.0,34.554973821989535,13.821989528795813,1.5,60.0
SS-011742-PV1,2020-02-19,SLURRY,0.0,0.0,0.0,0.0,0.0,
SS-011625-PV1,2020-02-20,SLURRY,0.0,0.0,0.0,0.0,0.0,
SS-019074-PV1,2020-02-20,SLURRY,0.0,0.0,0.0,0.0,0.0,
SS-011626-PV1,2020-02-20,SLURRY,0.0,1.0,0.0,14.020080047222176,-1.0,
SS-014119-PV1,2020-02-20,SLURRY,0.0,0.0,0.0,0.0,0.0,
SS-011628-PV1,2020-02-20,SLURRY,0.0,0.5,0.0,7.036151694100106,-0.5,
SS-023418-PV1,2020-02-20,SLURRY,0.0,0.0,0.0,0.0,0.0,
SS-014120-PV1,2020-02-20,SLURRY,0.5,0.0,7.047393185277569,0.0,0.5,100.0
SS-002293-PV1,2020-02-20,SLURRY,0.0,0.0,0.0,0.0,0.0,
SS-002294-PV1,2020-02-20,SLURRY,0.0,0.0,0.0,0.0,0.0,
SS-002295-PV1,2020-02-20,SLURRY,0.0,0.0,0.0,0.0,0.0,
SS-014121-PV1,2020-02-20,SLURRY,0.0,0.5,0.0,6.825079167040452,-0.5,
SS-002296-PV1,2020-02-20,SLURRY,0.0,0.0,0.0,0.0,0.0,
SS-011627-PV1,2020-02-20,SLURRY,0.0,0.0,0.0,0.0,0.0,
SS-025307-PV1,2020-02-20,SLURRY,0.0,0.0,0.0,0.0,0.0,
SS-002297-PV1,2020-02-20,SLURRY,0.0,0.0,0.0,0.0,0.0,
SS-007755-PV1,2020-02-20,SLURRY,0.0,0.0,0.0,0.0,0.0,
SS-006923-PV1,2020-02-20,SLURRY,0.0,0.0,0.0,0.0,0.0,
SS-006924-PV1,2020-02-20,SLURRY,0.5,0.0,3.3124186716523583,0.0,0.5,100.0
SS-007756-PV1,2020-02-20,SLURRY,0.0,0.0,0.0,0.0,0.0,
SS-006925-PV1,2020-02-20,SLURRY,0.0,0.0,0.0,0.0,0.0,
SS-007045-PV1,2020-02-20,SLURRY,0.0,0.0,0.0,0.0,0.0,
SS-007044-PV1,2020-02-20,SLURRY,0.0,0.0,0.0,0.0,0.0,
SS-010288-PV1,2020-02-20,SLURRY,0.0,0.0,0.0,0.0,0.0,
SS-010287-PV1,2020-02-20,SLURRY,0.5,0.0,10.48839780585896,0.0,0.5,100.0
SS-018679-PV1,2020-02-20,SLURRY,0.0,0.0,0.0,0.0,0.0,
SS-012967-PV1,2020-02-20,SLURRY,1.0,1.0,15.964457312764583,15.964457312764583,0.0,0.0
SS-013194-PV1,2020-02-21,SLURRY,0.5,0.0,4.520383849079451,0.0,0.5,100.0
SS-009923-PV1,2020-02-21,SLURRY,0.0,0.0,0.0,0.0,0.0,
SS-009924-PV1,2020-02-21,SLURRY,0.0,0.0,0.0,0.0,0.0,
SS-007239-PV1,2020-02-21,SLURRY,0.0,0.0,0.0,0.0,0.0,
SS-011741-PV1,2020-02-21,SLURRY,0.0,0.0,0.0,0.0,0.0,
SS-018680-PV1,2020-02-21,SLURRY,0.0,0.0,0.0,0.0,0.0,
SS-007237-PV1,2020-02-21,SLURRY,0.0,0.0,0.0,0.0,0.0,
SS-009220-PV1,2020-02-21,SLURRY,0.0,0.0,0.0,0.0,0.0,
SS-009221-PV1,2020-02-21,SLURRY,0.0,0.0,0.0,0.0,0.0,
SS-009223-PV1,2020-02-21,SLURRY,0.0,0.0,0.0,0.0,0.0,
SS-009227-PV1,2020-02-21,SLURRY,0.0,0.0,0.0,0.0,0.0,
SS-025233-PV1,2020-02-21,SLURRY,0.0,0.0,0.0,0.0,0.0,
SS-006867-PV1,2020-02-21,SLURRY,0.0,0.0,0.0,0.0,0.0,
SS-006866-PV1,2020-02-21,SLURRY,0.0,0.0,0.0,0.0,0.0,
SS-006789-PV1,2020-02-21,SLURRY,0.0,0.0,0.0,0.0,0.0,
SS-009926-PV1,2020-02-22,SLURRY,0.0,0.0,0.0,0.0,0.0,
SS-009927-PV1,2020-02-22,SLURRY,0.5,0.0,8.655737704918034,0.0,0.5,100.0
SS-009925-PV1,2020-02-22,SLURRY,0.0,0.0,0.0,0.0,0.0,
SS-016334-PV1,2020-02-23,SLURRY,1.0,0.0,7.793041610857123,0.0,1.0,100.0
SS-016336-PV1,2020-02-23,SLURRY,0.5,0.0,3.1386782170025054,0.0,0.5,100.0
SS-012236-PV1,2020-02-24,SLURRY,0.0,0.0,0.0,0.0,0.0,
SS-009922-PV1,2020-02-24,SLURRY,0.0,0.0,0.0,0.0,0.0,
SS-027083-PV1,2020-02-24,SLURRY,0.0,0.0,0.0,0.0,0.0,
SS-027084-PV1,2020-02-24,SLURRY,0.5,0.0,10.90909090909091,0.0,0.5,100.0
SS-027085-PV1,2020-02-24,SLURRY,0.0,0.0,0.0,0.0,0.0,
SS-007699-PV1,2020-02-24,SLURRY,0.0,0.0,0.0,0.0,0.0,
SS-026739-PV1,2020-02-24,SLURRY,0.0,0.5,0.0,11.299304450770343,-0.5,
SS-020730-PV1,2020-02-24,SLURRY,1.5,2.5,9.598615472434885,15.997692454058141,-1.0,-66.66666666666666
SS-020734-PV1,2020-02-24,SLURRY,0.0,0.0,0.0,0.0,0.0,
SS-002292-PV1,2020-02-24,SLURRY,0.0,0.0,0.0,0.0,0.0,
SS-019072-PV1,2020-02-24,SLURRY,0.5,0.0,3.7948602068371304,0.0,0.5,100.0
SS-026096-PV1,2020-02-24,SLURRY,0.0,0.0,0.0,0.0,0.0,
SS-026738-PV1,2020-02-24,SLURRY,0.0,0.0,0.0,0.0,0.0,
SS-024722-PV1,2020-02-25,SLURRY,0.0,0.0,0.0,0.0,0.0,
SS-020283-PV1,2020-02-27,SLURRY,0.0,0.0,0.0,0.0,0.0,
SS-028843-PV1,2020-02-28,SLURRY,0.0,0.0,0.0,0.0,0.0,
SS-028842-PV1,2020-02-28,SLURRY,0.0,0.0,0.0,0.0,0.0,
SS-028841-PV1,2020-02-28,SLURRY,0.5,0.0,9.962264150943398,0.0,0.5,100.0
SS-021687-PV1,2020-02-28,SLURRY,0.0,0.0,0.0,0.0,0.0,
SS-006143-PV1,2020-02-28,SLURRY,0.5,0.5,6.974858541150213,6.974858541150213,0.0,0.0
SS-021688-PV1,2020-02-28,SLURRY,0.0,0.0,0.0,0.0,0.0,
SS-021689-PV1,2020-02-28,SLURRY,0.0,0.0,0.0,0.0,0.0,
SS-013542-PV1,2020-02-28,SLURRY,0.5,0.0,8.340365251131873,0.0,0.5,100.0
SS-013874-PV1,2020-02-28,SLURRY,0.0,0.0,0.0,0.0,0.0,
SS-013876-PV1,2020-02-28,SLURRY,0.0,1.5,0.0,20.475237501121356,-1.5,
SS-013541-PV1,2020-02-28,SLURRY,0.0,0.0,0.0,0.0,0.0,
SS-009162-PV1,2020-02-28,SLURRY,0.0,0.0,0.0,0.0,0.0,
SS-001114-PV1,2020-03-02,SLURRY,0.0,0.5,0.0,3.98736488647942,-0.5,
SS-023090-PV1,2020-03-02,SLURRY,0.0,0.0,0.0,0.0,0.0,
SS-028983-PV1,2020-03-02,SLURRY,0.5,1.0,3.9339086666026155,7.867817333205231,-0.5,-100.0
SS-018060-PV1,2020-03-02,SLURRY,0.0,0.0,0.0,0.0,0.0,
SS-008165-PV1,2020-03-02,OVERLAY,0.0,0.0,0.0,0.0,0.0,
SS-001113-PV1,2020-03-02,SLURRY,1.0,0.0,5.1707660166680816,0.0,1.0,100.0
SS-009832-PV1,2020-03-02,SLURRY,0.0,0.5,0.0,3.237974573314061,-0.5,
SS-004909-PV1,2020-03-03,SLURRY,0.0,1.0,0.0,4.95266778545681,-1.0,
SS-020015-PV1,2020-03-04,SLURRY,0.0,0.0,0.0,0.0,0.0,
SS-030315-PV1,2020-03-04,SLURRY,0.0,0.0,0.0,0.0,0.0,
SS-030314-PV1,2020-03-04,SLURRY,0.0,0.5,0.0,10.192967547367378,-0.5,
SS-032145-PV1,2020-03-04,SLURRY,0.0,0.0,0.0,0.0,0.0,
SS-032141-PV1,2020-03-04,SLURRY,0.0,0.0,0.0,0.0,0.0,
SS-002601-PV1,2020-03-04,SLURRY,1.0,0.0,4.763801603903429,0.0,1.0,100.0
SS-001244-PV1,2020-03-04,SLURRY,0.5,0.0,2.171987157632297,0.0,0.5,100.0
SS-001096-PV1,2020-03-04,SLURRY,0.0,0.0,0.0,0.0,0.0,
SS-020014-PV1,2020-03-04,SLURRY,0.0,0.5,0.0,8.744078702007759,-0.5,
SS-009831-PV1,2020-03-04,SLURRY,0.0,0.0,0.0,0.0,0.0,
SS-018057-PV1,2020-03-04,SLURRY,2.0,2.0,10.964023156930576,10.964023156930576,0.0,0.0
SS-032317-PV1,2020-03-04,SLURRY,0.0,0.0,0.0,0.0,0.0,
SS-001115-PV1,2020-03-04,SLURRY,0.5,0.5,3.8873584868987177,3.8873584868987177,0.0,0.0
SS-018025-PV1,2020-03-04,OVERLAY,0.0,0.0,0.0,0.0,0.0,
SS-017700-PV1,2020-03-04,SLURRY,0.0,0.0,0.0,0.0,0.0,
SS-028470-PV1,2020-03-06,OVERLAY,2.5,5.5,34.713976557020466,76.37074842544503,-3.0,-120.0
SS-032147-PV1,2020-03-08,SLURRY,0.0,0.0,0.0,0.0,0.0,
SS-032148-PV1,2020-03-08,SLURRY,0.0,0.5,0.0,2.8769301585973133,-0.5,
SS-032316-PV1,2020-03-08,SLURRY,0.0,0.0,0.0,0.0,0.0,
SS-005308-PV1,2020-03-08,SLURRY,0.0,0.0,0.0,0.0,0.0,
SS-032327-PV1,2020-03-08,SLURRY,0.0,0.0,0.0,0.0,0.0,
SS-032329-PV1,2020-03-08,SLURRY,0.0,0.0,0.0,0.0,0.0,
SS-032330-PV1,2020-03-08,SLURRY,0.5,0.5,7.741935483870967,7.741935483870967,0.0,0.0
SS-005497-PV1,2020-03-08,SLURRY,0.0,0.5,0.0,1.6131477406857675,-0.5,
SS-032328-PV1,2020-03-08,SLURRY,0.0,0.0,0.0,0.0,0.0,
SS-001109-PV1,2020-03-09,SLURRY,0.0,0.0,0.0,0.0,0.0,
SS-014930-PV1,2020-03-09,SLURRY,0.0,0.0,0.0,0.0,0.0,
SS-003376-PV1,2020-03-09,SLURRY,0.0,0.0,0.0,0.0,0.0,
SS-020013-PV1,2020-03-09,SLURRY,0.0,0.0,0.0,0.0,0.0,
SS-021587-PV1,2020-03-09,SLURRY,0.0,0.0,0.0,0.0,0.0,
SS-018741-PV1,2020-03-09,SLURRY,0.0,0.0,0.0,0.0,0.0,
SS-023990-PV1,2020-03-09,SLURRY,0.0,0.0,0.0,0.0,0.0,
SS-001137-PV1,2020-03-09,SLURRY,0.0,0.0,0.0,0.0,0.0,
SS-007636-PV1,2020-03-09,SLURRY,0.0,0.0,0.0,0.0,0.0,
SS-024087-PV1,2020-03-09,SLURRY,0.0,0.0,0.0,0.0,0.0,
SS-013897-PV1,2020-03-11,SLURRY,0.0,0.0,0.0,0.0,0.0,
SS-016291-PV1,2020-03-16,SLURRY,1.0,0.0,17.718120805369125,0.0,1.0,100.0
SS-013071-PV1,2020-03-16,SLURRY,0.5,1.0,1.99546485260771,3.99092970521542,-0.5,-100.0
SS-020205-PV1,2020-03-16,SLURRY,0.5,0.5,2.530041366176337,2.530041366176337,0.0,0.0
SS-004135-PV1,2020-03-16,SLURRY,1.0,1.0,8.666223835759302,8.666223835759302,0.0,0.0
SS-004134-PV1,2020-03-16,SLURRY,0.0,0.5,0.0,4.599841653935791,-0.5,
SS-009739-PV1,2020-03-16,SLURRY,0.5,0.5,4.132049664106622,4.132049664106622,0.0,0.0
SS-008811-PV1,2020-03-16,SLURRY,0.0,0.0,0.0,0.0,0.0,
SS-008810-PV1,2020-03-16,SLURRY,0.0,0.0,0.0,0.0,0.0,
SS-004133-PV1,2020-03-16,SLURRY,1.0,1.5,18.299536377086902,27.449304565630353,-0.5,-50.0
SS-004132-PV1,2020-03-16,SLURRY,0.0,0.0,0.0,0.0,0.0,
SS-004131-PV1,2020-03-16,SLURRY,0.5,1.0,2.060703806845861,4.121407613691722,-0.5,-100.0
SS-001282-PV1,2020-03-16,SLURRY,0.5,0.5,2.2482910433194583,2.2482910433194583,0.0,0.0
SS-024865-PV1,2020-03-16,SLURRY,0.0,0.0,0.0,0.0,0.0,
SS-001334-PV1,2020-03-16,SLURRY,0.0,0.0,0.0,0.0,0.0,
SS-024864-PV1,2020-03-16,SLURRY,0.0,0.0,0.0,0.0,0.0,
SS-013869-PV1,2020-03-16,SLURRY,0.0,0.0,0.0,0.0,0.0,
SS-023428-PV1,2020-03-16,SLURRY,0.0,0.0,0.0,0.0,0.0,
SS-013868-PV1,2020-03-16,SLURRY,0.0,0.0,0.0,0.0,0.0,
SS-020161-PV1,2020-03-16,SLURRY,0.0,0.0,0.0,0.0,0.0,
SS-013863-PV1,2020-03-16,SLURRY,0.0,0.0,0.0,0.0,0.0,
SS-001095-PV1,2020-03-17,SLURRY,0.0,0.0,0.0,0.0,0.0,
SS-015089-PV1,2020-03-17,SLURRY,0.0,0.0,0.0,0.0,0.0,
SS-031248-PV1,2020-03-17,SLURRY,0.0,0.0,0.0,0.0,0.0,
SS-023091-PV1,2020-03-17,SLURRY,1.0,0.0,8.14465901644604,0.0,1.0,100.0
SS-014555-PV1,2020-03-17,SLURRY,0.5,0.5,2.0443033049182917,2.0443033049182917,0.0,0.0
SS-022956-PV1,2020-03-17,SLURRY,0.0,0.0,0.0,0.0,0.0,
SS-020975-PV1,2020-03-17,SLURRY,0.0,0.0,0.0,0.0,0.0,
SS-022957-PV1,2020-03-17,SLURRY,0.5,0.0,4.56135331206084,0.0,0.5,100.0
SS-026490-PV1,2020-03-17,SLURRY,0.0,0.0,0.0,0.0,0.0,
SS-023460-PV1,2020-03-17,SLURRY,0.0,0.5,0.0,2.2880248937108436,-0.5,
SS-024787-PV1,2020-03-17,SLURRY,0.0,0.0,0.0,0.0,0.0,
SS-020981-PV1,2020-03-17,SLURRY,0.0,0.0,0.0,0.0,0.0,
SS-001116-PV1,2020-03-17,SLURRY,0.0,1.0,0.0,7.986581333272023,-1.0,
SS-022411-PV1,2020-03-17,SLURRY,0.0,0.5,0.0,4.332826031618798,-0.5,
SS-018223-PV1,2020-03-17,SLURRY,0.5,0.0,4.647887323943662,0.0,0.5,100.0
SS-018224-PV1,2020-03-17,SLURRY,0.0,0.0,0.0,0.0,0.0,
SS-026720-PV1,2020-03-17,SLURRY,0.0,0.0,0.0,0.0,0.0,
SS-021653-PV1,2020-03-17,SLURRY,0.0,0.0,0.0,0.0,0.0,
SS-020971-PV1,2020-03-17,SLURRY,0.0,0.0,0.0,0.0,0.0,
SS-018225-PV1,2020-03-17,SLURRY,0.0,0.0,0.0,0.0,0.0,
SS-011991-PV1,2020-03-18,SLURRY,0.0,0.0,0.0,0.0,0.0,
SS-016335-PV1,2020-03-19,SLURRY,0.0,0.0,0.0,0.0,0.0,
SS-010716-PV1,2020-03-28,OVERLAY,1.5,2.0,28.28552234824121,37.714029797654945,-0.5,-33.33333333333333
SS-010715-PV1,2020-03-28,OVERLAY,1.5,1.0,28.184862806977463,18.789908537984974,0.5,33.33333333333333
SS-000596-PV1,2020-04-01,OVERLAY,3.5,3.5,24.314333812909886,24.314333812909886,0.0,0.0
SS-029926-PV1,2020-04-02,OVERLAY,0.0,0.0,0.0,0.0,0.0,
SS-029925-PV1,2020-04-02,OVERLAY,0.0,0.0,0.0,0.0,0.0,
SS-028485-PV1,2020-04-02,OVERLAY,0.0,0.0,0.0,0.0,0.0,
SS-000605-PV1,2020-04-03,OVERLAY,0.0,1.0,0.0,13.468491000981821,-1.0,
SS-014649-PV1,2020-04-04,SLURRY,0.5,1.0,4.915649136605331,9.831298273210662,-0.5,-100.0
SS-010795-PV1,2020-04-13,OVERLAY,2.0,1.0,11.39830670382342,5.69915335191171,1.0,50.0
SS-010796-PV1,2020-04-13,OVERLAY,2.0,2.0,14.808200153018069,14.808200153018069,0.0,0.0
SS-014153-PV1,2020-04-14,OVERLAY,10.0,8.5,11.831953719313026,10.057160661416072,1.5,15.0
SS-014132-PV1,2020-04-14,OVERLAY,0.0,0.0,0.0,0.0,0.0,
SS-014135-PV1,2020-04-14,OVERLAY,0.0,0.0,0.0,0.0,0.0,
SS-014134-PV1,2020-04-14,OVERLAY,0.0,0.0,0.0,0.0,0.0,
SS-014137-PV1,2020-04-14,OVERLAY,3.5,5.0,61.59535981622718,87.99337116603883,-1.5,-42.857142857142854
SS-028476-PV1,2020-04-14,OVERLAY,1.5,0.5,15.193139913663831,5.0643799712212765,1.0,66.66666666666666
SS-014131-PV1,2020-04-14,OVERLAY,1.5,1.0,13.919882988619971,9.279921992413314,0.5,33.33333333333333
SS-028478-PV1,2020-04-14,OVERLAY,0.0,0.0,0.0,0.0,0.0,
SS-028477-PV1,2020-04-14,OVERLAY,1.0,1.0,15.495190181449264,15.495190181449264,0.0,0.0
SS-028479-PV1,2020-04-14,OVERLAY,0.0,0.0,0.0,0.0,0.0,
SS-010794-PV1,2020-04-15,OVERLAY,0.0,1.0,0.0,5.90419108109317,-1.0,
SS-025910-PV1,2020-04-15,OVERLAY,0.0,0.0,0.0,0.0,0.0,
SS-025919-PV1,2020-04-15,OVERLAY,0.0,0.0,0.0,0.0,0.0,
SS-025913-PV1,2020-04-15,OVERLAY,0.0,0.0,0.0,0.0,0.0,
SS-025912-PV1,2020-04-15,OVERLAY,0.0,0.0,0.0,0.0,0.0,
SS-028475-PV1,2020-04-16,OVERLAY,0.0,0.0,0.0,0.0,0.0,
SS-029928-PV1,2020-04-16,OVERLAY,0.0,0.0,0.0,0.0,0.0,
SS-024639-PV1,2020-04-16,OVERLAY,0.0,0.0,0.0,0.0,0.0,
SS-010816-PV1,2020-04-16,OVERLAY,3.0,1.5,9.95739629928086,4.97869814964043,1.5,50.0
SS-000293-PV1,2020-04-16,SLURRY,1.0,1.0,14.005260460709408,14.005260460709408,0.0,0.0
SS-018919-PV1,2020-04-17,OVERLAY,5.0,3.0,8.655150289800003,5.193090173880002,2.0,40.0
SS-030711-PV1,2020-04-17,OVERLAY,0.0,0.0,0.0,0.0,0.0,
SS-010791-PV1,2020-04-17,OVERLAY,0.0,0.0,0.0,0.0,0.0,
SS-010792-PV1,2020-04-17,OVERLAY,1.5,2.0,22.110614490827725,29.48081932110363,-0.5,-33.33333333333333
SS-018904-PV1,2020-04-21,OVERLAY,2.0,3.0,16.788553259141494,25.18282988871224,-1.0,-50.0
SS-018923-PV1,2020-04-21,OVERLAY,0.0,0.0,0.0,0.0,0.0,
SS-010815-PV1,2020-04-21,OVERLAY,1.0,2.0,1.872498525496071,3.744997050992142,-1.0,-100.0
SS-010790-PV1,2020-04-23,OVERLAY,1.0,2.0,20.33899088558971,40.67798177117942,-1.0,-100.0
SS-010823-PV1,2020-04-23,OVERLAY,0.0,0.0,0.0,0.0,0.0,
SS-002107-PV1,2020-04-23,OVERLAY,0.0,0.0,0.0,0.0,0.0,
SS-010789-PV1,2020-04-23,OVERLAY,2.0,1.5,9.377680764565156,7.033260573423866,0.5,25.0
SS-010821-PV1,2020-04-23,OVERLAY,0.0,0.0,0.0,0.0,0.0,
SS-011678-PV1,2020-04-25,OVERLAY,1.0,3.0,18.9247311827957,56.774193548387096,-2.0,-200.0
SS-000337-PV1,2020-04-25,OVERLAY,2.5,1.5,33.417306975179294,20.050384185107575,1.0,40.0
SS-000351-PV1,2020-04-25,OVERLAY,0.5,1.0,6.674963173924763,13.349926347849525,-0.5,-100.0
SS-025887-PV1,2020-04-26,OVERLAY,1.0,3.0,3.257248611967921,9.771745835903763,-2.0,-200.0
SS-019925-PV1,2020-04-26,OVERLAY,3.5,3.5,60.050106744913776,60.050106744913776,0.0,0.0
SS-019950-PV1,2020-04-26,OVERLAY,0.0,0.0,0.0,0.0,0.0,
SS-025878-PV1,2020-04-26,OVERLAY,0.0,0.0,0.0,0.0,0.0,
SS-019924-PV1,2020-04-26,OVERLAY,0.0,0.0,0.0,0.0,0.0,
SS-025880-PV1,2020-04-26,OVERLAY,13.0,16.0,50.123699067650996,61.69070654480122,-3.0,-23.076923076923077
SS-025916-PV1,2020-04-26,OVERLAY,0.0,0.0,0.0,0.0,0.0,
SS-025918-PV1,2020-04-26,OVERLAY,0.0,0.0,0.0,0.0,0.0,
SS-025917-PV1,2020-04-26,OVERLAY,0.0,0.0,0.0,0.0,0.0,
SS-002306-PV1,2020-04-27,OVERLAY,1.0,1.0,2.363546591188358,2.363546591188358,0.0,0.0
SS-002305-PV1,2020-04-27,OVERLAY,0.0,0.0,0.0,0.0,0.0,
SS-002304-PV1,2020-04-27,OVERLAY,0.0,0.0,0.0,0.0,0.0,
SS-014597-PV1,2020-04-28,SLURRY,0.0,0.0,0.0,0.0,0.0,
SS-014596-PV1,2020-04-28,SLURRY,0.0,0.0,0.0,0.0,0.0,
SS-002108-PV1,2020-04-28,OVERLAY,0.0,0.0,0.0,0.0,0.0,
SS-002109-PV1,2020-04-28,OVERLAY,0.0,0.0,0.0,0.0,0.0,
SS-024046-PV1,2020-04-28,SLURRY,0.5,0.0,7.516397276900374,0.0,0.5,100.0
SS-002039-PV1,2020-04-28,SLURRY,0.0,0.0,0.0,0.0,0.0,
SS-005773-PV1,2020-04-28,OVERLAY,5.0,8.0,9.367296596073443,14.987674553717508,-3.0,-60.0
SS-005777-PV1,2020-04-28,OVERLAY,0.5,0.5,8.77076411960133,8.77076411960133,0.0,0.0
SS-005779-PV1,2020-04-28,OVERLAY,0.5,0.0,1.673724628173198,0.0,0.5,100.0
SS-002307-PV1,2020-04-28,OVERLAY,1.0,1.0,9.296391679518166,9.296391679518166,0.0,0.0
SS-018678-PV1,2020-04-28,SLURRY,0.0,0.0,0.0,0.0,0.0,
SS-002040-PV1,2020-04-28,SLURRY,0.0,0.0,0.0,0.0,0.0,
SS-002036-PV1,2020-04-28,SLURRY,0.0,0.0,0.0,0.0,0.0,
SS-002303-PV1,2020-04-28,OVERLAY,0.0,0.0,0.0,0.0,0.0,
SS-028784-PV1,2020-04-28,SLURRY,0.0,0.0,0.0,0.0,0.0,
SS-006780-PV1,2020-04-29,OVERLAY,0.0,0.0,0.0,0.0,0.0,
SS-025021-PV1,2020-04-29,OVERLAY,0.0,0.0,0.0,0.0,0.0,
SS-035575-PV1,2020-04-29,OVERLAY,0.0,0.0,0.0,0.0,0.0,
SS-028472-PV1,2020-04-30,OVERLAY,0.0,0.0,0.0,0.0,0.0,
SS-028651-PV1,2020-04-30,CONCRETE,0.0,0.0,0.0,0.0,0.0,
SS-034984-PV1,2020-04-30,OVERLAY,0.0,0.0,0.0,0.0,0.0,
SS-028473-PV1,2020-04-30,OVERLAY,0.0,0.0,0.0,0.0,0.0,
SS-028474-PV1,2020-04-30,OVERLAY,1.0,0.5,31.807228915662648,15.903614457831324,0.5,50.0
SS-028483-PV1,2020-04-30,OVERLAY,15.5,18.0,15.217099706327081,17.67147062670242,-2.5,-16.129032258064516
SS-032068-PV1,2020-05-03,OVERLAY,0.0,0.0,0.0,0.0,0.0,
SS-031336-PV1,2020-05-03,SLURRY,1.5,4.0,2.4869169172868704,6.631778446098322,-2.5,-166.66666666666669
SS-022563-PV1,2020-05-03,OVERLAY,3.5,1.5,4.5615891925091105,1.9549667967896187,2.0,57.14285714285714
SS-011691-PV1,2020-05-06,CONCRETE,0.0,0.5,0.0,3.8039364690737805,-0.5,
SS-030004-PV1,2020-05-07,OVERLAY,0.0,0.0,0.0,0.0,0.0,
SS-030002-PV1,2020-05-07,OVERLAY,0.0,0.0,0.0,0.0,0.0,
SS-030001-PV1,2020-05-07,OVERLAY,0.0,0.0,0.0,0.0,0.0,
SS-008651-PV1,2020-05-10,SLURRY,0.5,1.5,0.7817341884636761,2.3452025653910287,-1.0,-200.0
SS-020074-PV1,2020-05-11,OVERLAY,0.5,0.5,1.7159391442182501,1.7159391442182501,0.0,0.0
SS-020068-PV1,2020-05-11,OVERLAY,1.0,0.0,13.575257447815606,0.0,1.0,100.0
SS-020073-PV1,2020-05-11,OVERLAY,3.0,0.0,9.890280327008632,0.0,3.0,100.0
SS-020064-PV1,2020-05-12,OVERLAY,1.0,0.5,6.13051945586531,3.065259727932655,0.5,50.0
SS-019550-PV1,2020-05-13,SLURRY,0.0,0.0,0.0,0.0,0.0,
SS-021231-PV1,2020-05-13,SLURRY,0.0,0.0,0.0,0.0,0.0,
SS-009756-PV1,2020-05-13,OVERLAY,12.0,13.0,7.053118251371687,7.640878105652661,-1.0,-8.333333333333332
SS-001999-PV1,2020-05-14,SLURRY,0.0,0.0,0.0,0.0,0.0,
SS-008473-PV1,2020-05-14,SLURRY,0.0,0.0,0.0,0.0,0.0,
SS-008460-PV1,2020-05-14,SLURRY,0.0,0.0,0.0,0.0,0.0,
SS-008459-PV1,2020-05-14,SLURRY,0.5,0.5,15.903068388615571,15.903068388615571,0.0,0.0
SS-020090-PV1,2020-05-14,OVERLAY,1.0,2.5,1.6195090973469741,4.048772743367436,-1.5,-150.0
SS-020089-PV1,2020-05-14,OVERLAY,1.0,0.0,3.655273635653539,0.0,1.0,100.0
SS-011561-PV1,2020-05-14,SLURRY,0.0,0.0,0.0,0.0,0.0,
SS-004801-PV1,2020-05-14,SLURRY,0.0,0.0,0.0,0.0,0.0,
SS-000606-PV1,2020-05-15,SLURRY,0.0,1.5,0.0,20.359750623902965,-1.5,
SS-013794-PV1,2020-05-18,OVERLAY,3.0,4.0,15.109943439780533,20.14659125304071,-1.0,-33.33333333333333
SS-032069-PV1,2020-05-18,OVERLAY,0.0,0.0,0.0,0.0,0.0,
SS-000604-PV1,2020-05-20,OVERLAY,0.5,1.5,4.436089063225696,13.308267189677087,-1.0,-200.0
SS-035320-PV1,2020-05-21,OVERLAY,0.0,0.0,0.0,0.0,0.0,
SS-035323-PV1,2020-05-21,CONCRETE,0.0,0.0,0.0,0.0,0.0,
SS-030740-PV1,2020-05-22,OVERLAY,2.5,0.5,1.0125914286636357,0.20251828573272715,2.0,80.0
SS-025007-PV1,2020-05-25,OVERLAY,0.0,0.0,0.0,0.0,0.0,
SS-017542-PV1,2020-05-25,OVERLAY,0.0,0.0,0.0,0.0,0.0,
SS-001595-PV1,2020-05-25,OVERLAY,0.0,0.0,0.0,0.0,0.0,
SS-017025-PV1,2020-05-25,OVERLAY,0.5,0.0,3.9983588554334286,0.0,0.5,100.0
SS-025970-PV1,2020-05-25,OVERLAY,0.0,0.0,0.0,0.0,0.0,
SS-020224-PV1,2020-05-25,OVERLAY,0.0,0.0,0.0,0.0,0.0,
SS-013010-PV1,2020-05-25,OVERLAY,0.0,0.0,0.0,0.0,0.0,
SS-014878-PV1,2020-05-25,OVERLAY,0.0,0.0,0.0,0.0,0.0,
SS-013011-PV1,2020-05-25,OVERLAY,0.0,0.0,0.0,0.0,0.0,
SS-008821-PV1,2020-05-25,OVERLAY,0.0,0.0,0.0,0.0,0.0,
SS-015403-PV1,2020-05-25,OVERLAY,0.0,0.0,0.0,0.0,0.0,
SS-000609-PV1,2020-05-25,OVERLAY,0.0,0.5,0.0,7.01905887182454,-0.5,
SS-003448-PV1,2020-05-25,OVERLAY,0.0,0.0,0.0,0.0,0.0,
SS-003449-PV1,2020-05-25,OVERLAY,0.0,0.0,0.0,0.0,0.0,
SS-025969-PV1,2020-05-25,OVERLAY,0.0,0.0,0.0,0.0,0.0,
SS-000608-PV1,2020-05-25,SLURRY,1.5,1.5,20.783823047790197,20.783823047790197,0.0,0.0
SS-028651-PV1,2020-05-29,OVERLAY,0.0,0.0,0.0,0.0,0.0,
SS-020154-PV1,2020-06-01,OVERLAY,0.0,0.5,0.0,6.027332583417484,-0.5,
SS-027895-PV1,2020-06-01,SLURRY,0.0,0.0,0.0,0.0,0.0,
SS-020155-PV1,2020-06-01,OVERLAY,0.0,0.0,0.0,0.0,0.0,
SS-005237-PV1,2020-06-01,OVERLAY,0.0,0.5,0.0,3.798545847585075,-0.5,
SS-001069-PV1,2020-06-01,OVERLAY,0.0,0.5,0.0,3.6254946431256707,-0.5,
SS-005236-PV1,2020-06-01,OVERLAY,1.5,0.5,12.036419286842156,4.012139762280719,1.0,66.66666666666666
SS-018055-PV1,2020-06-01,OVERLAY,0.5,1.5,6.733621994866123,20.20086598459837,-1.0,-200.0
SS-010521-PV1,2020-06-01,OVERLAY,0.5,0.5,2.7045874413096844,2.7045874413096844,0.0,0.0
SS-013480-PV1,2020-06-01,OVERLAY,1.0,0.5,3.6659240624659577,1.8329620312329789,0.5,50.0
SS-017847-PV1,2020-06-01,OVERLAY,0.0,0.0,0.0,0.0,0.0,
SS-001111-PV1,2020-06-01,OVERLAY,1.5,0.0,11.222528716282998,0.0,1.5,100.0
SS-001107-PV1,2020-06-01,OVERLAY,2.0,0.0,11.600692306467002,0.0,2.0,100.0
SS-006911-PV1,2020-06-01,OVERLAY,0.0,0.0,0.0,0.0,0.0,
SS-001050-PV1,2020-06-01,OVERLAY,0.5,0.0,3.6038412032898153,0.0,0.5,100.0
SS-001321-PV1,2020-06-02,OVERLAY,4.0,2.0,29.026929899139667,14.513464949569833,2.0,50.0
SS-011141-PV1,2020-06-02,OVERLAY,0.0,0.0,0.0,0.0,0.0,
SS-001283-PV1,2020-06-02,OVERLAY,0.0,0.0,0.0,0.0,0.0,
SS-001309-PV1,2020-06-02,OVERLAY,2.5,1.0,27.383500320822602,10.95340012832904,1.5,60.0
SS-001342-PV1,2020-06-02,OVERLAY,0.0,0.0,0.0,0.0,0.0,
SS-021869-PV1,2020-06-02,OVERLAY,0.0,0.0,0.0,0.0,0.0,
SS-021871-PV1,2020-06-02,OVERLAY,0.0,0.0,0.0,0.0,0.0,
SS-001049-PV1,2020-06-05,SLURRY,0.0,0.5,0.0,2.2996281309676547,-0.5,
SS-017805-PV1,2020-06-05,SLURRY,0.0,0.5,0.0,2.5007258261986074,-0.5,
SS-013479-PV1,2020-06-05,SLURRY,0.0,0.0,0.0,0.0,0.0,
SS-017884-PV1,2020-06-05,SLURRY,0.0,0.0,0.0,0.0,0.0,
SS-030720-PV1,2020-06-05,SLURRY,0.0,0.0,0.0,0.0,0.0,
SS-030274-PV1,2020-06-05,SLURRY,1.0,0.0,18.14164917211546,0.0,1.0,100.0
SS-010580-PV1,2020-06-05,SLURRY,4.5,1.5,21.91911238665093,7.306370795550309,3.0,66.66666666666666
SS-029441-PV1,2020-06-12,SLURRY,1.0,0.5,14.881233383679628,7.440616691839814,0.5,50.0
SS-027697-PV1,2020-06-17,OVERLAY,0.0,0.0,0.0,0.0,0.0,
SS-027743-PV1,2020-06-17,OVERLAY,1.0,0.0,2.946327127018004,0.0,1.0,100.0
SS-027757-PV1,2020-06-17,OVERLAY,0.5,0.0,3.963276043977952,0.0,0.5,100.0
SS-027756-PV1,2020-06-17,OVERLAY,0.0,0.0,0.0,0.0,0.0,
SS-026728-PV1,2020-06-20,SLURRY,0.0,0.0,0.0,0.0,0.0,
SS-002041-PV1,2020-06-24,SLURRY,0.0,0.0,0.0,0.0,0.0,
SS-014711-PV1,2020-06-27,SLURRY,0.0,0.0,0.0,0.0,0.0,
SS-025772-PV1,2020-07-01,SLURRY,0.0,0.0,0.0,0.0,0.0,
SS-022780-PV1,2020-07-01,OVERLAY,0.0,0.0,0.0,0.0,0.0,
SS-016156-PV1,2020-07-02,SLURRY,0.0,0.0,0.0,0.0,0.0,
SS-017844-PV1,2020-07-02,SLURRY,0.0,0.0,0.0,0.0,0.0,
SS-032076-PV1,2020-07-02,SLURRY,1.0,3.0,0.6051488401394125,1.8154465204182375,-2.0,-200.0
SS-001251-PV1,2020-07-02,SLURRY,0.0,0.0,0.0,0.0,0.0,
SS-013009-PV1,2020-07-02,SLURRY,0.0,0.0,0.0,0.0,0.0,
SS-028449-PV1,2020-07-02,OVERLAY,4.0,4.0,5.097926165084318,5.097926165084318,0.0,0.0
SS-028444-PV1,2020-07-02,OVERLAY,0.0,0.0,0.0,0.0,0.0,
SS-028443-PV1,2020-07-02,OVERLAY,0.0,0.0,0.0,0.0,0.0,
SS-028442-PV1,2020-07-02,OVERLAY,3.0,3.0,10.824231025170848,10.824231025170848,0.0,0.0
SS-001247-PV1,2020-07-02,SLURRY,0.0,0.0,0.0,0.0,0.0,
SS-001246-PV1,2020-07-02,SLURRY,0.0,0.0,0.0,0.0,0.0,
SS-014877-PV1,2020-07-02,SLURRY,0.0,0.0,0.0,0.0,0.0,
SS-028450-PV1,2020-07-02,OVERLAY,1.5,0.5,8.044875779804435,2.681625259934812,1.0,66.66666666666666
SS-021867-PV1,2020-07-02,SLURRY,0.0,0.0,0.0,0.0,0.0,
SS-021868-PV1,2020-07-02,SLURRY,0.0,0.0,0.0,0.0,0.0,
SS-001284-PV1,2020-07-08,SLURRY,0.0,0.0,0.0,0.0,0.0,
SS-013008-PV1,2020-07-08,SLURRY,0.0,0.0,0.0,0.0,0.0,
SS-001250-PV1,2020-07-08,SLURRY,0.0,0.0,0.0,0.0,0.0,
SS-001249-PV1,2020-07-08,SLURRY,0.0,0.0,0.0,0.0,0.0,
SS-001248-PV1,2020-07-08,SLURRY,0.5,0.0,9.040256880268988,0.0,0.5,100.0
SS-016155-PV1,2020-07-08,SLURRY,0.5,0.5,2.7726671314384954,2.7726671314384954,0.0,0.0
SS-013898-PV1,2020-07-14,OVERLAY,0.0,0.0,0.0,0.0,0.0,
SS-004215-PV1,2020-07-17,OVERLAY,0.0,0.0,0.0,0.0,0.0,
SS-004216-PV1,2020-07-17,OVERLAY,0.0,0.0,0.0,0.0,0.0,
SS-017928-PV1,2020-07-17,OVERLAY,0.0,0.0,0.0,0.0,0.0,
SS-033859-PV1,2020-07-17,OVERLAY,0.0,0.0,0.0,0.0,0.0,
SS-004214-PV1,2020-07-17,OVERLAY,0.0,0.0,0.0,0.0,0.0,
SS-013744-PV1,2020-07-21,OVERLAY,0.0,0.0,0.0,0.0,0.0,
SS-013745-PV1,2020-07-21,OVERLAY,0.0,0.0,0.0,0.0,0.0,
SS-034793-PV1,2020-07-21,OVERLAY,0.0,0.0,0.0,0.0,0.0,
SS-021865-PV1,2020-07-21,OVERLAY,0.0,0.0,0.0,0.0,0.0,
SS-034815-PV1,2020-07-21,OVERLAY,0.0,0.0,0.0,0.0,0.0,
SS-013743-PV1,2020-07-21,OVERLAY,0.0,0.0,0.0,0.0,0.0,
SS-013742-PV1,2020-07-21,OVERLAY,0.0,0.0,0.0,0.0,0.0,
SS-013741-PV1,2020-07-21,OVERLAY,0.0,0.0,0.0,0.0,0.0,
SS-013746-PV1,2020-07-21,OVERLAY,0.0,0.0,0.0,0.0,0.0,
SS-013739-PV1,2020-07-21,OVERLAY,0.0,0.0,0.0,0.0,0.0,
SS-013740-PV1,2020-07-21,OVERLAY,0.0,0.0,0.0,0.0,0.0,
SS-024353-PV1,2020-07-21,OVERLAY,0.0,0.0,0.0,0.0,0.0,
SS-024354-PV1,2020-07-21,OVERLAY,0.0,0.0,0.0,0.0,0.0,
SS-024355-PV1,2020-07-21,OVERLAY,0.0,0.0,0.0,0.0,0.0,
SS-013737-PV1,2020-07-21,OVERLAY,0.0,0.0,0.0,0.0,0.0,
SS-023957-PV1,2020-07-21,OVERLAY,0.0,0.0,0.0,0.0,0.0,
SS-013738-PV1,2020-07-21,OVERLAY,0.0,0.0,0.0,0.0,0.0,
SS-024771-PV1,2020-07-21,OVERLAY,0.0,0.0,0.0,0.0,0.0,
SS-009937-PV1,2020-07-22,SLURRY,0.0,0.0,0.0,0.0,0.0,
SS-002592-PV1,2020-07-22,SLURRY,0.0,0.5,0.0,3.6185445473673647,-0.5,
SS-009738-PV1,2020-07-22,SLURRY,0.5,0.5,3.4584438496095693,3.4584438496095693,0.0,0.0
SS-020016-PV1,2020-07-22,SLURRY,0.0,0.5,0.0,9.514068929429394,-0.5,
SS-001110-PV1,2020-07-22,SLURRY,0.5,0.0,15.266707647753107,0.0,0.5,100.0
SS-030143-PV1,2020-07-22,SLURRY,0.0,0.0,0.0,0.0,0.0,
SS-016292-PV1,2020-07-22,SLURRY,0.0,0.0,0.0,0.0,0.0,
SS-002794-PV1,2020-07-22,SLURRY,0.0,0.0,0.0,0.0,0.0,
SS-002793-PV1,2020-07-22,SLURRY,0.5,0.0,21.980913240336307,0.0,0.5,100.0
SS-006155-PV1,2020-07-23,OVERLAY,0.0,0.0,0.0,0.0,0.0,
SS-003447-PV1,2020-07-24,SLURRY,0.0,0.0,0.0,0.0,0.0,
SS-001276-PV1,2020-07-24,SLURRY,0.0,0.0,0.0,0.0,0.0,
SS-001278-PV1,2020-07-24,SLURRY,0.0,0.0,0.0,0.0,0.0,
SS-033868-PV1,2020-07-24,OVERLAY,0.0,0.0,0.0,0.0,0.0,
SS-001277-PV1,2020-07-24,SLURRY,0.0,0.0,0.0,0.0,0.0,
SS-009614-PV1,2020-07-27,SLURRY,0.0,0.0,0.0,0.0,0.0,
SS-021654-PV1,2020-07-27,SLURRY,0.0,0.0,0.0,0.0,0.0,
SS-012177-PV1,2020-07-27,SLURRY,0.0,0.0,0.0,0.0,0.0,
SS-009615-PV1,2020-07-27,SLURRY,0.0,0.0,0.0,0.0,0.0,
SS-009613-PV1,2020-07-27,SLURRY,0.0,0.0,0.0,0.0,0.0,
SS-001279-PV1,2020-07-27,SLURRY,0.0,0.0,0.0,0.0,0.0,
SS-009616-PV1,2020-07-27,SLURRY,0.0,0.0,0.0,0.0,0.0,
SS-018123-PV1,2020-07-28,SLURRY,0.0,0.5,0.0,9.237416294662383,-0.5,
SS-001261-PV1,2020-07-28,SLURRY,0.0,0.0,0.0,0.0,0.0,
SS-001260-PV1,2020-07-28,SLURRY,0.0,0.0,0.0,0.0,0.0,
SS-001259-PV1,2020-07-28,SLURRY,0.0,0.0,0.0,0.0,0.0,
SS-009633-PV1,2020-07-28,SLURRY,1.0,2.0,15.711779311395563,31.423558622791127,-1.0,-100.0
SS-007158-PV1,2020-07-28,SLURRY,0.0,0.0,0.0,0.0,0.0,
SS-000978-PV1,2020-07-28,SLURRY,0.5,0.0,3.8816439703218917,0.0,0.5,100.0
SS-000979-PV1,2020-07-28,SLURRY,0.0,0.5,0.0,3.8647993634792566,-0.5,
SS-001002-PV1,2020-07-28,SLURRY,1.5,0.0,11.647058823529411,0.0,1.5,100.0
SS-009632-PV1,2020-07-28,SLURRY,0.0,0.0,0.0,0.0,0.0,
SS-001412-PV1,2020-07-28,SLURRY,0.0,0.0,0.0,0.0,0.0,
SS-031357-PV1,2020-07-28,SLURRY,0.0,0.0,0.0,0.0,0.0,
SS-001262-PV1,2020-07-28,SLURRY,0.0,0.0,0.0,0.0,0.0,
SS-016007-PV1,2020-07-29,SLURRY,0.0,0.0,0.0,0.0,0.0,
SS-015979-PV1,2020-07-29,SLURRY,0.0,0.0,0.0,0.0,0.0,
SS-015978-PV1,2020-07-29,SLURRY,0.0,0.0,0.0,0.0,0.0,
SS-015974-PV1,2020-07-29,SLURRY,0.5,0.0,39.99551565430542,0.0,0.5,100.0
SS-016009-PV1,2020-07-29,SLURRY,0.0,0.0,0.0,0.0,0.0,
SS-015975-PV1,2020-07-29,SLURRY,0.0,0.0,0.0,0.0,0.0,
SS-009630-PV1,2020-07-30,SLURRY,0.0,0.0,0.0,0.0,0.0,
SS-009631-PV1,2020-07-30,SLURRY,0.5,0.5,6.964828145503702,6.964828145503702,0.0,0.0
SS-009634-PV1,2020-07-30,SLURRY,0.0,0.0,0.0,0.0,0.0,
SS-009639-PV1,2020-07-30,SLURRY,0.0,0.0,0.0,0.0,0.0,
SS-009636-PV1,2020-07-30,SLURRY,0.5,0.0,7.95050928432768,0.0,0.5,100.0
SS-033832-PV1,2020-07-31,OVERLAY,0.0,0.0,0.0,0.0,0.0,
SS-012221-PV1,2020-08-03,SLURRY,0.0,0.0,0.0,0.0,0.0,
SS-012222-PV1,2020-08-03,SLURRY,0.0,0.0,0.0,0.0,0.0,
SS-029079-PV1,2020-08-03,SLURRY,0.0,0.0,0.0,0.0,0.0,
SS-014208-PV1,2020-08-04,SLURRY,0.0,0.0,0.0,0.0,0.0,
SS-023092-PV1,2020-08-04,SLURRY,0.0,0.0,0.0,0.0,0.0,
SS-017418-PV1,2020-08-04,SLURRY,0.0,0.0,0.0,0.0,0.0,
SS-021564-PV1,2020-08-04,SLURRY,0.0,0.0,0.0,0.0,0.0,
SS-010542-PV1,2020-08-04,SLURRY,1.5,1.0,19.31338949497925,12.875592996652832,0.5,33.33333333333333
SS-007073-PV1,2020-08-04,SLURRY,0.0,0.0,0.0,0.0,0.0,
SS-028874-PV1,2020-08-04,SLURRY,0.5,0.5,3.0800415292266194,3.0800415292266194,0.0,0.0
SS-011912-PV1,2020-08-04,SLURRY,0.0,0.0,0.0,0.0,0.0,
SS-000943-PV1,2020-08-04,SLURRY,1.0,0.0,12.68995577983023,0.0,1.0,100.0
SS-021570-PV1,2020-08-04,SLURRY,0.0,0.0,0.0,0.0,0.0,
SS-021569-PV1,2020-08-04,SLURRY,0.0,0.0,0.0,0.0,0.0,
SS-010545-PV1,2020-08-04,SLURRY,3.5,2.5,28.080437690146955,20.057455492962113,1.0,28.57142857142857
SS-010544-PV1,2020-08-04,SLURRY,1.5,2.0,12.392180596630297,16.522907462173727,-0.5,-33.33333333333333
SS-010543-PV1,2020-08-04,SLURRY,4.0,5.0,31.611665063631946,39.51458132953993,-1.0,-25.0
SS-021563-PV1,2020-08-05,SLURRY,0.0,0.0,0.0,0.0,0.0,
SS-021565-PV1,2020-08-05,SLURRY,0.0,0.0,0.0,0.0,0.0,
SS-021566-PV1,2020-08-05,SLURRY,0.0,0.0,0.0,0.0,0.0,
SS-021567-PV1,2020-08-05,SLURRY,0.0,0.0,0.0,0.0,0.0,
SS-004402-PV1,2020-08-05,SLURRY,0.0,0.0,0.0,0.0,0.0,
SS-020356-PV1,2020-08-05,SLURRY,0.5,0.0,8.721713896068886,0.0,0.5,100.0
SS-003911-PV1,2020-08-06,SLURRY,0.5,0.0,4.86158299771837,0.0,0.5,100.0
SS-004756-PV1,2020-08-06,SLURRY,0.0,0.0,0.0,0.0,0.0,
SS-015074-PV1,2020-08-06,SLURRY,0.0,0.0,0.0,0.0,0.0,
SS-010902-PV1,2020-08-07,SLURRY,0.0,0.0,0.0,0.0,0.0,
SS-024930-PV1,2020-08-07,SLURRY,0.0,0.0,0.0,0.0,0.0,
SS-015121-PV1,2020-08-07,SLURRY,0.0,0.0,0.0,0.0,0.0,
SS-026333-PV1,2020-08-07,SLURRY,0.0,0.5,0.0,6.983585663862563,-0.5,
SS-019559-PV1,2020-08-07,SLURRY,0.0,0.0,0.0,0.0,0.0,
SS-019558-PV1,2020-08-07,SLURRY,0.0,0.0,0.0,0.0,0.0,
SS-016042-PV1,2020-08-07,SLURRY,0.0,0.0,0.0,0.0,0.0,
SS-028865-PV1,2020-08-07,SLURRY,0.0,0.5,0.0,3.927945412271348,-0.5,
SS-017144-PV1,2020-08-07,SLURRY,0.0,3.0,0.0,42.01562535642991,-3.0,
SS-017145-PV1,2020-08-07,SLURRY,0.0,0.5,0.0,6.857052023466702,-0.5,
SS-028208-PV1,2020-08-07,SLURRY,0.0,0.0,0.0,0.0,0.0,
SS-028207-PV1,2020-08-07,SLURRY,0.0,0.0,0.0,0.0,0.0,
SS-014908-PV1,2020-08-07,SLURRY,0.5,0.5,3.8935979957409343,3.8935979957409343,0.0,0.0
SS-014907-PV1,2020-08-07,SLURRY,0.0,0.5,0.0,7.975503121321904,-0.5,
SS-004826-PV1,2020-08-07,SLURRY,0.0,0.0,0.0,0.0,0.0,
SS-004827-PV1,2020-08-07,SLURRY,0.0,0.0,0.0,0.0,0.0,
SS-004828-PV1,2020-08-07,SLURRY,0.0,0.0,0.0,0.0,0.0,
SS-004829-PV1,2020-08-07,SLURRY,0.0,0.0,0.0,0.0,0.0,
SS-014906-PV1,2020-08-07,SLURRY,0.0,0.0,0.0,0.0,0.0,
SS-014905-PV1,2020-08-07,SLURRY,0.5,0.0,7.909387184276139,0.0,0.5,100.0
SS-005470-PV1,2020-08-07,SLURRY,0.0,0.0,0.0,0.0,0.0,
SS-021625-PV1,2020-08-07,SLURRY,0.0,0.0,0.0,0.0,0.0,
SS-021624-PV1,2020-08-07,SLURRY,0.0,0.0,0.0,0.0,0.0,
SS-005468-PV1,2020-08-07,SLURRY,0.0,0.0,0.0,0.0,0.0,
SS-005464-PV1,2020-08-07,SLURRY,0.0,0.0,0.0,0.0,0.0,
SS-005463-PV1,2020-08-07,SLURRY,0.0,0.0,0.0,0.0,0.0,
SS-005462-PV1,2020-08-07,SLURRY,0.0,0.0,0.0,0.0,0.0,
SS-005461-PV1,2020-08-07,SLURRY,1.0,0.0,8.603650359381646,0.0,1.0,100.0
SS-012481-PV1,2020-08-07,SLURRY,0.0,0.0,0.0,0.0,0.0,
SS-005022-PV1,2020-08-07,SLURRY,0.0,0.0,0.0,0.0,0.0,
SS-005460-PV1,2020-08-07,SLURRY,0.0,0.5,0.0,3.022085261725176,-0.5,
SS-017146-PV1,2020-08-07,SLURRY,0.5,0.5,6.984080793116448,6.984080793116448,0.0,0.0
SS-000783-PV1,2020-08-10,SLURRY,0.0,0.0,0.0,0.0,0.0,
SS-002712-PV1,2020-08-10,SLURRY,0.0,0.0,0.0,0.0,0.0,
SS-007912-PV1,2020-08-10,SLURRY,0.0,0.0,0.0,0.0,0.0,
SS-018775-PV1,2020-08-10,SLURRY,0.0,0.0,0.0,0.0,0.0,
SS-016935-PV1,2020-08-10,SLURRY,0.0,0.0,0.0,0.0,0.0,
SS-028873-PV1,2020-08-10,SLURRY,2.0,0.5,13.783595719828053,3.4458989299570133,1.5,75.0
SS-012952-PV1,2020-08-10,SLURRY,0.0,0.5,0.0,3.8823346713662525,-0.5,
SS-027978-PV1,2020-08-10,SLURRY,0.0,0.0,0.0,0.0,0.0,
SS-028864-PV1,2020-08-10,SLURRY,0.0,0.0,0.0,0.0,0.0,
SS-026335-PV1,2020-08-10,SLURRY,0.0,0.0,0.0,0.0,0.0,
SS-007614-PV1,2020-08-11,SLURRY,0.0,0.0,0.0,0.0,0.0,
SS-018791-PV1,2020-08-11,SLURRY,0.0,0.0,0.0,0.0,0.0,
SS-027979-PV1,2020-08-11,SLURRY,0.0,0.0,0.0,0.0,0.0,
SS-018751-PV1,2020-08-11,SLURRY,0.0,0.0,0.0,0.0,0.0,
SS-007631-PV1,2020-08-11,SLURRY,0.0,0.0,0.0,0.0,0.0,
SS-007632-PV1,2020-08-11,SLURRY,0.0,0.0,0.0,0.0,0.0,
SS-007630-PV1,2020-08-11,SLURRY,0.0,0.0,0.0,0.0,0.0,
SS-027980-PV1,2020-08-11,SLURRY,0.0,0.0,0.0,0.0,0.0,
SS-018750-PV1,2020-08-11,SLURRY,0.0,0.0,0.0,0.0,0.0,
SS-026337-PV1,2020-08-11,SLURRY,0.5,0.0,7.415467879507635,0.0,0.5,100.0
SS-026336-PV1,2020-08-11,SLURRY,0.5,0.0,3.9876925307800017,0.0,0.5,100.0
SS-002711-PV1,2020-08-11,SLURRY,0.0,0.0,0.0,0.0,0.0,
SS-009840-PV1,2020-08-12,SLURRY,0.0,0.0,0.0,0.0,0.0,
SS-009068-PV1,2020-08-12,SLURRY,0.0,0.5,0.0,2.2598018907009156,-0.5,
SS-022104-PV1,2020-08-12,SLURRY,0.0,0.0,0.0,0.0,0.0,
SS-005655-PV1,2020-08-12,SLURRY,0.0,0.0,0.0,0.0,0.0,
SS-022108-PV1,2020-08-12,SLURRY,0.0,0.0,0.0,0.0,0.0,
SS-005654-PV1,2020-08-12,SLURRY,0.0,0.0,0.0,0.0,0.0,
SS-005662-PV1,2020-08-13,SLURRY,0.0,0.0,0.0,0.0,0.0,
SS-028570-PV1,2020-08-13,SLURRY,0.0,0.0,0.0,0.0,0.0,
SS-011804-PV1,2020-08-13,SLURRY,0.5,0.0,2.7643617230140967,0.0,0.5,100.0
SS-014890-PV1,2020-08-13,SLURRY,0.0,0.0,0.0,0.0,0.0,
SS-014893-PV1,2020-08-13,SLURRY,0.0,0.0,0.0,0.0,0.0,
SS-014894-PV1,2020-08-13,SLURRY,0.0,0.0,0.0,0.0,0.0,
SS-028571-PV1,2020-08-13,SLURRY,0.0,0.0,0.0,0.0,0.0,
SS-001803-PV1,2020-08-13,SLURRY,0.0,0.5,0.0,3.933987686618541,-0.5,
SS-029193-PV1,2020-08-13,SLURRY,0.0,0.0,0.0,0.0,0.0,
SS-022105-PV1,2020-08-13,SLURRY,0.0,0.5,0.0,4.268511353431769,-0.5,
SS-033830-PV1,2020-08-13,OVERLAY,0.0,0.0,0.0,0.0,0.0,
SS-012223-PV1,2020-08-13,SLURRY,0.0,0.0,0.0,0.0,0.0,
SS-008559-PV1,2020-08-13,SLURRY,0.0,0.0,0.0,0.0,0.0,
SS-008558-PV1,2020-08-13,SLURRY,0.0,0.0,0.0,0.0,0.0,
SS-029194-PV1,2020-08-13,SLURRY,0.0,0.0,0.0,0.0,0.0,
SS-021909-PV1,2020-08-14,SLURRY,0.0,0.0,0.0,0.0,0.0,
SS-023770-PV1,2020-08-14,SLURRY,0.0,0.0,0.0,0.0,0.0,
SS-020355-PV1,2020-08-14,SLURRY,0.0,0.0,0.0,0.0,0.0,
SS-023772-PV1,2020-08-14,SLURRY,0.0,0.0,0.0,0.0,0.0,
SS-028209-PV1,2020-08-14,SLURRY,0.0,0.0,0.0,0.0,0.0,
SS-028206-PV1,2020-08-14,SLURRY,0.0,0.0,0.0,0.0,0.0,
SS-027544-PV1,2020-08-14,SLURRY,0.0,0.0,0.0,0.0,0.0,
SS-021568-PV1,2020-08-14,SLURRY,0.0,0.0,0.0,0.0,0.0,
SS-008409-PV1,2020-08-14,SLURRY,0.0,0.0,0.0,0.0,0.0,
SS-005684-PV1,2020-08-14,SLURRY,0.0,0.0,0.0,0.0,0.0,
SS-021916-PV1,2020-08-14,SLURRY,0.0,0.0,0.0,0.0,0.0,
SS-027872-PV1,2020-08-14,SLURRY,0.0,0.0,0.0,0.0,0.0,
SS-023771-PV1,2020-08-14,SLURRY,0.0,0.0,0.0,0.0,0.0,
SS-027673-PV1,2020-08-14,SLURRY,0.0,0.0,0.0,0.0,0.0,
SS-028608-PV1,2020-08-14,SLURRY,0.0,0.0,0.0,0.0,0.0,
SS-020357-PV1,2020-08-14,SLURRY,0.0,0.0,0.0,0.0,0.0,
SS-008334-PV1,2020-08-14,SLURRY,0.0,0.0,0.0,0.0,0.0,
SS-021915-PV1,2020-08-14,SLURRY,0.0,0.0,0.0,0.0,0.0,
SS-028602-PV1,2020-08-14,SLURRY,0.0,0.0,0.0,0.0,0.0,
SS-007340-PV1,2020-08-14,SLURRY,0.0,0.0,0.0,0.0,0.0,
SS-008400-PV1,2020-08-14,SLURRY,0.0,0.0,0.0,0.0,0.0,
SS-008408-PV1,2020-08-14,SLURRY,0.0,0.0,0.0,0.0,0.0,
SS-028603-PV1,2020-08-14,SLURRY,0.0,0.0,0.0,0.0,0.0,
SS-014889-PV1,2020-08-14,SLURRY,0.0,0.0,0.0,0.0,0.0,
SS-012993-PV1,2020-08-14,SLURRY,0.0,0.0,0.0,0.0,0.0,
SS-012992-PV1,2020-08-14,SLURRY,0.0,0.0,0.0,0.0,0.0,
SS-026507-PV1,2020-08-14,SLURRY,0.0,0.0,0.0,0.0,0.0,
SS-028606-PV1,2020-08-14,SLURRY,0.0,0.0,0.0,0.0,0.0,
SS-028607-PV1,2020-08-14,SLURRY,1.0,1.0,19.411621973367843,19.411621973367843,0.0,0.0
SS-007236-PV1,2020-08-14,SLURRY,0.0,0.0,0.0,0.0,0.0,
SS-021615-PV1,2020-08-17,SLURRY,0.0,0.0,0.0,0.0,0.0,
SS-022443-PV1,2020-08-17,SLURRY,0.0,0.0,0.0,0.0,0.0,
SS-008209-PV1,2020-08-17,SLURRY,0.0,0.0,0.0,0.0,0.0,
SS-001782-PV1,2020-08-17,SLURRY,0.0,0.0,0.0,0.0,0.0,
SS-004515-PV1,2020-08-17,SLURRY,0.0,0.0,0.0,0.0,0.0,
SS-022442-PV1,2020-08-17,SLURRY,0.0,0.0,0.0,0.0,0.0,
SS-008208-PV1,2020-08-17,SLURRY,0.0,0.0,0.0,0.0,0.0,
SS-005685-PV1,2020-08-17,SLURRY,0.0,0.0,0.0,0.0,0.0,
SS-007143-PV1,2020-08-17,SLURRY,0.0,0.0,0.0,0.0,0.0,
SS-017812-PV1,2020-08-17,SLURRY,0.0,0.0,0.0,0.0,0.0,
SS-020992-PV1,2020-08-17,SLURRY,0.0,0.0,0.0,0.0,0.0,
SS-005686-PV1,2020-08-17,SLURRY,0.0,0.0,0.0,0.0,0.0,
SS-015148-PV1,2020-08-17,SLURRY,0.0,0.0,0.0,0.0,0.0,
SS-022363-PV1,2020-08-17,SLURRY,0.0,0.0,0.0,0.0,0.0,
SS-015146-PV1,2020-08-17,SLURRY,0.0,0.0,0.0,0.0,0.0,
SS-028605-PV1,2020-08-17,SLURRY,0.0,0.0,0.0,0.0,0.0,
SS-005663-PV1,2020-08-17,SLURRY,0.0,0.0,0.0,0.0,0.0,
SS-005661-PV1,2020-08-17,SLURRY,0.0,0.0,0.0,0.0,0.0,
SS-005664-PV1,2020-08-17,SLURRY,0.0,0.0,0.0,0.0,0.0,
SS-014354-PV1,2020-08-17,SLURRY,0.5,0.0,9.328559278223928,0.0,0.5,100.0
SS-008556-PV1,2020-08-17,SLURRY,0.0,0.0,0.0,0.0,0.0,
SS-007925-PV1,2020-08-17,SLURRY,0.0,0.0,0.0,0.0,0.0,
SS-001963-PV1,2020-08-17,SLURRY,0.0,0.0,0.0,0.0,0.0,
SS-021911-PV1,2020-08-17,SLURRY,0.0,0.0,0.0,0.0,0.0,
SS-010970-PV1,2020-08-17,SLURRY,0.0,0.0,0.0,0.0,0.0,
SS-021613-PV1,2020-08-18,SLURRY,0.0,0.0,0.0,0.0,0.0,
SS-028612-PV1,2020-08-18,SLURRY,0.0,0.0,0.0,0.0,0.0,
SS-017766-PV1,2020-08-18,SLURRY,0.0,0.0,0.0,0.0,0.0,
SS-028611-PV1,2020-08-18,SLURRY,0.0,0.0,0.0,0.0,0.0,
SS-028615-PV1,2020-08-18,SLURRY,0.5,1.0,2.611271056958449,5.222542113916898,-0.5,-100.0
SS-017767-PV1,2020-08-18,SLURRY,0.0,0.0,0.0,0.0,0.0,
SS-028631-PV1,2020-08-18,SLURRY,0.0,0.5,0.0,8.301811084112755,-0.5,
SS-028610-PV1,2020-08-18,SLURRY,0.0,0.0,0.0,0.0,0.0,
SS-005879-PV1,2020-08-18,SLURRY,0.0,0.0,0.0,0.0,0.0,
SS-028604-PV1,2020-08-18,SLURRY,0.5,0.5,3.4554227559221564,3.4554227559221564,0.0,0.0
SS-005878-PV1,2020-08-18,SLURRY,0.0,0.0,0.0,0.0,0.0,
SS-013249-PV1,2020-08-18,SLURRY,0.0,0.0,0.0,0.0,0.0,
SS-005880-PV1,2020-08-18,SLURRY,0.0,0.0,0.0,0.0,0.0,
SS-015073-PV1,2020-08-18,SLURRY,0.0,0.0,0.0,0.0,0.0,
SS-025112-PV1,2020-08-18,SLURRY,0.0,0.0,0.0,0.0,0.0,
SS-008210-PV1,2020-08-18,SLURRY,0.0,0.0,0.0,0.0,0.0,
SS-007926-PV1,2020-08-18,SLURRY,0.0,0.0,0.0,0.0,0.0,
SS-013629-PV1,2020-08-18,SLURRY,0.0,0.0,0.0,0.0,0.0,
SS-021910-PV1,2020-08-18,SLURRY,0.0,0.0,0.0,0.0,0.0,
SS-028609-PV1,2020-08-18,SLURRY,1.0,1.0,17.836915862119287,17.836915862119287,0.0,0.0
SS-012558-PV1,2020-08-18,SLURRY,0.0,0.0,0.0,0.0,0.0,
SS-021614-PV1,2020-08-18,SLURRY,0.0,0.0,0.0,0.0,0.0,
SS-012556-PV1,2020-08-18,SLURRY,0.0,0.0,0.0,0.0,0.0,
SS-012557-PV1,2020-08-18,SLURRY,0.0,0.0,0.0,0.0,0.0,
SS-008557-PV1,2020-08-18,SLURRY,0.0,0.0,0.0,0.0,0.0,
SS-008757-PV1,2020-08-18,SLURRY,0.0,1.5,0.0,28.38690345836355,-1.5,
SS-011134-PV1,2020-08-18,SLURRY,1.5,0.0,28.184331219982976,0.0,1.5,100.0
SS-012955-PV1,2020-08-19,SLURRY,0.0,0.5,0.0,3.8822861430178333,-0.5,
SS-012959-PV1,2020-08-19,SLURRY,1.0,1.0,7.374237820845685,7.374237820845685,0.0,0.0
SS-018649-PV1,2020-08-19,SLURRY,0.5,0.5,3.999706082204565,3.999706082204565,0.0,0.0
SS-008406-PV1,2020-08-19,SLURRY,0.0,0.0,0.0,0.0,0.0,
SS-023748-PV1,2020-08-19,SLURRY,0.0,0.0,0.0,0.0,0.0,
SS-028600-PV1,2020-08-19,SLURRY,0.0,0.0,0.0,0.0,0.0,
SS-028599-PV1,2020-08-19,SLURRY,0.0,0.0,0.0,0.0,0.0,
SS-008658-PV1,2020-08-19,SLURRY,0.0,0.0,0.0,0.0,0.0,
SS-028601-PV1,2020-08-19,SLURRY,0.0,0.5,0.0,10.114640252130396,-0.5,
SS-028598-PV1,2020-08-19,SLURRY,0.0,0.0,0.0,0.0,0.0,
SS-001798-PV1,2020-08-19,SLURRY,0.0,0.0,0.0,0.0,0.0,
SS-011911-PV1,2020-08-19,SLURRY,0.0,0.0,0.0,0.0,0.0,
SS-016934-PV1,2020-08-19,SLURRY,0.0,0.0,0.0,0.0,0.0,
SS-016933-PV1,2020-08-19,SLURRY,1.0,0.0,7.999255826806414,0.0,1.0,100.0
SS-005877-PV1,2020-08-19,SLURRY,0.0,0.0,0.0,0.0,0.0,
SS-017147-PV1,2020-08-19,SLURRY,0.5,0.0,7.002648804960846,0.0,0.5,100.0
SS-008407-PV1,2020-08-19,SLURRY,0.0,0.0,0.0,0.0,0.0,
SS-018650-PV1,2020-08-19,SLURRY,0.0,0.0,0.0,0.0,0.0,
SS-027890-PV1,2020-08-19,SLURRY,0.0,0.0,0.0,0.0,0.0,
SS-028614-PV1,2020-08-19,SLURRY,1.0,0.5,20.86954871972433,10.434774359862166,0.5,50.0
SS-028613-PV1,2020-08-19,SLURRY,0.0,0.0,0.0,0.0,0.0,
SS-002015-PV1,2020-08-20,SLURRY,0.0,0.0,0.0,0.0,0.0,
SS-013359-PV1,2020-08-20,SLURRY,0.0,0.0,0.0,0.0,0.0,
SS-013354-PV1,2020-08-20,SLURRY,0.0,0.0,0.0,0.0,0.0,
SS-030073-PV1,2020-08-20,SLURRY,0.0,0.0,0.0,0.0,0.0,
SS-029944-PV1,2020-08-20,SLURRY,0.0,0.0,0.0,0.0,0.0,
SS-002713-PV1,2020-08-20,SLURRY,0.0,1.0,0.0,7.76440444076877,-1.0,
SS-029943-PV1,2020-08-20,SLURRY,0.0,0.0,0.0,0.0,0.0,
SS-019547-PV1,2020-08-20,SLURRY,0.0,0.0,0.0,0.0,0.0,
SS-008518-PV1,2020-08-20,SLURRY,0.0,1.5,0.0,19.038246442888745,-1.5,
SS-027982-PV1,2020-08-20,SLURRY,0.0,0.0,0.0,0.0,0.0,
SS-029761-PV1,2020-08-20,SLURRY,1.0,0.5,15.128692740548363,7.5643463702741816,0.5,50.0
SS-011350-PV1,2020-08-20,SLURRY,0.0,0.0,0.0,0.0,0.0,
SS-019546-PV1,2020-08-20,SLURRY,0.0,0.0,0.0,0.0,0.0,
SS-011348-PV1,2020-08-20,SLURRY,0.0,0.0,0.0,0.0,0.0,
SS-012364-PV1,2020-08-21,SLURRY,0.0,0.0,0.0,0.0,0.0,
SS-026334-PV1,2020-08-21,SLURRY,0.0,0.0,0.0,0.0,0.0,
SS-008517-PV1,2020-08-21,SLURRY,0.0,0.5,0.0,5.038152555259373,-0.5,
SS-008512-PV1,2020-08-21,SLURRY,0.0,0.0,0.0,0.0,0.0,
SS-000007-PV1,2020-08-21,SLURRY,1.0,0.0,7.999991515160513,0.0,1.0,100.0
SS-002714-PV1,2020-08-21,SLURRY,0.0,0.5,0.0,3.8823489446407917,-0.5,
SS-030078-PV1,2020-08-21,SLURRY,0.0,0.0,0.0,0.0,0.0,
SS-029893-PV1,2020-08-21,SLURRY,0.0,0.0,0.0,0.0,0.0,
SS-012953-PV1,2020-08-21,SLURRY,0.0,0.0,0.0,0.0,0.0,
SS-029891-PV1,2020-08-21,SLURRY,0.0,0.0,0.0,0.0,0.0,
SS-012954-PV1,2020-08-21,SLURRY,1.0,0.0,7.776007394276122,0.0,1.0,100.0
SS-009976-PV1,2020-08-21,OVERLAY,3.0,4.0,16.608090992207618,22.14412132294349,-1.0,-33.33333333333333
SS-006350-PV1,2020-08-24,SLURRY,0.0,0.0,0.0,0.0,0.0,
SS-022255-PV1,2020-08-24,SLURRY,0.0,0.0,0.0,0.0,0.0,
SS-016392-PV1,2020-08-24,SLURRY,0.0,0.0,0.0,0.0,0.0,
SS-004798-PV1,2020-08-24,SLURRY,0.5,0.0,6.984128831780114,0.0,0.5,100.0
SS-028688-PV1,2020-08-24,SLURRY,0.0,0.0,0.0,0.0,0.0,
SS-028687-PV1,2020-08-24,SLURRY,0.0,0.0,0.0,0.0,0.0,
SS-026030-PV1,2020-08-24,SLURRY,0.0,0.0,0.0,0.0,0.0,
SS-006347-PV1,2020-08-24,SLURRY,0.0,0.0,0.0,0.0,0.0,
SS-011132-PV1,2020-08-24,SLURRY,0.5,0.5,9.328572463396837,9.328572463396837,0.0,0.0
SS-011131-PV1,2020-08-24,SLURRY,0.0,0.0,0.0,0.0,0.0,
SS-013248-PV1,2020-08-24,SLURRY,0.0,0.0,0.0,0.0,0.0,
SS-004799-PV1,2020-08-24,SLURRY,0.0,1.0,0.0,14.042358988652285,-1.0,
SS-004797-PV1,2020-08-24,SLURRY,0.0,1.5,0.0,20.842022992014503,-1.5,
SS-002727-PV1,2020-08-24,SLURRY,1.0,0.0,7.374292406615689,0.0,1.0,100.0
SS-006473-PV1,2020-08-24,SLURRY,0.0,0.0,0.0,0.0,0.0,
SS-023991-PV1,2020-08-25,SLURRY,0.0,0.0,0.0,0.0,0.0,
SS-006345-PV1,2020-08-25,SLURRY,0.0,0.0,0.0,0.0,0.0,
SS-027097-PV1,2020-08-25,SLURRY,0.0,0.0,0.0,0.0,0.0,
SS-027095-PV1,2020-08-25,SLURRY,0.0,0.0,0.0,0.0,0.0,
SS-027096-PV1,2020-08-25,SLURRY,0.0,0.0,0.0,0.0,0.0,
SS-027524-PV1,2020-08-25,SLURRY,0.0,0.0,0.0,0.0,0.0,
SS-009438-PV1,2020-08-25,SLURRY,0.0,0.0,0.0,0.0,0.0,
SS-007945-PV1,2020-08-25,SLURRY,0.0,0.0,0.0,0.0,0.0,
SS-017553-PV1,2020-08-25,SLURRY,0.0,0.0,0.0,0.0,0.0,
SS-001998-PV1,2020-08-25,SLURRY,0.5,0.5,21.817424519148922,21.817424519148922,0.0,0.0
SS-000053-PV1,2020-08-25,SLURRY,1.0,0.0,13.894692964127483,0.0,1.0,100.0
SS-004702-PV1,2020-08-25,SLURRY,0.5,1.0,1.9107411736061795,3.821482347212359,-0.5,-100.0
SS-027981-PV1,2020-08-25,SLURRY,0.0,0.0,0.0,0.0,0.0,
SS-029821-PV1,2020-08-25,SLURRY,0.0,0.0,0.0,0.0,0.0,
SS-000052-PV1,2020-08-25,SLURRY,0.0,0.5,0.0,6.892923395861374,-0.5,
SS-006464-PV1,2020-08-25,SLURRY,0.0,0.0,0.0,0.0,0.0,
SS-021796-PV1,2020-08-25,SLURRY,0.0,0.0,0.0,0.0,0.0,
SS-007946-PV1,2020-08-25,SLURRY,0.0,0.0,0.0,0.0,0.0,
SS-001997-PV1,2020-08-25,SLURRY,0.0,0.0,0.0,0.0,0.0,
SS-006346-PV1,2020-08-25,SLURRY,0.0,0.0,0.0,0.0,0.0,
SS-018699-PV1,2020-08-25,SLURRY,0.0,0.0,0.0,0.0,0.0,
SS-018698-PV1,2020-08-25,SLURRY,0.0,0.0,0.0,0.0,0.0,
SS-026803-PV1,2020-08-25,SLURRY,0.0,0.0,0.0,0.0,0.0,
SS-026811-PV1,2020-08-25,SLURRY,0.0,0.0,0.0,0.0,0.0,
SS-018700-PV1,2020-08-25,SLURRY,0.0,0.0,0.0,0.0,0.0,
SS-008472-PV1,2020-08-25,SLURRY,0.0,0.0,0.0,0.0,0.0,
SS-028991-PV1,2020-08-25,SLURRY,0.0,0.0,0.0,0.0,0.0,
SS-029829-PV1,2020-08-26,SLURRY,0.0,0.0,0.0,0.0,0.0,
SS-029822-PV1,2020-08-26,SLURRY,0.0,0.0,0.0,0.0,0.0,
SS-021797-PV1,2020-08-26,SLURRY,0.0,0.0,0.0,0.0,0.0,
SS-007071-PV1,2020-08-26,SLURRY,0.0,0.0,0.0,0.0,0.0,
SS-007070-PV1,2020-08-26,SLURRY,0.0,0.0,0.0,0.0,0.0,
SS-028405-PV1,2020-08-26,SLURRY,0.0,0.0,0.0,0.0,0.0,
SS-031112-PV1,2020-08-26,SLURRY,0.0,0.0,0.0,0.0,0.0,
SS-021590-PV1,2020-08-26,SLURRY,0.0,0.0,0.0,0.0,0.0,
SS-031113-PV1,2020-08-26,SLURRY,0.0,0.0,0.0,0.0,0.0,
SS-012203-PV1,2020-08-26,SLURRY,0.0,0.0,0.0,0.0,0.0,
SS-021591-PV1,2020-08-26,SLURRY,0.0,0.0,0.0,0.0,0.0,
SS-029096-PV1,2020-08-26,SLURRY,0.0,0.0,0.0,0.0,0.0,
SS-031114-PV1,2020-08-26,SLURRY,0.0,0.0,0.0,0.0,0.0,
SS-031115-PV1,2020-08-26,SLURRY,0.0,0.0,0.0,0.0,0.0,
SS-029122-PV1,2020-08-26,SLURRY,0.0,0.0,0.0,0.0,0.0,
SS-003548-PV1,2020-08-26,SLURRY,0.0,0.0,0.0,0.0,0.0,
SS-020826-PV1,2020-08-26,SLURRY,0.0,0.5,0.0,6.008084970707172,-0.5,
SS-028080-PV1,2020-08-26,SLURRY,0.0,0.0,0.0,0.0,0.0,
SS-012559-PV1,2020-08-26,SLURRY,0.5,0.0,9.361652331636533,0.0,0.5,100.0
SS-020827-PV1,2020-08-26,SLURRY,0.0,0.0,0.0,0.0,0.0,
SS-009107-PV1,2020-08-26,SLURRY,0.0,0.0,0.0,0.0,0.0,
SS-012560-PV1,2020-08-26,SLURRY,0.5,0.5,9.395014450172793,9.395014450172793,0.0,0.0
SS-031116-PV1,2020-08-26,SLURRY,0.0,0.0,0.0,0.0,0.0,
SS-031100-PV1,2020-08-27,SLURRY,0.0,0.0,0.0,0.0,0.0,
SS-027007-PV1,2020-08-27,SLURRY,0.0,0.0,0.0,0.0,0.0,
SS-005428-PV1,2020-08-27,SLURRY,0.0,0.0,0.0,0.0,0.0,
SS-031107-PV1,2020-08-27,SLURRY,0.0,0.0,0.0,0.0,0.0,
SS-022967-PV1,2020-08-27,SLURRY,0.0,0.0,0.0,0.0,0.0,
SS-025830-PV1,2020-08-27,SLURRY,0.0,0.0,0.0,0.0,0.0,
SS-031161-PV1,2020-08-27,SLURRY,0.0,0.0,0.0,0.0,0.0,
SS-005427-PV1,2020-08-27,SLURRY,0.0,0.0,0.0,0.0,0.0,
SS-031160-PV1,2020-08-27,SLURRY,0.0,1.0,0.0,8.242007828034254,-1.0,
SS-031159-PV1,2020-08-27,SLURRY,0.0,0.0,0.0,0.0,0.0,
SS-031158-PV1,2020-08-27,SLURRY,0.0,0.0,0.0,0.0,0.0,
SS-029123-PV1,2020-08-27,SLURRY,0.0,0.0,0.0,0.0,0.0,
SS-031157-PV1,2020-08-27,SLURRY,0.0,0.0,0.0,0.0,0.0,
SS-031117-PV1,2020-08-27,SLURRY,0.5,1.0,0.975986878004302,1.951973756008604,-0.5,-100.0
SS-020828-PV1,2020-08-27,SLURRY,0.0,0.0,0.0,0.0,0.0,
SS-031110-PV1,2020-08-27,SLURRY,0.0,0.0,0.0,0.0,0.0,
SS-027006-PV1,2020-08-27,SLURRY,0.0,0.0,0.0,0.0,0.0,
SS-026031-PV1,2020-08-27,SLURRY,0.0,0.0,0.0,0.0,0.0,
SS-021993-PV1,2020-08-27,SLURRY,0.0,0.0,0.0,0.0,0.0,
SS-026032-PV1,2020-08-27,SLURRY,0.0,0.0,0.0,0.0,0.0,
SS-005087-PV1,2020-08-27,SLURRY,0.0,0.0,0.0,0.0,0.0,
SS-024809-PV1,2020-08-27,SLURRY,0.0,0.0,0.0,0.0,0.0,
SS-031111-PV1,2020-08-28,SLURRY,0.0,0.0,0.0,0.0,0.0,
SS-031341-PV1,2020-08-28,SLURRY,0.0,0.0,0.0,0.0,0.0,
SS-009540-PV1,2020-08-28,SLURRY,0.0,0.0,0.0,0.0,0.0,
SS-027915-PV1,2020-08-28,SLURRY,0.0,0.0,0.0,0.0,0.0,
SS-021358-PV1,2020-08-28,SLURRY,0.5,0.0,2.06488607264848,0.0,0.5,100.0
SS-031372-PV1,2020-08-28,SLURRY,0.0,0.0,0.0,0.0,0.0,
SS-016039-PV1,2020-08-28,SLURRY,0.0,0.0,0.0,0.0,0.0,
SS-026473-PV1,2020-08-28,SLURRY,0.0,0.0,0.0,0.0,0.0,
SS-016041-PV1,2020-08-28,SLURRY,0.0,0.0,0.0,0.0,0.0,
SS-026472-PV1,2020-08-28,SLURRY,0.0,0.0,0.0,0.0,0.0,
SS-027916-PV1,2020-08-28,SLURRY,0.0,0.5,0.0,8.602604634066704,-0.5,
SS-006391-PV1,2020-08-28,SLURRY,0.0,0.0,0.0,0.0,0.0,
SS-027914-PV1,2020-08-28,SLURRY,0.0,0.0,0.0,0.0,0.0,
SS-008983-PV1,2020-08-28,SLURRY,0.0,0.0,0.0,0.0,0.0,
SS-027008-PV1,2020-08-28,SLURRY,0.0,0.0,0.0,0.0,0.0,
SS-010697-PV1,2020-08-28,SLURRY,0.0,0.0,0.0,0.0,0.0,
SS-026658-PV1,2020-08-28,SLURRY,0.0,0.0,0.0,0.0,0.0,
SS-026034-PV1,2020-08-28,SLURRY,0.0,0.0,0.0,0.0,0.0,
SS-026662-PV1,2020-08-28,SLURRY,0.0,0.0,0.0,0.0,0.0,
SS-026661-PV1,2020-08-28,SLURRY,0.0,0.0,0.0,0.0,0.0,
SS-021461-PV1,2020-08-28,SLURRY,0.0,0.0,0.0,0.0,0.0,
SS-031104-PV1,2020-08-28,SLURRY,0.0,0.0,0.0,0.0,0.0,
SS-026660-PV1,2020-08-28,SLURRY,0.0,0.0,0.0,0.0,0.0,
SS-031105-PV1,2020-08-28,SLURRY,0.0,0.0,0.0,0.0,0.0,
SS-027929-PV1,2020-08-28,SLURRY,0.0,0.0,0.0,0.0,0.0,
SS-032163-PV1,2020-08-28,SLURRY,0.0,0.0,0.0,0.0,0.0,
SS-032162-PV1,2020-08-28,SLURRY,0.0,0.0,0.0,0.0,0.0,
SS-031103-PV1,2020-08-28,SLURRY,0.0,0.0,0.0,0.0,0.0,
SS-026033-PV1,2020-08-28,SLURRY,0.0,0.0,0.0,0.0,0.0,
SS-031109-PV1,2020-08-28,SLURRY,0.0,0.0,0.0,0.0,0.0,
SS-032164-PV1,2020-08-28,SLURRY,0.0,0.0,0.0,0.0,0.0,
SS-027009-PV1,2020-08-31,SLURRY,0.0,0.0,0.0,0.0,0.0,
SS-009106-PV1,2020-08-31,SLURRY,0.0,0.0,0.0,0.0,0.0,
SS-020403-PV1,2020-08-31,SLURRY,0.0,0.0,0.0,0.0,0.0,
SS-006450-PV1,2020-08-31,SLURRY,0.0,0.0,0.0,0.0,0.0,
SS-027650-PV1,2020-08-31,SLURRY,0.0,0.0,0.0,0.0,0.0,
SS-027652-PV1,2020-08-31,SLURRY,0.0,0.0,0.0,0.0,0.0,
SS-031464-PV1,2020-08-31,SLURRY,0.0,0.0,0.0,0.0,0.0,
SS-009109-PV1,2020-08-31,SLURRY,0.0,0.5,0.0,14.174093300969155,-0.5,
SS-021795-PV1,2020-08-31,SLURRY,0.0,0.0,0.0,0.0,0.0,
SS-031106-PV1,2020-08-31,SLURRY,0.0,0.0,0.0,0.0,0.0,
SS-031467-PV1,2020-08-31,SLURRY,0.0,0.0,0.0,0.0,0.0,
SS-027648-PV1,2020-08-31,SLURRY,0.0,0.0,0.0,0.0,0.0,
SS-027649-PV1,2020-08-31,SLURRY,0.0,0.0,0.0,0.0,0.0,
SS-009108-PV1,2020-08-31,SLURRY,0.0,0.0,0.0,0.0,0.0,
SS-031108-PV1,2020-08-31,SLURRY,0.0,0.0,0.0,0.0,0.0,
SS-027917-PV1,2020-09-01,SLURRY,0.0,0.0,0.0,0.0,0.0,
SS-027918-PV1,2020-09-01,SLURRY,0.0,0.0,0.0,0.0,0.0,
SS-020922-PV1,2020-09-01,OVERLAY,1.0,0.0,13.64335797148073,0.0,1.0,100.0
SS-007217-PV1,2020-09-01,SLURRY,0.0,0.0,0.0,0.0,0.0,
SS-026659-PV1,2020-09-01,SLURRY,0.0,0.0,0.0,0.0,0.0,
SS-008535-PV1,2020-09-01,SLURRY,0.0,0.0,0.0,0.0,0.0,
SS-031101-PV1,2020-09-01,SLURRY,0.0,0.0,0.0,0.0,0.0,
SS-012850-PV1,2020-09-01,SLURRY,0.0,0.0,0.0,0.0,0.0,
SS-028992-PV1,2020-09-01,SLURRY,0.0,0.0,0.0,0.0,0.0,
SS-008054-PV1,2020-09-01,SLURRY,2.5,4.0,12.633808300718329,20.214093281149324,-1.5,-60.0
SS-008982-PV1,2020-09-01,SLURRY,0.0,0.0,0.0,0.0,0.0,
SS-027655-PV1,2020-09-01,SLURRY,0.0,0.0,0.0,0.0,0.0,
SS-022253-PV1,2020-09-01,SLURRY,0.0,0.0,0.0,0.0,0.0,
SS-008955-PV1,2020-09-01,SLURRY,0.0,0.0,0.0,0.0,0.0,
SS-023620-PV1,2020-09-01,SLURRY,0.0,0.0,0.0,0.0,0.0,
SS-016034-PV1,2020-09-01,SLURRY,0.0,0.0,0.0,0.0,0.0,
SS-002803-PV1,2020-09-01,SLURRY,1.5,1.0,13.025844459575476,8.68389630638365,0.5,33.33333333333333
SS-025468-PV1,2020-09-01,SLURRY,0.0,0.0,0.0,0.0,0.0,
SS-027838-PV1,2020-09-01,SLURRY,0.0,0.0,0.0,0.0,0.0,
SS-002802-PV1,2020-09-01,SLURRY,0.0,0.0,0.0,0.0,0.0,
SS-016036-PV1,2020-09-01,SLURRY,0.0,0.0,0.0,0.0,0.0,
SS-002801-PV1,2020-09-01,SLURRY,0.5,0.0,4.599297526989078,0.0,0.5,100.0
SS-020402-PV1,2020-09-02,SLURRY,0.0,0.0,0.0,0.0,0.0,
SS-027863-PV1,2020-09-02,SLURRY,0.0,0.0,0.0,0.0,0.0,
SS-003163-PV1,2020-09-02,SLURRY,0.5,0.0,5.985259937118497,0.0,0.5,100.0
SS-028993-PV1,2020-09-02,SLURRY,0.0,0.0,0.0,0.0,0.0,
SS-028994-PV1,2020-09-02,SLURRY,0.0,0.0,0.0,0.0,0.0,
SS-031059-PV1,2020-09-02,SLURRY,0.0,0.0,0.0,0.0,0.0,
SS-031058-PV1,2020-09-02,SLURRY,0.0,0.0,0.0,0.0,0.0,
SS-028995-PV1,2020-09-02,SLURRY,0.0,0.0,0.0,0.0,0.0,
SS-028406-PV1,2020-09-02,SLURRY,0.0,0.0,0.0,0.0,0.0,
SS-006459-PV1,2020-09-02,SLURRY,0.0,0.0,0.0,0.0,0.0,
SS-006456-PV1,2020-09-02,SLURRY,0.0,0.0,0.0,0.0,0.0,
SS-007963-PV1,2020-09-02,SLURRY,0.0,0.0,0.0,0.0,0.0,
SS-006458-PV1,2020-09-02,SLURRY,0.0,0.0,0.0,0.0,0.0,
SS-032161-PV1,2020-09-02,SLURRY,0.0,0.0,0.0,0.0,0.0,
SS-020406-PV1,2020-09-02,SLURRY,0.0,0.0,0.0,0.0,0.0,
SS-024460-PV1,2020-09-02,SLURRY,0.0,0.0,0.0,0.0,0.0,
SS-015897-PV1,2020-09-02,SLURRY,0.0,0.0,0.0,0.0,0.0,
SS-015896-PV1,2020-09-02,SLURRY,0.0,0.0,0.0,0.0,0.0,
SS-010695-PV1,2020-09-02,SLURRY,0.0,0.0,0.0,0.0,0.0,
SS-006455-PV1,2020-09-02,SLURRY,0.0,0.0,0.0,0.0,0.0,
SS-015894-PV1,2020-09-02,SLURRY,0.0,0.0,0.0,0.0,0.0,
SS-017825-PV1,2020-09-02,SLURRY,0.0,0.0,0.0,0.0,0.0,
SS-011203-PV1,2020-09-02,SLURRY,0.0,0.0,0.0,0.0,0.0,
SS-005647-PV1,2020-09-03,SLURRY,0.0,0.0,0.0,0.0,0.0,
SS-005676-PV1,2020-09-03,SLURRY,0.0,0.0,0.0,0.0,0.0,
SS-005648-PV1,2020-09-03,SLURRY,0.0,0.0,0.0,0.0,0.0,
SS-005675-PV1,2020-09-03,SLURRY,0.0,0.0,0.0,0.0,0.0,
SS-009374-PV1,2020-09-03,SLURRY,0.0,0.0,0.0,0.0,0.0,
SS-005687-PV1,2020-09-03,SLURRY,0.0,0.0,0.0,0.0,0.0,
SS-006467-PV1,2020-09-03,SLURRY,0.0,0.0,0.0,0.0,0.0,
SS-005674-PV1,2020-09-03,SLURRY,0.0,0.0,0.0,0.0,0.0,
SS-027862-PV1,2020-09-03,SLURRY,0.0,0.0,0.0,0.0,0.0,
SS-008360-PV1,2020-09-03,SLURRY,0.0,0.0,0.0,0.0,0.0,
SS-027773-PV1,2020-09-03,SLURRY,0.0,0.5,0.0,8.510084127339226,-0.5,
SS-008866-PV1,2020-09-03,SLURRY,1.0,0.5,7.011944741625772,3.505972370812886,0.5,50.0
SS-017823-PV1,2020-09-03,SLURRY,0.0,0.0,0.0,0.0,0.0,
SS-017824-PV1,2020-09-03,SLURRY,0.0,0.0,0.0,0.0,0.0,
SS-029041-PV1,2020-09-03,SLURRY,0.0,0.0,0.0,0.0,0.0,
SS-022994-PV1,2020-09-03,SLURRY,0.0,0.0,0.0,0.0,0.0,
SS-029000-PV1,2020-09-03,SLURRY,0.0,0.0,0.0,0.0,0.0,
SS-027860-PV1,2020-09-03,SLURRY,0.0,0.0,0.0,0.0,0.0,
SS-027861-PV1,2020-09-03,SLURRY,0.0,0.0,0.0,0.0,0.0,
SS-026890-PV1,2020-09-03,SLURRY,0.0,0.0,0.0,0.0,0.0,
SS-024011-PV1,2020-09-03,SLURRY,0.0,0.0,0.0,0.0,0.0,
SS-028996-PV1,2020-09-03,SLURRY,0.0,0.0,0.0,0.0,0.0,
SS-004021-PV1,2020-09-03,SLURRY,0.0,0.0,0.0,0.0,0.0,
SS-027646-PV1,2020-09-03,SLURRY,0.0,0.0,0.0,0.0,0.0,
SS-027836-PV1,2020-09-04,SLURRY,0.0,0.0,0.0,0.0,0.0,
SS-027835-PV1,2020-09-04,SLURRY,0.0,0.5,0.0,7.672953159818024,-0.5,
SS-005694-PV1,2020-09-04,SLURRY,0.0,0.0,0.0,0.0,0.0,
SS-005646-PV1,2020-09-04,SLURRY,0.0,0.0,0.0,0.0,0.0,
SS-027666-PV1,2020-09-04,SLURRY,0.0,0.0,0.0,0.0,0.0,
SS-027665-PV1,2020-09-04,SLURRY,0.0,0.0,0.0,0.0,0.0,
SS-027555-PV1,2020-09-04,SLURRY,0.0,0.0,0.0,0.0,0.0,
SS-027554-PV1,2020-09-04,SLURRY,0.0,0.0,0.0,0.0,0.0,
SS-019620-PV1,2020-09-04,SLURRY,0.0,0.0,0.0,0.0,0.0,
SS-005696-PV1,2020-09-04,SLURRY,0.0,0.0,0.0,0.0,0.0,
SS-005695-PV1,2020-09-04,SLURRY,0.0,0.0,0.0,0.0,0.0,
SS-024296-PV1,2020-09-04,SLURRY,0.0,0.0,0.0,0.0,0.0,
SS-005645-PV1,2020-09-04,SLURRY,0.0,0.0,0.0,0.0,0.0,
SS-024012-PV1,2020-09-04,SLURRY,0.0,0.0,0.0,0.0,0.0,
SS-008335-PV1,2020-09-04,SLURRY,0.0,0.0,0.0,0.0,0.0,
SS-007777-PV1,2020-09-04,SLURRY,0.0,0.0,0.0,0.0,0.0,
SS-007778-PV1,2020-09-04,SLURRY,0.0,0.0,0.0,0.0,0.0,
SS-007780-PV1,2020-09-04,SLURRY,0.0,0.0,0.0,0.0,0.0,
SS-024825-PV1,2020-09-04,SLURRY,0.0,0.0,0.0,0.0,0.0,
SS-024824-PV1,2020-09-04,SLURRY,0.0,0.0,0.0,0.0,0.0,
SS-024823-PV1,2020-09-04,SLURRY,0.0,0.0,0.0,0.0,0.0,
SS-015895-PV1,2020-09-04,SLURRY,0.0,0.0,0.0,0.0,0.0,
SS-030812-PV1,2020-09-04,SLURRY,0.0,0.0,0.0,0.0,0.0,
SS-006460-PV1,2020-09-04,SLURRY,0.0,0.0,0.0,0.0,0.0,
SS-008336-PV1,2020-09-04,SLURRY,0.0,0.0,0.0,0.0,0.0,
SS-008356-PV1,2020-09-04,SLURRY,0.0,0.0,0.0,0.0,0.0,
SS-008372-PV1,2020-09-04,SLURRY,0.0,0.0,0.0,0.0,0.0,
SS-008373-PV1,2020-09-04,SLURRY,0.0,0.0,0.0,0.0,0.0,
SS-003164-PV1,2020-09-04,SLURRY,0.5,0.0,1.773896349220524,0.0,0.5,100.0
SS-008332-PV1,2020-09-04,SLURRY,0.0,0.0,0.0,0.0,0.0,
SS-016035-PV1,2020-09-04,SLURRY,0.0,0.5,0.0,3.0825323517024628,-0.5,
SS-007779-PV1,2020-09-04,SLURRY,0.0,0.0,0.0,0.0,0.0,
SS-006470-PV1,2020-09-04,SLURRY,0.0,0.0,0.0,0.0,0.0,
SS-006472-PV1,2020-09-04,SLURRY,0.0,0.5,0.0,2.0584463081180675,-0.5,
SS-006471-PV1,2020-09-04,SLURRY,0.0,0.0,0.0,0.0,0.0,
SS-006469-PV1,2020-09-04,SLURRY,0.0,0.0,0.0,0.0,0.0,
SS-006468-PV1,2020-09-04,SLURRY,0.0,0.0,0.0,0.0,0.0,
SS-009565-PV1,2020-09-04,SLURRY,0.0,0.0,0.0,0.0,0.0,
SS-009566-PV1,2020-09-04,SLURRY,0.0,0.0,0.0,0.0,0.0,
SS-006463-PV1,2020-09-04,SLURRY,0.0,0.0,0.0,0.0,0.0,
SS-006462-PV1,2020-09-04,SLURRY,0.0,0.0,0.0,0.0,0.0,
SS-026787-PV1,2020-09-08,OVERLAY,0.0,0.0,0.0,0.0,0.0,
SS-005518-PV1,2020-09-08,OVERLAY,0.0,0.0,0.0,0.0,0.0,
SS-008867-PV1,2020-09-08,OVERLAY,0.0,0.0,0.0,0.0,0.0,
SS-025962-PV1,2020-09-08,OVERLAY,0.0,0.0,0.0,0.0,0.0,
SS-025961-PV1,2020-09-08,OVERLAY,0.0,0.0,0.0,0.0,0.0,
SS-005519-PV1,2020-09-08,OVERLAY,0.0,0.0,0.0,0.0,0.0,
SS-025960-PV1,2020-09-08,OVERLAY,0.0,0.0,0.0,0.0,0.0,
SS-011541-PV1,2020-09-09,OVERLAY,0.0,0.0,0.0,0.0,0.0,
SS-011539-PV1,2020-09-09,OVERLAY,0.0,0.0,0.0,0.0,0.0,
SS-011540-PV1,2020-09-09,OVERLAY,0.0,0.0,0.0,0.0,0.0,
SS-006297-PV1,2020-09-10,OVERLAY,0.5,0.0,2.8695555482367396,0.0,0.5,100.0
SS-006296-PV1,2020-09-10,OVERLAY,0.0,0.0,0.0,0.0,0.0,
SS-008196-PV1,2020-09-11,OVERLAY,0.0,0.0,0.0,0.0,0.0,
SS-021550-PV1,2020-09-11,OVERLAY,0.5,0.0,2.4509826676532493,0.0,0.5,100.0
SS-021551-PV1,2020-09-11,OVERLAY,0.0,0.0,0.0,0.0,0.0,
SS-021552-PV1,2020-09-11,OVERLAY,0.5,0.5,10.272069775368509,10.272069775368509,0.0,0.0
SS-021553-PV1,2020-09-11,OVERLAY,0.0,0.0,0.0,0.0,0.0,
SS-016518-PV1,2020-09-14,OVERLAY,0.0,0.0,0.0,0.0,0.0,
SS-023127-PV1,2020-09-14,OVERLAY,0.0,0.0,0.0,0.0,0.0,
SS-003500-PV1,2020-09-14,OVERLAY,0.0,0.0,0.0,0.0,0.0,
SS-023955-PV1,2020-09-14,OVERLAY,0.0,0.0,0.0,0.0,0.0,
SS-023956-PV1,2020-09-14,OVERLAY,0.0,0.0,0.0,0.0,0.0,
SS-004337-PV1,2020-09-14,OVERLAY,0.0,1.0,0.0,8.417720449416993,-1.0,
SS-005666-PV1,2020-09-14,OVERLAY,0.0,0.0,0.0,0.0,0.0,
SS-024621-PV1,2020-09-14,OVERLAY,0.5,0.0,8.52772398600032,0.0,0.5,100.0
SS-005667-PV1,2020-09-14,OVERLAY,0.0,0.0,0.0,0.0,0.0,
SS-024013-PV1,2020-09-14,OVERLAY,0.0,0.0,0.0,0.0,0.0,
SS-024620-PV1,2020-09-14,OVERLAY,0.0,0.5,0.0,7.657238788091139,-0.5,
SS-005668-PV1,2020-09-14,OVERLAY,0.0,0.0,0.0,0.0,0.0,
SS-005669-PV1,2020-09-14,OVERLAY,0.0,0.0,0.0,0.0,0.0,
SS-015183-PV1,2020-09-15,SLURRY,0.0,0.0,0.0,0.0,0.0,
SS-011119-PV1,2020-09-15,SLURRY,0.0,0.0,0.0,0.0,0.0,
SS-026035-PV1,2020-09-15,SLURRY,0.0,0.0,0.0,0.0,0.0,
SS-015182-PV1,2020-09-15,SLURRY,0.0,0.0,0.0,0.0,0.0,
SS-024553-PV1,2020-09-17,OVERLAY,3.0,0.0,17.71508110353324,0.0,3.0,100.0
SS-024552-PV1,2020-09-17,OVERLAY,0.0,0.0,0.0,0.0,0.0,
SS-005354-PV1,2020-09-17,SLURRY,0.0,0.0,0.0,0.0,0.0,
SS-004497-PV1,2020-09-17,SLURRY,0.0,0.0,0.0,0.0,0.0,
SS-004498-PV1,2020-09-17,SLURRY,0.0,0.0,0.0,0.0,0.0,
SS-003549-PV1,2020-09-17,SLURRY,0.0,0.0,0.0,0.0,0.0,
SS-005355-PV1,2020-09-18,SLURRY,0.5,0.5,3.477724777603452,3.477724777603452,0.0,0.0
SS-003550-PV1,2020-09-18,SLURRY,0.0,0.0,0.0,0.0,0.0,
SS-012238-PV1,2020-09-21,SLURRY,0.0,0.0,0.0,0.0,0.0,
SS-030625-PV1,2020-09-21,SLURRY,0.0,0.0,0.0,0.0,0.0,
SS-015275-PV1,2020-09-21,SLURRY,0.0,0.0,0.0,0.0,0.0,
SS-030628-PV1,2020-09-21,SLURRY,0.0,0.0,0.0,0.0,0.0,
SS-010667-PV1,2020-09-21,SLURRY,0.0,0.0,0.0,0.0,0.0,
SS-004914-PV1,2020-09-21,SLURRY,0.5,0.0,5.717032859945688,0.0,0.5,100.0
SS-021749-PV1,2020-09-21,SLURRY,0.0,0.0,0.0,0.0,0.0,
SS-027664-PV1,2020-09-22,SLURRY,0.5,0.0,9.425632650962752,0.0,0.5,100.0
SS-027663-PV1,2020-09-22,SLURRY,0.0,0.0,0.0,0.0,0.0,
SS-025438-PV1,2020-09-22,SLURRY,0.0,0.0,0.0,0.0,0.0,
SS-025439-PV1,2020-09-22,SLURRY,0.0,0.0,0.0,0.0,0.0,
SS-027662-PV1,2020-09-22,SLURRY,0.0,0.0,0.0,0.0,0.0,
SS-008413-PV1,2020-09-22,SLURRY,0.0,0.0,0.0,0.0,0.0,
SS-030627-PV1,2020-09-22,SLURRY,0.0,0.0,0.0,0.0,0.0,
SS-010774-PV1,2020-09-22,SLURRY,0.0,0.5,0.0,8.666740202644144,-0.5,
SS-004913-PV1,2020-09-23,SLURRY,0.0,0.0,0.0,0.0,0.0,
SS-025441-PV1,2020-09-23,SLURRY,0.0,0.0,0.0,0.0,0.0,
SS-003704-PV1,2020-09-23,SLURRY,0.0,0.0,0.0,0.0,0.0,
SS-031468-PV1,2020-09-23,SLURRY,0.0,0.0,0.0,0.0,0.0,
SS-025440-PV1,2020-09-23,SLURRY,0.0,0.0,0.0,0.0,0.0,
SS-025412-PV1,2020-09-23,SLURRY,0.0,0.0,0.0,0.0,0.0,
SS-027812-PV1,2020-09-23,SLURRY,0.0,0.0,0.0,0.0,0.0,
SS-027811-PV1,2020-09-23,SLURRY,0.0,0.0,0.0,0.0,0.0,
SS-023873-PV1,2020-09-23,SLURRY,0.0,0.0,0.0,0.0,0.0,
SS-020050-PV1,2020-09-23,SLURRY,0.0,0.0,0.0,0.0,0.0,
SS-030629-PV1,2020-09-23,SLURRY,0.0,0.0,0.0,0.0,0.0,
SS-028997-PV1,2020-09-23,SLURRY,0.0,0.0,0.0,0.0,0.0,
SS-027356-PV1,2020-09-23,SLURRY,0.0,0.0,0.0,0.0,0.0,
SS-027876-PV1,2020-09-24,SLURRY,0.0,0.0,0.0,0.0,0.0,
SS-032139-PV1,2020-09-24,SLURRY,0.0,0.0,0.0,0.0,0.0,
SS-031465-PV1,2020-09-24,SLURRY,0.0,0.0,0.0,0.0,0.0,
SS-030623-PV1,2020-09-24,SLURRY,0.0,0.0,0.0,0.0,0.0,
SS-030624-PV1,2020-09-24,SLURRY,0.0,0.0,0.0,0.0,0.0,
SS-025443-PV1,2020-09-24,SLURRY,0.0,0.0,0.0,0.0,0.0,
SS-030630-PV1,2020-09-24,SLURRY,0.0,0.0,0.0,0.0,0.0,
SS-030631-PV1,2020-09-24,SLURRY,0.0,0.0,0.0,0.0,0.0,
SS-030632-PV1,2020-09-24,SLURRY,0.0,0.0,0.0,0.0,0.0,
SS-025442-PV1,2020-09-24,SLURRY,0.0,0.0,0.0,0.0,0.0,
SS-032125-PV1,2020-09-24,SLURRY,0.0,0.0,0.0,0.0,0.0,
SS-027877-PV1,2020-09-24,SLURRY,0.0,0.0,0.0,0.0,0.0,
SS-030641-PV1,2020-09-25,SLURRY,0.0,0.0,0.0,0.0,0.0,
SS-030643-PV1,2020-09-25,SLURRY,0.0,0.0,0.0,0.0,0.0,
SS-030813-PV1,2020-09-25,SLURRY,0.0,0.0,0.0,0.0,0.0,
SS-030814-PV1,2020-09-25,SLURRY,0.0,0.0,0.0,0.0,0.0,
SS-030642-PV1,2020-09-25,SLURRY,0.0,0.0,0.0,0.0,0.0,
SS-031684-PV1,2020-09-25,SLURRY,0.0,0.5,0.0,2.471833041160795,-0.5,
SS-013260-PV1,2020-09-25,SLURRY,0.0,0.0,0.0,0.0,0.0,
SS-030640-PV1,2020-09-25,SLURRY,0.0,0.0,0.0,0.0,0.0,
SS-012205-PV1,2020-09-25,SLURRY,0.0,0.0,0.0,0.0,0.0,
SS-031683-PV1,2020-09-25,SLURRY,0.0,0.0,0.0,0.0,0.0,
SS-025430-PV1,2020-09-25,SLURRY,1.0,0.0,9.613679391803682,0.0,1.0,100.0
SS-030626-PV1,2020-09-25,SLURRY,0.0,0.0,0.0,0.0,0.0,
SS-025431-PV1,2020-09-25,SLURRY,1.5,0.0,16.40075832799239,0.0,1.5,100.0
SS-025432-PV1,2020-09-25,SLURRY,0.5,0.0,2.4286872117658853,0.0,0.5,100.0
SS-032129-PV1,2020-09-25,SLURRY,0.0,0.0,0.0,0.0,0.0,
SS-032094-PV1,2020-09-25,SLURRY,0.0,0.0,0.0,0.0,0.0,
SS-032099-PV1,2020-09-25,SLURRY,0.0,0.0,0.0,0.0,0.0,
SS-012206-PV1,2020-09-25,SLURRY,0.0,0.0,0.0,0.0,0.0,
SS-031466-PV1,2020-09-29,SLURRY,0.0,0.0,0.0,0.0,0.0,
SS-013791-PV1,2020-09-29,OVERLAY,0.0,0.5,0.0,3.232325606850767,-0.5,
SS-026036-PV1,2020-09-29,SLURRY,0.0,0.0,0.0,0.0,0.0,
SS-010696-PV1,2020-09-30,SLURRY,0.0,0.0,0.0,0.0,0.0,
SS-006457-PV1,2020-09-30,SLURRY,0.0,0.0,0.0,0.0,0.0,
SS-024425-PV1,2020-09-30,SLURRY,0.0,0.0,0.0,0.0,0.0,
SS-006451-PV1,2020-09-30,SLURRY,0.0,0.0,0.0,0.0,0.0,
SS-029094-PV1,2020-09-30,SLURRY,0.0,0.0,0.0,0.0,0.0,
SS-029095-PV1,2020-09-30,SLURRY,0.0,0.0,0.0,0.0,0.0,
SS-012204-PV1,2020-09-30,SLURRY,0.0,0.0,0.0,0.0,0.0,
SS-006461-PV1,2020-09-30,SLURRY,0.0,0.0,0.0,0.0,0.0,
SS-028999-PV1,2020-09-30,SLURRY,0.0,0.0,0.0,0.0,0.0,
SS-006452-PV1,2020-09-30,SLURRY,0.0,0.0,0.0,0.0,0.0,
SS-029093-PV1,2020-09-30,SLURRY,0.0,0.0,0.0,0.0,0.0,
SS-028998-PV1,2020-09-30,SLURRY,0.5,0.5,5.234503786885902,5.234503786885902,0.0,0.0
SS-006453-PV1,2020-09-30,SLURRY,0.0,0.0,0.0,0.0,0.0,
SS-006386-PV1,2020-10-02,SLURRY,0.0,0.0,0.0,0.0,0.0,
SS-006437-PV1,2020-10-02,SLURRY,0.0,0.5,0.0,2.1134907718508327,-0.5,
SS-006436-PV1,2020-10-02,SLURRY,0.0,0.0,0.0,0.0,0.0,
SS-006484-PV1,2020-10-02,SLURRY,0.0,0.5,0.0,9.097829581799655,-0.5,
SS-006485-PV1,2020-10-02,SLURRY,0.0,0.0,0.0,0.0,0.0,
SS-008971-PV1,2020-10-02,SLURRY,2.5,2.5,18.748202409570105,18.748202409570105,0.0,0.0
SS-006486-PV1,2020-10-02,SLURRY,1.5,1.0,8.866464991904872,5.910976661269914,0.5,33.33333333333333
SS-006434-PV1,2020-10-02,SLURRY,0.0,0.0,0.0,0.0,0.0,
SS-006438-PV1,2020-10-02,SLURRY,0.5,0.0,1.9238719497064893,0.0,0.5,100.0
SS-008969-PV1,2020-10-02,SLURRY,0.0,0.0,0.0,0.0,0.0,
SS-006482-PV1,2020-10-02,SLURRY,0.5,0.5,9.097829581799655,9.097829581799655,0.0,0.0
SS-008967-PV1,2020-10-02,SLURRY,0.0,0.0,0.0,0.0,0.0,
SS-008968-PV1,2020-10-02,SLURRY,0.0,1.0,0.0,14.362551605219153,-1.0,
SS-008979-PV1,2020-10-02,SLURRY,0.0,0.5,0.0,7.58570554244978,-0.5,
SS-008978-PV1,2020-10-02,SLURRY,0.0,0.0,0.0,0.0,0.0,
SS-006483-PV1,2020-10-02,SLURRY,0.0,0.0,0.0,0.0,0.0,
SS-010062-PV1,2020-10-02,SLURRY,1.5,0.0,2.9032660349912476,0.0,1.5,100.0
SS-024538-PV1,2020-10-04,OVERLAY,1.5,2.0,3.3833814625042304,4.511175283338974,-0.5,-33.33333333333333
SS-024533-PV1,2020-10-04,OVERLAY,0.5,1.0,1.9034260732024502,3.8068521464049003,-0.5,-100.0
SS-006516-PV1,2020-10-06,SLURRY,0.0,0.0,0.0,0.0,0.0,
SS-023379-PV1,2020-10-06,SLURRY,0.0,0.0,0.0,0.0,0.0,
SS-023380-PV1,2020-10-06,SLURRY,0.0,0.0,0.0,0.0,0.0,
SS-023381-PV1,2020-10-06,SLURRY,0.0,0.0,0.0,0.0,0.0,
SS-023382-PV1,2020-10-06,SLURRY,1.0,0.0,30.171428571428574,0.0,1.0,100.0
SS-024535-PV1,2020-10-06,OVERLAY,0.0,0.5,0.0,1.3997852390101482,-0.5,
SS-007600-PV1,2020-10-06,SLURRY,0.0,0.0,0.0,0.0,0.0,
SS-007602-PV1,2020-10-06,SLURRY,0.5,0.5,10.43275378859131,10.43275378859131,0.0,0.0
SS-007601-PV1,2020-10-06,SLURRY,0.0,0.0,0.0,0.0,0.0,
SS-010493-PV1,2020-10-06,SLURRY,0.0,0.0,0.0,0.0,0.0,
SS-001402-PV1,2020-10-06,SLURRY,0.0,0.0,0.0,0.0,0.0,
SS-001432-PV1,2020-10-06,SLURRY,2.0,0.5,36.47303033547589,9.118257583868973,1.5,75.0
SS-001401-PV1,2020-10-06,SLURRY,0.0,0.0,0.0,0.0,0.0,
SS-024536-PV1,2020-10-06,OVERLAY,1.5,1.0,4.785959156068618,3.1906394373790787,0.5,33.33333333333333
SS-024534-PV1,2020-10-06,OVERLAY,4.0,3.5,14.980955672898496,13.108336213786183,0.5,12.5
SS-024539-PV1,2020-10-06,OVERLAY,1.5,1.5,4.108561900620735,4.108561900620735,0.0,0.0
SS-009075-PV1,2020-10-16,OVERLAY,1.5,1.0,5.935736277679827,3.957157518453218,0.5,33.33333333333333
SS-031409-PV1,2020-10-22,OVERLAY,8.5,3.0,20.43970877969291,7.214014863421028,5.5,64.70588235294117
SS-010800-PV1,2020-10-28,SLURRY,5.5,3.0,42.95064417831676,23.42762409726369,2.5,45.45454545454545
SS-010818-PV1,2020-10-28,SLURRY,1.5,3.0,11.576846949259643,23.153693898519286,-1.5,-100.0
SS-020970-PV1,2020-10-28,SLURRY,0.0,0.0,0.0,0.0,0.0,
SS-020486-PV1,2020-10-28,SLURRY,0.5,0.0,4.5241052553651775,0.0,0.5,100.0
SS-020485-PV1,2020-10-28,SLURRY,0.5,0.5,4.5035055696763955,4.5035055696763955,0.0,0.0
SS-026713-PV1,2020-10-28,SLURRY,0.0,0.0,0.0,0.0,0.0,
SS-003687-PV1,2020-10-29,SLURRY,0.0,0.0,0.0,0.0,0.0,
SS-003689-PV1,2020-10-29,SLURRY,0.0,0.0,0.0,0.0,0.0,
SS-004143-PV1,2020-10-29,SLURRY,0.0,0.0,0.0,0.0,0.0,
SS-003691-PV1,2020-10-29,SLURRY,0.0,0.0,0.0,0.0,0.0,
SS-004140-PV1,2020-10-29,SLURRY,0.5,0.0,4.5812264463790875,0.0,0.5,100.0
SS-023289-PV1,2020-10-29,SLURRY,0.0,0.0,0.0,0.0,0.0,
SS-003690-PV1,2020-10-29,SLURRY,1.0,0.0,15.024145338118675,0.0,1.0,100.0
SS-016862-PV1,2020-10-29,SLURRY,0.0,0.0,0.0,0.0,0.0,
SS-003686-PV1,2020-10-29,SLURRY,0.0,0.0,0.0,0.0,0.0,
SS-004141-PV1,2020-10-30,SLURRY,0.0,0.0,0.0,0.0,0.0,
SS-020178-PV1,2020-10-30,SLURRY,0.0,0.5,0.0,7.517197725364307,-0.5,
SS-020177-PV1,2020-10-30,SLURRY,0.0,0.5,0.0,7.585186819703558,-0.5,
SS-020176-PV1,2020-10-30,SLURRY,0.0,0.0,0.0,0.0,0.0,
SS-004142-PV1,2020-10-30,SLURRY,0.5,0.0,4.575446248991972,0.0,0.5,100.0
SS-023459-PV1,2020-10-30,SLURRY,0.0,0.0,0.0,0.0,0.0,
SS-015691-PV1,2020-10-30,SLURRY,0.0,0.0,0.0,0.0,0.0,
SS-026387-PV1,2020-10-30,SLURRY,0.5,1.5,4.492363747373286,13.477091242119856,-1.0,-200.0
SS-015690-PV1,2020-10-30,SLURRY,1.0,0.5,18.355800067791307,9.177900033895654,0.5,50.0
SS-003681-PV1,2020-10-30,SLURRY,0.5,0.0,6.919568145558358,0.0,0.5,100.0
SS-026386-PV1,2020-10-30,SLURRY,0.0,0.0,0.0,0.0,0.0,
SS-019100-PV1,2020-10-30,SLURRY,0.0,0.0,0.0,0.0,0.0,
SS-006619-PV1,2020-10-30,SLURRY,1.5,0.5,22.613814299468572,7.537938099822858,1.0,66.66666666666666
SS-003688-PV1,2020-10-30,SLURRY,0.0,0.0,0.0,0.0,0.0,
SS-006620-PV1,2020-10-30,SLURRY,0.0,0.0,0.0,0.0,0.0,
SS-019099-PV1,2020-10-30,SLURRY,0.0,0.0,0.0,0.0,0.0,
SS-008302-PV1,2020-10-30,SLURRY,0.5,0.5,14.98043181094695,14.98043181094695,0.0,0.0
SS-029694-PV1,2020-11-02,OVERLAY,1.0,1.5,11.061856518921745,16.59278477838262,-0.5,-50.0
SS-021158-PV1,2020-11-02,OVERLAY,5.0,2.0,34.435665958387624,13.77426638335505,3.0,60.0
SS-029693-PV1,2020-11-02,OVERLAY,1.0,0.5,13.230231078013258,6.615115539006629,0.5,50.0
SS-029688-PV1,2020-11-02,OVERLAY,1.5,2.0,16.197216655565168,21.596288874086888,-0.5,-33.33333333333333
SS-029692-PV1,2020-11-02,OVERLAY,0.0,0.0,0.0,0.0,0.0,
SS-029691-PV1,2020-11-02,OVERLAY,0.0,0.5,0.0,3.8482568198326326,-0.5,
SS-029689-PV1,2020-11-02,OVERLAY,1.5,0.5,14.838557617257393,4.9461858724191305,1.0,66.66666666666666
SS-029687-PV1,2020-11-02,OVERLAY,0.5,0.0,3.8179823207171677,0.0,0.5,100.0
SS-020489-PV1,2020-11-05,SLURRY,0.0,0.0,0.0,0.0,0.0,
SS-004484-PV1,2020-11-05,SLURRY,0.0,0.0,0.0,0.0,0.0,
SS-028553-PV1,2020-11-05,SLURRY,0.0,0.0,0.0,0.0,0.0,
SS-015685-PV1,2020-11-05,SLURRY,0.0,0.0,0.0,0.0,0.0,
SS-015686-PV1,2020-11-05,SLURRY,0.0,0.5,0.0,8.980926756800246,-0.5,
SS-015687-PV1,2020-11-05,SLURRY,0.0,0.0,0.0,0.0,0.0,
SS-009186-PV1,2020-11-05,SLURRY,0.5,0.0,4.507238471329097,0.0,0.5,100.0
SS-006883-PV1,2020-11-05,SLURRY,0.0,0.5,0.0,4.575389948006932,-0.5,
SS-016859-PV1,2020-11-06,SLURRY,0.5,0.0,5.831877572984623,0.0,0.5,100.0
SS-015093-PV1,2020-11-06,SLURRY,0.0,0.0,0.0,0.0,0.0,
SS-016861-PV1,2020-11-06,SLURRY,0.0,0.0,0.0,0.0,0.0,
SS-008303-PV1,2020-11-06,SLURRY,0.0,0.0,0.0,0.0,0.0,
SS-010977-PV1,2020-11-06,SLURRY,0.0,0.0,0.0,0.0,0.0,
SS-010978-PV1,2020-11-06,SLURRY,0.0,0.0,0.0,0.0,0.0,
SS-008311-PV1,2020-11-06,SLURRY,0.0,0.0,0.0,0.0,0.0,
SS-015919-PV1,2020-11-06,SLURRY,0.0,0.0,0.0,0.0,0.0,
SS-014617-PV1,2020-11-06,SLURRY,0.0,0.5,0.0,4.376754328303327,-0.5,
SS-005487-PV1,2020-11-10,SLURRY,0.5,0.5,4.93847575816359,4.93847575816359,0.0,0.0
SS-018667-PV1,2020-11-12,SLURRY,0.0,0.5,0.0,5.013284253786881,-0.5,
SS-015921-PV1,2020-11-13,SLURRY,0.0,1.0,0.0,15.013755500422974,-1.0,
SS-015913-PV1,2020-11-13,SLURRY,0.0,0.0,0.0,0.0,0.0,
SS-021420-PV1,2020-11-13,SLURRY,0.0,0.0,0.0,0.0,0.0,
SS-013933-PV1,2020-11-13,SLURRY,0.0,0.0,0.0,0.0,0.0,
SS-021419-PV1,2020-11-13,SLURRY,0.5,0.0,3.827220146486851,0.0,0.5,100.0
SS-013932-PV1,2020-11-13,SLURRY,0.0,0.0,0.0,0.0,0.0,
SS-021418-PV1,2020-11-13,SLURRY,1.0,0.0,20.821552199394755,0.0,1.0,100.0
SS-025363-PV1,2020-11-13,SLURRY,0.0,0.0,0.0,0.0,0.0,
SS-015533-PV1,2020-11-13,SLURRY,0.5,0.0,4.024944900943667,0.0,0.5,100.0
SS-015534-PV1,2020-11-13,SLURRY,0.0,0.0,0.0,0.0,0.0,
SS-008300-PV1,2020-11-13,SLURRY,0.5,0.5,3.7449969181796194,3.7449969181796194,0.0,0.0
SS-025365-PV1,2020-11-13,SLURRY,0.0,0.0,0.0,0.0,0.0,
SS-015920-PV1,2020-11-13,SLURRY,0.0,0.0,0.0,0.0,0.0,
SS-015647-PV1,2020-11-13,SLURRY,0.0,0.0,0.0,0.0,0.0,
SS-025364-PV1,2020-11-13,SLURRY,0.5,0.5,14.97123141780964,14.97123141780964,0.0,0.0
SS-024788-PV1,2020-11-16,SLURRY,0.0,0.0,0.0,0.0,0.0,
SS-022369-PV1,2020-11-16,SLURRY,0.0,0.0,0.0,0.0,0.0,
SS-025487-PV1,2020-11-16,SLURRY,0.0,0.0,0.0,0.0,0.0,
SS-025486-PV1,2020-11-16,SLURRY,0.0,0.0,0.0,0.0,0.0,
SS-008301-PV1,2020-11-16,SLURRY,0.0,0.0,0.0,0.0,0.0,
SS-006291-PV1,2020-11-16,SLURRY,0.0,1.0,0.0,8.694015602794138,-1.0,
SS-022370-PV1,2020-11-16,SLURRY,0.5,0.5,7.673055745040634,7.673055745040634,0.0,0.0
SS-025485-PV1,2020-11-16,SLURRY,0.0,0.0,0.0,0.0,0.0,
SS-006290-PV1,2020-11-16,SLURRY,0.5,0.5,3.882351228374458,3.882351228374458,0.0,0.0
SS-006289-PV1,2020-11-16,SLURRY,0.0,0.0,0.0,0.0,0.0,
SS-015689-PV1,2020-11-17,SLURRY,0.0,0.0,0.0,0.0,0.0,
SS-008701-PV1,2020-11-18,SLURRY,0.0,0.0,0.0,0.0,0.0,
SS-005821-PV1,2020-11-18,SLURRY,0.0,0.0,0.0,0.0,0.0,
SS-023927-PV1,2020-11-18,SLURRY,0.0,0.0,0.0,0.0,0.0,
SS-023282-PV1,2020-11-19,SLURRY,0.5,1.5,6.867685199878255,20.603055599634764,-1.0,-200.0
SS-025501-PV1,2020-11-19,SLURRY,0.0,0.0,0.0,0.0,0.0,
SS-014581-PV1,2020-11-19,SLURRY,0.5,0.0,1.921127247609725,0.0,0.5,100.0
SS-002117-PV1,2020-11-19,OVERLAY,0.0,0.0,0.0,0.0,0.0,
SS-018116-PV1,2020-11-19,OVERLAY,0.0,0.0,0.0,0.0,0.0,
SS-026577-PV1,2020-11-19,SLURRY,0.0,0.0,0.0,0.0,0.0,
SS-019722-PV1,2020-11-19,SLURRY,2.0,3.5,8.482857077675016,14.844999885931278,-1.5,-75.0
SS-019724-PV1,2020-11-19,SLURRY,0.5,1.5,2.817666856574567,8.4530005697237,-1.0,-200.0
SS-013721-PV1,2020-11-19,SLURRY,0.0,0.0,0.0,0.0,0.0,
SS-024537-PV1,2020-11-19,OVERLAY,4.5,2.0,20.698466980587607,9.199318658038937,2.5,55.55555555555556
SS-023279-PV1,2020-11-19,SLURRY,0.5,0.0,10.559248181529476,0.0,0.5,100.0
SS-019732-PV1,2020-11-19,SLURRY,0.5,1.0,1.1187029893142253,2.2374059786284506,-0.5,-100.0
SS-013967-PV1,2020-11-19,SLURRY,0.5,0.0,2.713604625955813,0.0,0.5,100.0
SS-013970-PV1,2020-11-19,SLURRY,0.0,0.0,0.0,0.0,0.0,
SS-013973-PV1,2020-11-19,SLURRY,0.0,0.0,0.0,0.0,0.0,
SS-002773-PV1,2020-11-19,SLURRY,0.0,0.0,0.0,0.0,0.0,
SS-008910-PV1,2020-11-19,SLURRY,0.0,0.0,0.0,0.0,0.0,
SS-013971-PV1,2020-11-19,SLURRY,0.0,0.0,0.0,0.0,0.0,
SS-013966-PV1,2020-11-19,SLURRY,0.0,0.0,0.0,0.0,0.0,
SS-008884-PV1,2020-11-20,SLURRY,0.0,0.0,0.0,0.0,0.0,
SS-004302-PV1,2020-11-20,SLURRY,0.0,0.0,0.0,0.0,0.0,
SS-013972-PV1,2020-11-20,SLURRY,1.0,1.0,6.120397964967677,6.120397964967677,0.0,0.0
SS-014429-PV1,2020-11-20,SLURRY,1.5,0.0,2.9203539823008846,0.0,1.5,100.0
SS-014428-PV1,2020-11-20,SLURRY,0.5,1.0,5.248508946322068,10.497017892644136,-0.5,-100.0
SS-014427-PV1,2020-11-20,SLURRY,0.0,0.0,0.0,0.0,0.0,
SS-025502-PV1,2020-11-20,SLURRY,0.0,0.0,0.0,0.0,0.0,
SS-014426-PV1,2020-11-20,SLURRY,0.5,1.0,2.4742268041237114,4.948453608247423,-0.5,-100.0
SS-016185-PV1,2020-11-20,SLURRY,0.0,0.0,0.0,0.0,0.0,
SS-014425-PV1,2020-11-20,SLURRY,0.0,0.5,0.0,4.436974789915967,-0.5,
SS-027299-PV1,2020-11-20,SLURRY,0.0,0.0,0.0,0.0,0.0,
SS-014423-PV1,2020-11-20,SLURRY,0.0,0.0,0.0,0.0,0.0,
SS-003438-PV1,2020-11-20,SLURRY,0.0,0.0,0.0,0.0,0.0,
SS-023155-PV1,2020-11-20,SLURRY,0.0,0.0,0.0,0.0,0.0,
SS-013968-PV1,2020-11-20,SLURRY,0.0,0.0,0.0,0.0,0.0,
SS-008153-PV1,2020-11-20,SLURRY,0.5,0.0,1.7281755323598906,0.0,0.5,100.0
SS-023154-PV1,2020-11-20,SLURRY,0.0,0.0,0.0,0.0,0.0,
SS-003546-PV1,2020-11-20,SLURRY,0.0,0.0,0.0,0.0,0.0,
SS-025503-PV1,2020-11-20,SLURRY,0.5,0.0,9.207624610724999,0.0,0.5,100.0
SS-013969-PV1,2020-11-20,SLURRY,0.0,0.0,0.0,0.0,0.0,
SS-004473-PV1,2020-11-20,SLURRY,0.0,0.0,0.0,0.0,0.0,
SS-004472-PV1,2020-11-20,SLURRY,0.5,0.0,4.184418746195983,0.0,0.5,100.0
SS-023161-PV1,2020-11-23,SLURRY,0.5,0.0,4.831596002439956,0.0,0.5,100.0
SS-008703-PV1,2020-11-23,SLURRY,0.0,0.0,0.0,0.0,0.0,
SS-004712-PV1,2020-11-23,SLURRY,0.0,0.0,0.0,0.0,0.0,
SS-023278-PV1,2020-11-23,SLURRY,1.0,2.5,5.796508942706888,14.49127235676722,-1.5,-150.0
SS-008702-PV1,2020-11-23,SLURRY,0.0,0.0,0.0,0.0,0.0,
SS-006238-PV1,2020-11-23,SLURRY,0.0,0.0,0.0,0.0,0.0,
SS-026578-PV1,2020-11-23,SLURRY,0.0,0.0,0.0,0.0,0.0,
SS-006239-PV1,2020-11-23,SLURRY,1.0,0.0,6.821452486193341,0.0,1.0,100.0
SS-028229-PV1,2020-11-23,SLURRY,0.0,0.0,0.0,0.0,0.0,
SS-005822-PV1,2020-11-23,SLURRY,0.5,0.0,1.7188969343538285,0.0,0.5,100.0
SS-014582-PV1,2020-11-23,SLURRY,0.0,0.0,0.0,0.0,0.0,
SS-004714-PV1,2020-11-23,SLURRY,0.0,0.0,0.0,0.0,0.0,
SS-023160-PV1,2020-11-23,SLURRY,0.0,0.0,0.0,0.0,0.0,
SS-008729-PV1,2020-11-24,SLURRY,0.0,0.0,0.0,0.0,0.0,
SS-023401-PV1,2020-11-24,SLURRY,0.0,0.0,0.0,0.0,0.0,
SS-028005-PV1,2020-11-24,SLURRY,0.0,0.0,0.0,0.0,0.0,
SS-000376-PV1,2020-11-24,OVERLAY,1.5,2.0,20.20349408205986,26.937992109413145,-0.5,-33.33333333333333
SS-007326-PV1,2020-11-24,SLURRY,0.0,0.0,0.0,0.0,0.0,
SS-021341-PV1,2020-11-24,SLURRY,0.0,0.0,0.0,0.0,0.0,
SS-029742-PV1,2020-11-24,SLURRY,1.5,0.5,13.870308066197095,4.6234360220656985,1.0,66.66666666666666
SS-023402-PV1,2020-11-24,SLURRY,0.5,0.0,8.509716549077856,0.0,0.5,100.0
SS-020509-PV1,2020-11-24,SLURRY,0.0,0.0,0.0,0.0,0.0,
SS-016634-PV1,2020-11-24,SLURRY,0.0,0.0,0.0,0.0,0.0,
SS-020510-PV1,2020-11-24,SLURRY,0.0,0.0,0.0,0.0,0.0,
SS-016635-PV1,2020-11-24,SLURRY,0.0,0.0,0.0,0.0,0.0,
SS-023403-PV1,2020-11-24,SLURRY,0.0,0.0,0.0,0.0,0.0,
SS-020511-PV1,2020-11-24,SLURRY,0.0,0.0,0.0,0.0,0.0,
SS-015957-PV1,2020-11-24,SLURRY,0.0,0.0,0.0,0.0,0.0,
SS-023451-PV1,2020-11-24,SLURRY,0.0,0.0,0.0,0.0,0.0,
SS-028242-PV1,2020-11-25,SLURRY,0.0,0.0,0.0,0.0,0.0,
SS-028415-PV1,2020-11-25,SLURRY,0.0,0.0,0.0,0.0,0.0,
SS-015907-PV1,2020-11-25,SLURRY,0.0,0.0,0.0,0.0,0.0,
SS-015906-PV1,2020-11-25,SLURRY,0.5,0.0,2.6793402165312856,0.0,0.5,100.0
SS-023159-PV1,2020-11-25,SLURRY,0.0,0.0,0.0,0.0,0.0,
SS-008879-PV1,2020-11-25,SLURRY,0.0,0.0,0.0,0.0,0.0,
SS-017501-PV1,2020-11-25,SLURRY,0.5,0.0,2.4731184205916334,0.0,0.5,100.0
SS-014613-PV1,2020-11-25,SLURRY,0.5,0.0,7.414297461614159,0.0,0.5,100.0
SS-014611-PV1,2020-11-25,SLURRY,0.5,0.0,3.8645736292035284,0.0,0.5,100.0
SS-014612-PV1,2020-11-25,SLURRY,0.0,0.0,0.0,0.0,0.0,
SS-004710-PV1,2020-11-25,SLURRY,0.0,0.0,0.0,0.0,0.0,
SS-011222-PV1,2020-11-30,SLURRY,0.0,0.0,0.0,0.0,0.0,
SS-026224-PV1,2020-11-30,SLURRY,0.5,0.0,3.7235548270176064,0.0,0.5,100.0
SS-026070-PV1,2020-11-30,SLURRY,0.0,0.0,0.0,0.0,0.0,
SS-026069-PV1,2020-11-30,SLURRY,0.0,0.0,0.0,0.0,0.0,
SS-027447-PV1,2020-11-30,SLURRY,0.0,0.0,0.0,0.0,0.0,
SS-022289-PV1,2020-11-30,SLURRY,1.5,1.5,4.719329497686366,4.719329497686366,0.0,0.0
SS-011223-PV1,2020-11-30,SLURRY,0.0,0.0,0.0,0.0,0.0,
SS-029703-PV1,2020-11-30,OVERLAY,1.0,0.5,4.666841437521511,2.3334207187607556,0.5,50.0
SS-021160-PV1,2020-11-30,SLURRY,1.5,0.0,10.873610885912344,0.0,1.5,100.0
SS-013318-PV1,2020-11-30,SLURRY,0.0,0.5,0.0,4.018264840182648,-0.5,
SS-011225-PV1,2020-11-30,SLURRY,0.5,0.0,3.8085093061790465,0.0,0.5,100.0
SS-011224-PV1,2020-11-30,SLURRY,0.0,0.0,0.0,0.0,0.0,
SS-029695-PV1,2020-11-30,SLURRY,2.0,0.5,13.714285714285714,3.4285714285714284,1.5,75.0
SS-007327-PV1,2020-12-01,SLURRY,0.0,0.0,0.0,0.0,0.0,
SS-005702-PV1,2020-12-01,SLURRY,0.0,0.0,0.0,0.0,0.0,
SS-028240-PV1,2020-12-03,SLURRY,0.0,0.0,0.0,0.0,0.0,
SS-023452-PV1,2020-12-03,SLURRY,0.0,0.0,0.0,0.0,0.0,
SS-026223-PV1,2020-12-03,SLURRY,0.0,0.0,0.0,0.0,0.0,
SS-002818-PV1,2020-12-03,SLURRY,0.0,0.0,0.0,0.0,0.0,
SS-028241-PV1,2020-12-03,SLURRY,0.5,0.0,9.53715534833918,0.0,0.5,100.0
SS-028239-PV1,2020-12-03,SLURRY,0.0,0.0,0.0,0.0,0.0,
SS-023433-PV1,2020-12-04,SLURRY,0.5,0.0,2.9063866084273764,0.0,0.5,100.0
SS-014933-PV1,2020-12-04,SLURRY,0.0,0.5,0.0,9.041095890410958,-0.5,
SS-003912-PV1,2020-12-04,SLURRY,0.0,0.0,0.0,0.0,0.0,
SS-001450-PV1,2020-12-04,SLURRY,0.5,0.5,4.677369574915692,4.677369574915692,0.0,0.0
SS-017500-PV1,2020-12-04,SLURRY,0.0,0.5,0.0,3.441784304420607,-0.5,
SS-016123-PV1,2020-12-04,SLURRY,0.0,0.0,0.0,0.0,0.0,
SS-016122-PV1,2020-12-04,SLURRY,0.0,0.0,0.0,0.0,0.0,
SS-016121-PV1,2020-12-04,SLURRY,0.0,0.0,0.0,0.0,0.0,
SS-001488-PV1,2020-12-04,SLURRY,0.0,1.0,0.0,15.951661631419942,-1.0,
SS-012293-PV1,2020-12-04,SLURRY,0.0,0.0,0.0,0.0,0.0,
SS-008881-PV1,2020-12-04,SLURRY,0.0,0.0,0.0,0.0,0.0,
SS-024828-PV1,2020-12-04,SLURRY,0.0,0.0,0.0,0.0,0.0,
SS-003913-PV1,2020-12-04,SLURRY,0.5,0.0,1.6614305382638468,0.0,0.5,100.0
SS-001489-PV1,2020-12-04,SLURRY,0.0,0.0,0.0,0.0,0.0,
SS-008882-PV1,2020-12-04,SLURRY,0.0,0.0,0.0,0.0,0.0,
SS-008883-PV1,2020-12-04,SLURRY,0.0,0.0,0.0,0.0,0.0,
SS-002591-PV1,2020-12-08,SLURRY,0.0,0.5,0.0,3.063667892830112,-0.5,
SS-027338-PV1,2020-12-08,SLURRY,0.0,0.0,0.0,0.0,0.0,
SS-021477-PV1,2020-12-08,SLURRY,0.0,0.0,0.0,0.0,0.0,
SS-001492-PV1,2020-12-08,SLURRY,0.0,0.0,0.0,0.0,0.0,
SS-024831-PV1,2020-12-08,SLURRY,0.0,0.0,0.0,0.0,0.0,
SS-027340-PV1,2020-12-09,SLURRY,0.0,0.0,0.0,0.0,0.0,
SS-001496-PV1,2020-12-09,SLURRY,0.5,1.5,7.140028949571923,21.42008684871577,-1.0,-200.0
SS-001487-PV1,2020-12-09,SLURRY,0.0,0.0,0.0,0.0,0.0,
SS-015850-PV1,2020-12-14,OVERLAY,3.0,1.5,17.315123886213403,8.657561943106701,1.5,50.0
SS-015851-PV1,2020-12-14,OVERLAY,2.0,1.0,17.070805043646946,8.535402521823473,1.0,50.0
SS-003367-PV1,2020-12-16,SLURRY,0.0,0.0,0.0,0.0,0.0,
SS-020466-PV1,2020-12-16,SLURRY,0.0,0.0,0.0,0.0,0.0,
SS-016304-PV1,2020-12-16,SLURRY,0.0,0.5,0.0,3.091334894613583,-0.5,
SS-020206-PV1,2020-12-16,SLURRY,0.0,0.0,0.0,0.0,0.0,
SS-018919-PV1,2020-12-16,SLURRY,5.0,3.0,8.655150289800003,5.193090173880002,2.0,40.0
SS-021065-PV1,2020-12-16,SLURRY,0.0,0.0,0.0,0.0,0.0,
SS-001491-PV1,2020-12-16,SLURRY,0.5,0.0,3.739376770538244,0.0,0.5,100.0
SS-002590-PV1,2020-12-16,SLURRY,1.0,0.5,7.670134254950322,3.835067127475161,0.5,50.0
SS-003374-PV1,2020-12-16,SLURRY,0.0,0.0,0.0,0.0,0.0,
SS-003369-PV1,2020-12-16,SLURRY,0.0,0.0,0.0,0.0,0.0,
SS-003370-PV1,2020-12-16,SLURRY,0.0,0.0,0.0,0.0,0.0,
SS-003368-PV1,2020-12-16,SLURRY,0.0,0.0,0.0,0.0,0.0,
SS-003375-PV1,2020-12-16,SLURRY,0.0,0.0,0.0,0.0,0.0,
SS-024031-PV1,2020-12-17,SLURRY,2.0,0.5,5.199409158050222,1.2998522895125555,1.5,75.0
SS-024030-PV1,2020-12-17,SLURRY,0.5,1.0,2.764397905759162,5.528795811518324,-0.5,-100.0
SS-004170-PV1,2020-12-17,SLURRY,0.0,0.0,0.0,0.0,0.0,
SS-004171-PV1,2020-12-17,SLURRY,0.0,0.0,0.0,0.0,0.0,
SS-005950-PV1,2020-12-18,SLURRY,0.0,0.0,0.0,0.0,0.0,
SS-005952-PV1,2020-12-18,SLURRY,0.0,0.0,0.0,0.0,0.0,
SS-005949-PV1,2020-12-18,SLURRY,0.0,0.0,0.0,0.0,0.0,
SS-010476-PV1,2020-12-18,SLURRY,0.5,0.0,2.8230104005477497,0.0,0.5,100.0
SS-024832-PV1,2020-12-21,SLURRY,0.0,0.0,0.0,0.0,0.0,
SS-017409-PV1,2020-12-21,SLURRY,0.0,0.0,0.0,0.0,0.0,
SS-003458-PV1,2020-12-21,SLURRY,0.0,0.5,0.0,7.289774903348354,-0.5,
SS-002765-PV1,2020-12-21,SLURRY,0.0,0.0,0.0,0.0,0.0,
SS-013285-PV1,2020-12-21,SLURRY,0.0,0.0,0.0,0.0,0.0,
SS-023432-PV1,2020-12-21,SLURRY,0.0,0.0,0.0,0.0,0.0,
SS-024829-PV1,2020-12-21,SLURRY,0.0,0.0,0.0,0.0,0.0,
SS-003457-PV1,2020-12-21,SLURRY,0.0,0.0,0.0,0.0,0.0,
SS-003455-PV1,2020-12-21,SLURRY,0.0,0.0,0.0,0.0,0.0,
SS-004292-PV1,2020-12-21,SLURRY,0.0,0.0,0.0,0.0,0.0,
SS-003456-PV1,2020-12-21,SLURRY,0.0,0.0,0.0,0.0,0.0,
SS-017399-PV1,2020-12-21,SLURRY,0.0,0.0,0.0,0.0,0.0,
SS-017630-PV1,2020-12-21,SLURRY,1.0,0.0,7.740530384660381,0.0,1.0,100.0
SS-017631-PV1,2020-12-21,SLURRY,0.5,0.0,3.8874638127184857,0.0,0.5,100.0
SS-004291-PV1,2020-12-21,SLURRY,0.0,0.5,0.0,14.347826086956522,-0.5,
SS-017632-PV1,2020-12-21,SLURRY,0.5,0.5,4.02063132135764,4.02063132135764,0.0,0.0
SS-031267-PV1,2020-12-21,OVERLAY,0.0,0.0,0.0,0.0,0.0,
SS-013275-PV1,2020-12-21,SLURRY,0.0,1.5,0.0,7.538723768311031,-1.5,
SS-008580-PV1,2020-12-21,SLURRY,0.0,0.0,0.0,0.0,0.0,
SS-006668-PV1,2020-12-21,SLURRY,0.0,0.0,0.0,0.0,0.0,
SS-002764-PV1,2020-12-21,SLURRY,0.5,0.0,3.7005892487509455,0.0,0.5,100.0
SS-019574-PV1,2020-12-22,SLURRY,0.5,2.0,7.057566754155544,28.230267016622175,-1.5,-300.0
SS-007692-PV1,2020-12-22,SLURRY,0.5,0.0,6.538081102914845,0.0,0.5,100.0
SS-005947-PV1,2020-12-22,SLURRY,0.0,0.0,0.0,0.0,0.0,
SS-018909-PV1,2020-12-22,SLURRY,1.5,1.0,22.846612975203062,15.23107531680204,0.5,33.33333333333333
SS-018908-PV1,2020-12-22,SLURRY,0.0,0.0,0.0,0.0,0.0,
SS-019575-PV1,2020-12-22,SLURRY,0.0,0.0,0.0,0.0,0.0,
SS-023043-PV1,2020-12-22,SLURRY,0.0,0.0,0.0,0.0,0.0,
SS-011120-PV1,2020-12-22,SLURRY,0.0,0.5,0.0,3.2961019474344155,-0.5,
SS-002376-PV1,2020-12-22,SLURRY,1.0,0.5,6.841397868619505,3.4206989343097525,0.5,50.0
SS-024925-PV1,2020-12-22,SLURRY,0.0,0.0,0.0,0.0,0.0,
SS-005948-PV1,2020-12-22,SLURRY,0.0,0.0,0.0,0.0,0.0,
SS-026897-PV1,2020-12-22,SLURRY,0.0,0.0,0.0,0.0,0.0,
SS-018716-PV1,2020-12-22,SLURRY,0.0,0.0,0.0,0.0,0.0,
SS-018921-PV1,2020-12-22,SLURRY,1.5,2.5,6.85121107266436,11.418685121107266,-1.0,-66.66666666666666
SS-001038-PV1,2020-12-22,SLURRY,0.0,0.5,0.0,3.898944670873687,-0.5,
SS-027326-PV1,2020-12-22,SLURRY,0.0,0.0,0.0,0.0,0.0,
SS-018920-PV1,2020-12-22,SLURRY,0.5,1.0,8.68421052631579,17.36842105263158,-0.5,-100.0
SS-027324-PV1,2020-12-23,SLURRY,0.0,0.0,0.0,0.0,0.0,
SS-027325-PV1,2020-12-23,SLURRY,0.0,0.0,0.0,0.0,0.0,
SS-022256-PV1,2020-12-23,SLURRY,1.0,0.0,15.1957095144424,0.0,1.0,100.0
SS-010481-PV1,2020-12-23,SLURRY,0.0,0.5,0.0,7.931619823040754,-0.5,
SS-021639-PV1,2021-01-04,SLURRY,1.0,0.5,6.707637458293231,3.3538187291466155,0.5,50.0
SS-001039-PV1,2021-01-04,SLURRY,1.0,0.0,7.797676292464844,0.0,1.0,100.0
SS-019572-PV1,2021-01-04,SLURRY,1.0,0.0,13.928105651012318,0.0,1.0,100.0
SS-019573-PV1,2021-01-04,SLURRY,0.0,0.0,0.0,0.0,0.0,
SS-003366-PV1,2021-01-04,SLURRY,0.5,0.0,2.2448979591836737,0.0,0.5,100.0
SS-000952-PV1,2021-01-04,SLURRY,0.0,0.0,0.0,0.0,0.0,
SS-007385-PV1,2021-01-06,SLURRY,0.0,0.0,0.0,0.0,0.0,
SS-022230-PV1,2021-01-06,SLURRY,0.0,0.0,0.0,0.0,0.0,
SS-019579-PV1,2021-01-06,SLURRY,0.0,0.0,0.0,0.0,0.0,
SS-016223-PV1,2021-01-06,SLURRY,0.5,0.0,3.5891514634153303,0.0,0.5,100.0
SS-026430-PV1,2021-01-06,SLURRY,0.0,1.0,0.0,14.115835400804174,-1.0,
SS-016144-PV1,2021-01-06,SLURRY,0.5,0.0,8.488745980707396,0.0,0.5,100.0
SS-019576-PV1,2021-01-06,SLURRY,1.0,0.5,13.89233493051333,6.946167465256665,0.5,50.0
SS-016222-PV1,2021-01-06,SLURRY,0.0,0.0,0.0,0.0,0.0,
SS-025737-PV1,2021-01-06,SLURRY,0.0,0.0,0.0,0.0,0.0,
SS-003373-PV1,2021-01-06,SLURRY,0.0,0.0,0.0,0.0,0.0,
SS-006910-PV1,2021-01-06,SLURRY,0.5,1.0,3.837209302325581,7.674418604651162,-0.5,-100.0
SS-001335-PV1,2021-01-06,SLURRY,0.0,0.0,0.0,0.0,0.0,
SS-009628-PV1,2021-01-07,SLURRY,0.5,0.5,7.020384110743368,7.020384110743368,0.0,0.0
SS-018222-PV1,2021-01-07,SLURRY,0.0,0.0,0.0,0.0,0.0,
SS-003372-PV1,2021-01-07,SLURRY,0.0,0.0,0.0,0.0,0.0,
SS-002619-PV1,2021-01-07,SLURRY,0.0,0.0,0.0,0.0,0.0,
SS-018221-PV1,2021-01-07,SLURRY,0.0,0.0,0.0,0.0,0.0,
SS-003371-PV1,2021-01-07,SLURRY,0.0,0.0,0.0,0.0,0.0,
SS-017433-PV1,2021-01-07,SLURRY,0.0,0.0,0.0,0.0,0.0,
SS-026431-PV1,2021-01-07,SLURRY,0.0,0.0,0.0,0.0,0.0,
SS-017408-PV1,2021-01-07,SLURRY,0.0,0.0,0.0,0.0,0.0,
SS-026432-PV1,2021-01-07,SLURRY,0.5,2.0,7.077087714068499,28.308350856273996,-1.5,-300.0
SS-019571-PV1,2021-01-07,SLURRY,0.0,0.0,0.0,0.0,0.0,
SS-025138-PV1,2021-01-07,SLURRY,0.0,0.0,0.0,0.0,0.0,
SS-024927-PV1,2021-01-07,SLURRY,0.0,0.0,0.0,0.0,0.0,
SS-028732-PV1,2021-01-07,SLURRY,0.0,0.0,0.0,0.0,0.0,
SS-007162-PV1,2021-01-07,SLURRY,0.0,0.0,0.0,0.0,0.0,
SS-026429-PV1,2021-01-07,SLURRY,0.0,0.0,0.0,0.0,0.0,
SS-001003-PV1,2021-01-08,SLURRY,0.5,0.0,3.9385579000086675,0.0,0.5,100.0
SS-015300-PV1,2021-01-08,OVERLAY,0.0,0.0,0.0,0.0,0.0,
SS-003540-PV1,2021-01-08,OVERLAY,0.0,0.0,0.0,0.0,0.0,
SS-022224-PV1,2021-01-08,SLURRY,0.5,1.5,8.20552604881542,24.616578146446262,-1.0,-200.0
SS-028795-PV1,2021-01-08,OVERLAY,0.0,1.0,0.0,4.203693470175232,-1.0,
SS-001218-PV1,2021-01-08,SLURRY,0.0,0.0,0.0,0.0,0.0,
SS-018218-PV1,2021-01-08,OVERLAY,0.5,0.0,6.121164273268249,0.0,0.5,100.0
SS-015299-PV1,2021-01-08,OVERLAY,0.0,0.0,0.0,0.0,0.0,
SS-022231-PV1,2021-01-08,SLURRY,0.0,0.0,0.0,0.0,0.0,
SS-022226-PV1,2021-01-08,SLURRY,0.0,0.5,0.0,7.7458333871238425,-0.5,
SS-025976-PV1,2021-01-08,OVERLAY,0.0,0.0,0.0,0.0,0.0,
SS-022227-PV1,2021-01-08,SLURRY,0.0,0.0,0.0,0.0,0.0,
SS-022225-PV1,2021-01-08,SLURRY,0.0,0.0,0.0,0.0,0.0,
SS-015297-PV1,2021-01-08,OVERLAY,0.5,0.0,3.804599241674196,0.0,0.5,100.0
SS-015298-PV1,2021-01-08,OVERLAY,0.0,0.0,0.0,0.0,0.0,
SS-022223-PV1,2021-01-08,SLURRY,0.0,0.0,0.0,0.0,0.0,
SS-015302-PV1,2021-01-08,OVERLAY,0.0,0.0,0.0,0.0,0.0,
SS-015303-PV1,2021-01-08,OVERLAY,0.0,0.0,0.0,0.0,0.0,
SS-022229-PV1,2021-01-08,SLURRY,0.0,0.0,0.0,0.0,0.0,
SS-018216-PV1,2021-01-08,OVERLAY,0.0,0.0,0.0,0.0,0.0,
SS-023958-PV1,2021-01-08,OVERLAY,0.0,0.0,0.0,0.0,0.0,
SS-015301-PV1,2021-01-08,OVERLAY,0.0,0.0,0.0,0.0,0.0,
SS-022228-PV1,2021-01-08,SLURRY,0.0,0.0,0.0,0.0,0.0,
SS-028014-PV1,2021-01-08,SLURRY,0.0,0.0,0.0,0.0,0.0,
SS-028015-PV1,2021-01-08,SLURRY,0.5,0.0,6.109513020899627,0.0,0.5,100.0
SS-028016-PV1,2021-01-08,SLURRY,0.0,0.0,0.0,0.0,0.0,
SS-026238-PV1,2021-01-12,OVERLAY,0.0,0.0,0.0,0.0,0.0,
SS-002739-PV1,2021-01-15,OVERLAY,0.5,0.0,3.798842101415845,0.0,0.5,100.0
SS-008801-PV1,2021-01-15,OVERLAY,0.0,0.0,0.0,0.0,0.0,
SS-002736-PV1,2021-01-15,OVERLAY,0.0,0.0,0.0,0.0,0.0,
SS-014500-PV1,2021-01-15,OVERLAY,0.0,0.0,0.0,0.0,0.0,
SS-014501-PV1,2021-01-15,OVERLAY,0.0,0.0,0.0,0.0,0.0,
SS-008802-PV1,2021-01-15,OVERLAY,0.0,0.0,0.0,0.0,0.0,
SS-014503-PV1,2021-01-15,OVERLAY,0.0,0.0,0.0,0.0,0.0,
SS-014502-PV1,2021-01-15,OVERLAY,0.0,0.0,0.0,0.0,0.0,
SS-007958-PV1,2021-01-15,OVERLAY,0.0,0.0,0.0,0.0,0.0,
SS-014504-PV1,2021-01-15,OVERLAY,0.0,0.0,0.0,0.0,0.0,
SS-014505-PV1,2021-01-15,OVERLAY,0.0,0.0,0.0,0.0,0.0,
SS-016426-PV1,2021-01-15,OVERLAY,0.0,0.0,0.0,0.0,0.0,
SS-022992-PV1,2021-01-15,OVERLAY,0.0,0.0,0.0,0.0,0.0,
SS-007959-PV1,2021-01-15,OVERLAY,0.0,0.0,0.0,0.0,0.0,
SS-010175-PV1,2021-01-19,SLURRY,1.0,0.5,7.912755871999184,3.956377935999592,0.5,50.0
SS-028536-PV1,2021-01-19,SLURRY,0.5,1.0,2.9963162334852185,5.992632466970437,-0.5,-100.0
SS-026073-PV1,2021-01-19,SLURRY,0.5,0.0,3.7021408891785157,0.0,0.5,100.0
SS-031638-PV1,2021-01-19,SLURRY,0.0,0.0,0.0,0.0,0.0,
SS-031637-PV1,2021-01-19,SLURRY,0.0,0.5,0.0,7.412596641026757,-0.5,
SS-010945-PV1,2021-01-19,SLURRY,0.0,0.0,0.0,0.0,0.0,
SS-013320-PV1,2021-01-19,SLURRY,1.0,0.0,7.999669104596128,0.0,1.0,100.0
SS-010944-PV1,2021-01-19,SLURRY,0.0,0.0,0.0,0.0,0.0,
SS-010943-PV1,2021-01-19,SLURRY,0.0,0.0,0.0,0.0,0.0,
SS-005056-PV1,2021-01-19,SLURRY,0.0,0.0,0.0,0.0,0.0,
SS-008488-PV1,2021-01-19,SLURRY,0.0,0.0,0.0,0.0,0.0,
SS-025160-PV1,2021-01-19,SLURRY,0.0,0.0,0.0,0.0,0.0,
SS-013321-PV1,2021-01-20,SLURRY,1.0,0.5,7.425691401485334,3.712845700742667,0.5,50.0
SS-017210-PV1,2021-01-20,SLURRY,0.0,0.0,0.0,0.0,0.0,
SS-002814-PV1,2021-01-20,SLURRY,0.5,0.0,9.565151544246616,0.0,0.5,100.0
SS-023242-PV1,2021-01-20,SLURRY,0.0,0.0,0.0,0.0,0.0,
SS-017463-PV1,2021-01-20,SLURRY,0.0,0.0,0.0,0.0,0.0,
SS-017462-PV1,2021-01-20,SLURRY,0.0,0.0,0.0,0.0,0.0,
SS-010279-PV1,2021-01-20,SLURRY,1.0,0.0,6.944569576761366,0.0,1.0,100.0
SS-002811-PV1,2021-01-20,SLURRY,0.0,0.0,0.0,0.0,0.0,
SS-002815-PV1,2021-01-20,SLURRY,0.0,0.0,0.0,0.0,0.0,
SS-018739-PV1,2021-01-20,SLURRY,0.0,0.0,0.0,0.0,0.0,
SS-002170-PV1,2021-01-20,OVERLAY,1.0,0.0,20.636035442390874,0.0,1.0,100.0
SS-018738-PV1,2021-01-20,SLURRY,0.0,0.0,0.0,0.0,0.0,
SS-021699-PV1,2021-01-20,SLURRY,0.5,0.0,3.2926696940935245,0.0,0.5,100.0
SS-006287-PV1,2021-01-20,SLURRY,0.5,0.0,2.92904293633004,0.0,0.5,100.0
SS-026820-PV1,2021-01-20,OVERLAY,0.0,0.0,0.0,0.0,0.0,
SS-026819-PV1,2021-01-20,OVERLAY,0.0,0.0,0.0,0.0,0.0,
SS-002171-PV1,2021-01-20,OVERLAY,0.0,0.0,0.0,0.0,0.0,
SS-026817-PV1,2021-01-20,OVERLAY,0.0,0.0,0.0,0.0,0.0,
SS-026818-PV1,2021-01-20,OVERLAY,0.0,0.0,0.0,0.0,0.0,
SS-026815-PV1,2021-01-20,OVERLAY,0.0,0.0,0.0,0.0,0.0,
SS-026814-PV1,2021-01-20,OVERLAY,0.5,0.0,10.517182446822495,0.0,0.5,100.0
SS-026813-PV1,2021-01-20,OVERLAY,0.0,0.0,0.0,0.0,0.0,
SS-026074-PV1,2021-01-20,SLURRY,0.0,0.0,0.0,0.0,0.0,
SS-008314-PV1,2021-01-20,SLURRY,0.0,0.0,0.0,0.0,0.0,
SS-024424-PV1,2021-01-20,SLURRY,0.0,0.0,0.0,0.0,0.0,
SS-026816-PV1,2021-01-20,OVERLAY,0.0,0.0,0.0,0.0,0.0,
SS-002169-PV1,2021-01-20,OVERLAY,0.0,0.0,0.0,0.0,0.0,
SS-012893-PV1,2021-01-21,SLURRY,0.0,0.0,0.0,0.0,0.0,
SS-012894-PV1,2021-01-21,SLURRY,0.0,0.0,0.0,0.0,0.0,
SS-012895-PV1,2021-01-21,SLURRY,0.0,0.0,0.0,0.0,0.0,
SS-029532-PV1,2021-01-21,SLURRY,2.0,0.5,15.853275532931276,3.963318883232819,1.5,75.0
SS-016319-PV1,2021-01-21,SLURRY,0.0,0.0,0.0,0.0,0.0,
SS-010208-PV1,2021-01-21,SLURRY,0.0,0.0,0.0,0.0,0.0,
SS-002813-PV1,2021-01-21,SLURRY,0.0,0.0,0.0,0.0,0.0,
SS-012092-PV1,2021-01-21,SLURRY,0.0,0.0,0.0,0.0,0.0,
SS-012093-PV1,2021-01-21,SLURRY,0.0,0.0,0.0,0.0,0.0,
SS-012095-PV1,2021-01-21,SLURRY,0.0,0.0,0.0,0.0,0.0,
SS-023094-PV1,2021-01-21,SLURRY,0.5,0.0,1.8997586586897912,0.0,0.5,100.0
SS-012094-PV1,2021-01-21,SLURRY,0.0,0.0,0.0,0.0,0.0,
SS-012096-PV1,2021-01-21,SLURRY,0.0,0.0,0.0,0.0,0.0,
SS-012091-PV1,2021-01-21,SLURRY,0.0,0.0,0.0,0.0,0.0,
SS-017212-PV1,2021-01-21,SLURRY,0.0,0.0,0.0,0.0,0.0,
SS-026235-PV1,2021-01-21,SLURRY,2.0,2.0,5.012997953642966,5.012997953642966,0.0,0.0
SS-001534-PV1,2021-01-22,SLURRY,0.0,0.0,0.0,0.0,0.0,
SS-002812-PV1,2021-01-22,SLURRY,0.0,0.0,0.0,0.0,0.0,
SS-003675-PV1,2021-01-22,SLURRY,0.0,0.0,0.0,0.0,0.0,
SS-003674-PV1,2021-01-22,SLURRY,0.0,0.0,0.0,0.0,0.0,
SS-026081-PV1,2021-01-22,SLURRY,0.0,0.0,0.0,0.0,0.0,
SS-009914-PV1,2021-01-22,SLURRY,0.0,0.0,0.0,0.0,0.0,
SS-016904-PV1,2021-01-22,SLURRY,0.0,0.5,0.0,2.5842886799247857,-0.5,
SS-011422-PV1,2021-01-22,SLURRY,0.0,0.0,0.0,0.0,0.0,
SS-019507-PV1,2021-01-22,SLURRY,5.5,8.5,13.495299230377585,20.856371537856266,-3.0,-54.54545454545454
SS-011086-PV1,2021-01-22,SLURRY,0.0,0.5,0.0,9.292087259738828,-0.5,
SS-015721-PV1,2021-01-22,SLURRY,0.0,0.0,0.0,0.0,0.0,
SS-019166-PV1,2021-01-22,SLURRY,2.5,0.5,6.145381857268478,1.2290763714536956,2.0,80.0
SS-026080-PV1,2021-01-22,SLURRY,0.5,0.0,8.098007982059231,0.0,0.5,100.0
SS-016320-PV1,2021-01-22,SLURRY,0.0,0.0,0.0,0.0,0.0,
SS-001533-PV1,2021-01-22,SLURRY,0.0,0.0,0.0,0.0,0.0,
SS-029473-PV1,2021-01-22,SLURRY,0.0,0.0,0.0,0.0,0.0,
SS-009239-PV1,2021-01-22,SLURRY,0.0,0.0,0.0,0.0,0.0,
SS-029474-PV1,2021-01-22,SLURRY,0.5,0.5,14.193349985430313,14.193349985430313,0.0,0.0
SS-009238-PV1,2021-01-22,SLURRY,0.0,0.5,0.0,7.292817679558011,-0.5,
SS-029483-PV1,2021-01-22,SLURRY,0.0,0.0,0.0,0.0,0.0,
SS-001535-PV1,2021-01-22,SLURRY,0.0,0.0,0.0,0.0,0.0,
SS-025557-PV1,2021-01-22,SLURRY,1.5,1.5,11.298205140312438,11.298205140312438,0.0,0.0
SS-025640-PV1,2021-01-22,SLURRY,0.5,0.0,2.505531387617379,0.0,0.5,100.0
SS-023241-PV1,2021-01-22,SLURRY,0.0,0.0,0.0,0.0,0.0,
SS-029472-PV1,2021-01-22,SLURRY,1.0,1.5,18.232913032458036,27.349369548687058,-0.5,-50.0
SS-000247-PV1,2021-01-30,OVERLAY,0.0,2.5,0.0,34.46461697930687,-2.5,
SS-002954-PV1,2021-02-01,SLURRY,0.0,0.5,0.0,6.346939585068824,-0.5,
SS-021723-PV1,2021-02-01,SLURRY,0.0,0.0,0.0,0.0,0.0,
SS-001685-PV1,2021-02-01,SLURRY,0.0,0.0,0.0,0.0,0.0,
SS-005964-PV1,2021-02-01,SLURRY,0.0,0.0,0.0,0.0,0.0,
SS-017690-PV1,2021-02-01,SLURRY,0.0,0.5,0.0,5.156240936295229,-0.5,
SS-022878-PV1,2021-02-01,SLURRY,0.0,0.0,0.0,0.0,0.0,
SS-009240-PV1,2021-02-02,SLURRY,0.5,0.0,5.986394557823129,0.0,0.5,100.0
SS-016726-PV1,2021-02-02,SLURRY,1.0,0.5,7.786960557569972,3.893480278784986,0.5,50.0
SS-001532-PV1,2021-02-02,SLURRY,0.5,1.0,2.1189579799395677,4.237915959879135,-0.5,-100.0
SS-002672-PV1,2021-02-02,SLURRY,0.0,0.5,0.0,5.488635094956505,-0.5,
SS-015694-PV1,2021-02-02,SLURRY,0.0,0.0,0.0,0.0,0.0,
SS-029397-PV1,2021-02-02,SLURRY,0.5,0.5,5.248490164448715,5.248490164448715,0.0,0.0
SS-029396-PV1,2021-02-02,SLURRY,1.0,0.0,16.761250274989262,0.0,1.0,100.0
SS-029395-PV1,2021-02-02,SLURRY,1.0,2.5,15.666949146507338,39.167372866268344,-1.5,-150.0
SS-016732-PV1,2021-02-02,SLURRY,0.0,0.0,0.0,0.0,0.0,
SS-016094-PV1,2021-02-02,SLURRY,0.0,0.0,0.0,0.0,0.0,
SS-029475-PV1,2021-02-03,SLURRY,0.0,0.0,0.0,0.0,0.0,
SS-016907-PV1,2021-02-03,SLURRY,0.0,0.0,0.0,0.0,0.0,
SS-016908-PV1,2021-02-03,SLURRY,0.0,0.0,0.0,0.0,0.0,
SS-029476-PV1,2021-02-03,SLURRY,0.0,0.0,0.0,0.0,0.0,
SS-016321-PV1,2021-02-03,SLURRY,0.0,0.0,0.0,0.0,0.0,
SS-000267-PV1,2021-02-03,OVERLAY,1.0,1.0,13.821790523958425,13.821790523958425,0.0,0.0
SS-017214-PV1,2021-02-03,SLURRY,0.0,0.0,0.0,0.0,0.0,
SS-009237-PV1,2021-02-03,SLURRY,0.0,0.0,0.0,0.0,0.0,
SS-009236-PV1,2021-02-03,SLURRY,0.0,0.0,0.0,0.0,0.0,
SS-017213-PV1,2021-02-03,SLURRY,0.0,0.0,0.0,0.0,0.0,
SS-021302-PV1,2021-02-03,SLURRY,0.0,0.0,0.0,0.0,0.0,
SS-021303-PV1,2021-02-03,SLURRY,0.0,1.5,0.0,20.04113493554447,-1.5,
SS-021304-PV1,2021-02-03,SLURRY,0.0,0.0,0.0,0.0,0.0,
SS-029484-PV1,2021-02-03,SLURRY,1.0,0.0,14.95738843997838,0.0,1.0,100.0
SS-016909-PV1,2021-02-03,SLURRY,0.0,0.0,0.0,0.0,0.0,
SS-021299-PV1,2021-02-04,SLURRY,0.5,0.0,9.456799976501285,0.0,0.5,100.0
SS-002026-PV1,2021-02-04,SLURRY,0.0,0.0,0.0,0.0,0.0,
SS-024595-PV1,2021-02-04,SLURRY,0.0,0.0,0.0,0.0,0.0,
SS-026597-PV1,2021-02-04,SLURRY,0.0,0.0,0.0,0.0,0.0,
SS-002282-PV1,2021-02-04,SLURRY,0.0,0.0,0.0,0.0,0.0,
SS-002281-PV1,2021-02-04,SLURRY,0.0,0.0,0.0,0.0,0.0,
SS-003638-PV1,2021-02-04,SLURRY,0.0,0.0,0.0,0.0,0.0,
SS-021297-PV1,2021-02-04,SLURRY,0.5,1.0,2.832655105571124,5.665310211142248,-0.5,-100.0
SS-021298-PV1,2021-02-04,SLURRY,0.0,0.0,0.0,0.0,0.0,
SS-024589-PV1,2021-02-04,SLURRY,0.5,0.0,7.548281122006242,0.0,0.5,100.0
SS-024587-PV1,2021-02-04,SLURRY,0.0,0.0,0.0,0.0,0.0,
SS-022742-PV1,2021-02-04,SLURRY,0.0,0.0,0.0,0.0,0.0,
SS-021300-PV1,2021-02-04,SLURRY,0.0,0.0,0.0,0.0,0.0,
SS-023303-PV1,2021-02-05,SLURRY,0.0,0.0,0.0,0.0,0.0,
SS-025074-PV1,2021-02-05,SLURRY,0.0,0.0,0.0,0.0,0.0,
SS-023300-PV1,2021-02-05,SLURRY,0.0,0.0,0.0,0.0,0.0,
SS-023301-PV1,2021-02-05,SLURRY,0.0,0.0,0.0,0.0,0.0,
SS-025075-PV1,2021-02-05,SLURRY,0.0,0.0,0.0,0.0,0.0,
SS-025076-PV1,2021-02-05,SLURRY,0.5,0.0,10.20561610415295,0.0,0.5,100.0
SS-023302-PV1,2021-02-05,SLURRY,0.0,0.0,0.0,0.0,0.0,
SS-023183-PV1,2021-02-05,SLURRY,0.5,0.0,1.461024433807375,0.0,0.5,100.0
SS-020684-PV1,2021-02-08,SLURRY,0.0,0.5,0.0,2.098525118391792,-0.5,
SS-025429-PV1,2021-02-10,SLURRY,0.0,0.5,0.0,3.278683638325427,-0.5,
SS-008446-PV1,2021-02-10,SLURRY,0.0,0.5,0.0,7.8628106331409136,-0.5,
SS-022706-PV1,2021-02-10,SLURRY,0.0,0.0,0.0,0.0,0.0,
SS-022705-PV1,2021-02-10,SLURRY,0.0,0.0,0.0,0.0,0.0,
SS-004953-PV1,2021-02-10,SLURRY,0.5,0.0,7.833518736500903,0.0,0.5,100.0
SS-009904-PV1,2021-02-10,SLURRY,0.0,0.0,0.0,0.0,0.0,
SS-028637-PV1,2021-02-10,SLURRY,0.0,0.0,0.0,0.0,0.0,
SS-004955-PV1,2021-02-10,SLURRY,0.0,0.5,0.0,10.952857077661566,-0.5,
SS-012146-PV1,2021-02-11,SLURRY,0.0,0.0,0.0,0.0,0.0,
SS-012145-PV1,2021-02-11,SLURRY,0.0,0.0,0.0,0.0,0.0,
SS-029401-PV1,2021-02-11,SLURRY,0.0,0.5,0.0,16.60377358490566,-0.5,
SS-012147-PV1,2021-02-11,SLURRY,0.0,0.0,0.0,0.0,0.0,
SS-001536-PV1,2021-02-11,SLURRY,0.0,0.0,0.0,0.0,0.0,
SS-029632-PV1,2021-02-11,SLURRY,0.0,0.0,0.0,0.0,0.0,
SS-029631-PV1,2021-02-11,SLURRY,0.0,0.0,0.0,0.0,0.0,
SS-010285-PV1,2021-02-11,SLURRY,0.0,0.0,0.0,0.0,0.0,
SS-029402-PV1,2021-02-11,SLURRY,0.0,0.0,0.0,0.0,0.0,
SS-008085-PV1,2021-02-17,SLURRY,0.0,0.0,0.0,0.0,0.0,
SS-017534-PV1,2021-02-17,SLURRY,0.5,0.5,8.600527955136519,8.600527955136519,0.0,0.0
SS-017533-PV1,2021-02-17,SLURRY,0.0,0.0,0.0,0.0,0.0,
SS-020002-PV1,2021-02-17,SLURRY,0.0,0.0,0.0,0.0,0.0,
SS-012120-PV1,2021-02-18,SLURRY,0.0,0.0,0.0,0.0,0.0,
SS-012121-PV1,2021-02-18,SLURRY,0.0,0.0,0.0,0.0,0.0,
SS-025596-PV1,2021-02-18,SLURRY,0.0,0.0,0.0,0.0,0.0,
SS-000820-PV1,2021-02-18,SLURRY,0.0,0.5,0.0,11.08450549879645,-0.5,
SS-019492-PV1,2021-02-18,SLURRY,0.0,0.0,0.0,0.0,0.0,
SS-020004-PV1,2021-02-18,SLURRY,0.0,0.0,0.0,0.0,0.0,
SS-025595-PV1,2021-02-18,SLURRY,0.0,0.0,0.0,0.0,0.0,
SS-009569-PV1,2021-02-18,SLURRY,0.0,0.0,0.0,0.0,0.0,
SS-009570-PV1,2021-02-18,SLURRY,0.0,0.0,0.0,0.0,0.0,
SS-029403-PV1,2021-02-22,SLURRY,0.5,0.0,12.27693415191962,0.0,0.5,100.0
SS-029393-PV1,2021-02-22,SLURRY,0.0,0.0,0.0,0.0,0.0,
SS-028392-PV1,2021-02-22,SLURRY,0.0,0.0,0.0,0.0,0.0,
SS-028393-PV1,2021-02-22,SLURRY,0.0,0.0,0.0,0.0,0.0,
SS-028394-PV1,2021-02-22,SLURRY,0.5,0.0,8.488568566894903,0.0,0.5,100.0
SS-023181-PV1,2021-02-22,SLURRY,0.0,0.0,0.0,0.0,0.0,
SS-025077-PV1,2021-02-22,SLURRY,1.0,1.0,7.315389293013346,7.315389293013346,0.0,0.0
SS-029392-PV1,2021-02-22,SLURRY,0.5,0.0,13.602897417149853,0.0,0.5,100.0
SS-029404-PV1,2021-02-22,SLURRY,0.0,1.0,0.0,20.46513214351329,-1.0,
SS-019493-PV1,2021-02-22,SLURRY,0.0,0.0,0.0,0.0,0.0,
SS-026742-PV1,2021-02-22,SLURRY,0.0,0.0,0.0,0.0,0.0,
SS-029405-PV1,2021-02-22,SLURRY,0.0,0.0,0.0,0.0,0.0,
SS-029508-PV1,2021-02-23,SLURRY,0.0,0.0,0.0,0.0,0.0,
SS-004262-PV1,2021-02-23,SLURRY,0.0,0.0,0.0,0.0,0.0,
SS-029482-PV1,2021-02-23,SLURRY,0.5,0.0,10.51792828685259,0.0,0.5,100.0
SS-004263-PV1,2021-02-23,SLURRY,0.0,0.0,0.0,0.0,0.0,
SS-029481-PV1,2021-02-23,SLURRY,0.0,0.0,0.0,0.0,0.0,
SS-029493-PV1,2021-02-23,SLURRY,0.5,0.0,6.502463054187192,0.0,0.5,100.0
SS-029376-PV1,2021-02-24,SLURRY,0.0,0.5,0.0,12.566306305620186,-0.5,
SS-029411-PV1,2021-02-24,SLURRY,0.0,0.0,0.0,0.0,0.0,
SS-000821-PV1,2021-02-24,SLURRY,0.0,0.0,0.0,0.0,0.0,
SS-006286-PV1,2021-02-24,SLURRY,0.0,0.0,0.0,0.0,0.0,
SS-029406-PV1,2021-02-24,SLURRY,3.0,1.5,30.99706036716644,15.49853018358322,1.5,50.0
SS-029383-PV1,2021-02-24,SLURRY,1.0,1.0,4.516480019708276,4.516480019708276,0.0,0.0
SS-029377-PV1,2021-02-24,SLURRY,0.0,0.5,0.0,14.426229508196721,-0.5,
SS-030387-PV1,2021-02-25,SLURRY,0.5,0.5,6.381863131759124,6.381863131759124,0.0,0.0
SS-030388-PV1,2021-02-25,SLURRY,0.0,0.5,0.0,9.850672756173461,-0.5,
SS-031118-PV1,2021-02-25,SLURRY,0.0,0.0,0.0,0.0,0.0,
SS-014138-PV1,2021-02-26,OVERLAY,0.0,0.0,0.0,0.0,0.0,
SS-014139-PV1,2021-02-26,OVERLAY,1.5,1.0,22.474148344702357,14.982765563134905,0.5,33.33333333333333
SS-014140-PV1,2021-02-26,OVERLAY,0.0,0.0,0.0,0.0,0.0,
SS-014141-PV1,2021-02-26,OVERLAY,2.0,1.5,29.883082439953682,22.41231182996526,0.5,25.0
SS-011678-PV1,2021-02-27,OVERLAY,0.0,3.0,0.0,56.774193548387096,-3.0,
SS-017175-PV1,2021-03-01,SLURRY,0.0,0.0,0.0,0.0,0.0,
SS-017917-PV1,2021-03-01,SLURRY,0.0,0.0,0.0,0.0,0.0,
SS-029496-PV1,2021-03-01,SLURRY,0.0,0.0,0.0,0.0,0.0,
SS-017177-PV1,2021-03-01,SLURRY,0.0,0.0,0.0,0.0,0.0,
SS-017839-PV1,2021-03-01,SLURRY,0.0,0.0,0.0,0.0,0.0,
SS-017544-PV1,2021-03-01,SLURRY,0.0,0.0,0.0,0.0,0.0,
SS-017545-PV1,2021-03-01,SLURRY,0.0,0.0,0.0,0.0,0.0,
SS-017882-PV1,2021-03-01,SLURRY,0.0,0.0,0.0,0.0,0.0,
SS-018810-PV1,2021-03-01,SLURRY,0.0,0.0,0.0,0.0,0.0,
SS-000942-PV1,2021-03-01,SLURRY,0.0,0.0,0.0,0.0,0.0,
SS-020003-PV1,2021-03-01,SLURRY,0.5,0.5,4.146447499692157,4.146447499692157,0.0,0.0
SS-012902-PV1,2021-03-01,OVERLAY,0.5,0.0,7.4503430403213144,0.0,0.5,100.0
SS-012901-PV1,2021-03-01,OVERLAY,0.0,0.0,0.0,0.0,0.0,
SS-000934-PV1,2021-03-01,SLURRY,0.0,0.0,0.0,0.0,0.0,
SS-012904-PV1,2021-03-01,OVERLAY,0.0,0.5,0.0,7.475854265017333,-0.5,
SS-012903-PV1,2021-03-01,OVERLAY,0.0,0.0,0.0,0.0,0.0,
SS-030307-PV1,2021-03-01,SLURRY,0.0,0.0,0.0,0.0,0.0,
SS-009462-PV1,2021-03-01,SLURRY,0.0,0.0,0.0,0.0,0.0,
SS-011783-PV1,2021-03-02,SLURRY,0.0,0.0,0.0,0.0,0.0,
SS-029570-PV1,2021-03-02,SLURRY,0.0,0.0,0.0,0.0,0.0,
SS-012905-PV1,2021-03-02,OVERLAY,0.5,0.0,7.676228320106862,0.0,0.5,100.0
SS-012906-PV1,2021-03-03,OVERLAY,0.0,0.0,0.0,0.0,0.0,
SS-012907-PV1,2021-03-03,OVERLAY,0.5,0.0,7.100400742314623,0.0,0.5,100.0
SS-016723-PV1,2021-03-07,SLURRY,0.0,0.0,0.0,0.0,0.0,
SS-007181-PV1,2021-03-07,SLURRY,1.0,1.0,8.798520382155735,8.798520382155735,0.0,0.0
SS-007182-PV1,2021-03-07,SLURRY,0.0,1.0,0.0,10.784743264897193,-1.0,
SS-016722-PV1,2021-03-07,SLURRY,1.0,0.5,7.963653162995619,3.9818265814978093,0.5,50.0
SS-017249-PV1,2021-03-07,SLURRY,3.0,0.5,23.677023869848117,3.946170644974686,2.5,83.33333333333334
SS-017250-PV1,2021-03-07,SLURRY,1.0,0.0,7.9038106246974325,0.0,1.0,100.0
SS-017251-PV1,2021-03-07,SLURRY,4.0,1.5,32.816810411133105,12.306303904174914,2.5,62.5
SS-029373-PV1,2021-03-07,SLURRY,0.0,0.0,0.0,0.0,0.0,
SS-017247-PV1,2021-03-07,SLURRY,2.5,1.5,20.527740208384557,12.316644125030734,1.0,40.0
SS-014016-PV1,2021-03-08,SLURRY,9.0,5.5,62.03655352480418,37.911227154047,3.5,38.88888888888889
SS-014067-PV1,2021-03-08,SLURRY,5.0,5.5,31.353919239904986,34.489311163895486,-0.5,-10.0
SS-029659-PV1,2021-03-08,SLURRY,0.5,0.0,7.486783275206779,0.0,0.5,100.0
SS-014015-PV1,2021-03-08,SLURRY,0.5,0.0,2.528735632183908,0.0,0.5,100.0
SS-014044-PV1,2021-03-08,SLURRY,2.5,4.0,19.241982507288633,30.78717201166181,-1.5,-60.0
SS-014042-PV1,2021-03-08,SLURRY,2.5,3.5,21.324717285945074,29.854604200323102,-1.0,-40.0
SS-005082-PV1,2021-03-09,SLURRY,0.0,0.0,0.0,0.0,0.0,
SS-029358-PV1,2021-03-09,SLURRY,1.0,0.0,13.858176783616907,0.0,1.0,100.0
SS-000815-PV1,2021-03-16,SLURRY,0.0,0.0,0.0,0.0,0.0,
SS-000816-PV1,2021-03-16,SLURRY,0.0,0.0,0.0,0.0,0.0,
SS-000829-PV1,2021-03-16,SLURRY,0.0,0.0,0.0,0.0,0.0,
SS-021772-PV1,2021-03-16,SLURRY,0.0,0.0,0.0,0.0,0.0,
SS-029347-PV1,2021-03-17,SLURRY,0.0,0.5,0.0,6.984128831780114,-0.5,
SS-029323-PV1,2021-03-17,SLURRY,2.5,0.5,34.73660443375914,6.947320886751829,2.0,80.0
SS-004944-PV1,2021-03-18,SLURRY,0.0,0.5,0.0,12.815540201718544,-0.5,
SS-003294-PV1,2021-03-18,SLURRY,1.0,0.0,19.061241096180208,0.0,1.0,100.0
SS-003296-PV1,2021-03-18,SLURRY,3.5,1.0,66.47307462789647,18.992307036541845,2.5,71.42857142857143
SS-024281-PV1,2021-03-18,SLURRY,1.0,1.0,8.185061766212314,8.185061766212314,0.0,0.0
SS-024282-PV1,2021-03-18,SLURRY,1.5,1.5,10.762130021206287,10.762130021206287,0.0,0.0
SS-009277-PV1,2021-03-18,SLURRY,0.0,0.0,0.0,0.0,0.0,
SS-003293-PV1,2021-03-18,SLURRY,0.0,1.0,0.0,18.857014898827472,-1.0,
SS-000830-PV1,2021-03-18,SLURRY,0.0,1.0,0.0,7.123716972026324,-1.0,
SS-004942-PV1,2021-03-18,SLURRY,0.5,0.0,9.428568061225693,0.0,0.5,100.0
SS-009276-PV1,2021-03-18,SLURRY,0.0,0.0,0.0,0.0,0.0,
SS-004943-PV1,2021-03-18,SLURRY,0.0,0.0,0.0,0.0,0.0,
SS-026786-PV1,2021-03-18,SLURRY,0.0,0.0,0.0,0.0,0.0,
SS-026785-PV1,2021-03-18,SLURRY,0.0,0.0,0.0,0.0,0.0,
SS-026784-PV1,2021-03-18,SLURRY,0.0,0.5,0.0,14.915254237288135,-0.5,
SS-003295-PV1,2021-03-18,SLURRY,1.5,0.0,27.98571739019051,0.0,1.5,100.0
SS-025093-PV1,2021-03-18,SLURRY,0.0,0.0,0.0,0.0,0.0,
SS-009653-PV1,2021-03-18,SLURRY,0.0,0.0,0.0,0.0,0.0,
SS-004941-PV1,2021-03-18,SLURRY,0.5,1.0,9.39496764252148,18.78993528504296,-0.5,-100.0
SS-003292-PV1,2021-03-18,SLURRY,2.5,1.0,46.15270040498995,18.46108016199598,1.5,60.0
SS-025094-PV1,2021-03-18,SLURRY,0.0,0.5,0.0,7.855431495281385,-0.5,
SS-009273-PV1,2021-03-18,SLURRY,1.0,1.5,18.694361702617314,28.04154255392597,-0.5,-50.0
SS-018761-PV1,2021-03-30,OVERLAY,0.0,0.0,0.0,0.0,0.0,
SS-017176-PV1,2021-03-30,OVERLAY,0.0,0.0,0.0,0.0,0.0,
SS-007019-PV1,2021-03-30,SLURRY,1.0,1.0,15.918770853815937,15.918770853815937,0.0,0.0
SS-007020-PV1,2021-03-30,SLURRY,0.0,0.0,0.0,0.0,0.0,
SS-007021-PV1,2021-03-30,SLURRY,0.0,0.0,0.0,0.0,0.0,
SS-007022-PV1,2021-03-30,SLURRY,1.0,0.0,26.63745963390646,0.0,1.0,100.0
SS-007033-PV1,2021-03-30,SLURRY,0.0,0.0,0.0,0.0,0.0,
SS-000944-PV1,2021-03-30,OVERLAY,0.0,0.0,0.0,0.0,0.0,
SS-018764-PV1,2021-03-30,OVERLAY,0.0,0.0,0.0,0.0,0.0,
SS-018763-PV1,2021-03-30,OVERLAY,0.0,0.0,0.0,0.0,0.0,
SS-000908-PV1,2021-03-30,OVERLAY,0.5,0.5,3.9227340267459136,3.9227340267459136,0.0,0.0
SS-018762-PV1,2021-03-30,OVERLAY,0.0,0.0,0.0,0.0,0.0,
SS-018760-PV1,2021-03-30,OVERLAY,1.0,0.0,28.382885120272476,0.0,1.0,100.0
SS-008014-PV1,2021-04-02,SLURRY,0.0,0.0,0.0,0.0,0.0,
SS-012645-PV1,2021-04-02,SLURRY,0.5,0.0,10.320534697520372,0.0,0.5,100.0
SS-012646-PV1,2021-04-02,SLURRY,0.0,0.0,0.0,0.0,0.0,
SS-020653-PV1,2021-04-02,SLURRY,0.0,0.0,0.0,0.0,0.0,
SS-012644-PV1,2021-04-02,SLURRY,0.0,0.0,0.0,0.0,0.0,
SS-020648-PV1,2021-04-02,SLURRY,1.0,0.0,7.968514708097309,0.0,1.0,100.0
SS-020651-PV1,2021-04-02,SLURRY,0.0,0.0,0.0,0.0,0.0,
SS-027478-PV1,2021-04-02,SLURRY,0.0,0.0,0.0,0.0,0.0,
SS-028146-PV1,2021-04-06,SLURRY,2.0,0.5,19.27007299270073,4.817518248175182,1.5,75.0
SS-008953-PV1,2021-04-06,SLURRY,0.0,0.0,0.0,0.0,0.0,
SS-022505-PV1,2021-04-06,SLURRY,0.0,0.0,0.0,0.0,0.0,
SS-020452-PV1,2021-04-06,SLURRY,0.0,0.0,0.0,0.0,0.0,
SS-021970-PV1,2021-04-06,SLURRY,0.0,0.0,0.0,0.0,0.0,
SS-028145-PV1,2021-04-06,SLURRY,0.0,0.0,0.0,0.0,0.0,
SS-028830-PV1,2021-04-06,SLURRY,0.0,0.0,0.0,0.0,0.0,
SS-021969-PV1,2021-04-06,SLURRY,0.0,0.0,0.0,0.0,0.0,
SS-008949-PV1,2021-04-07,SLURRY,0.0,0.0,0.0,0.0,0.0,
SS-015614-PV1,2021-04-07,SLURRY,0.0,0.0,0.0,0.0,0.0,
SS-015615-PV1,2021-04-07,SLURRY,1.0,0.5,15.063308689988549,7.5316543449942746,0.5,50.0
SS-008952-PV1,2021-04-07,SLURRY,0.0,0.0,0.0,0.0,0.0,
SS-015616-PV1,2021-04-07,SLURRY,1.0,1.5,8.118408213861015,12.177612320791521,-0.5,-50.0
SS-015621-PV1,2021-04-07,SLURRY,0.5,0.5,6.341129720298532,6.341129720298532,0.0,0.0
SS-028819-PV1,2021-04-07,SLURRY,0.0,0.0,0.0,0.0,0.0,
SS-006649-PV1,2021-04-07,SLURRY,0.5,0.0,8.233910424411299,0.0,0.5,100.0
SS-006650-PV1,2021-04-07,SLURRY,0.5,0.5,8.71724429416737,8.71724429416737,0.0,0.0
SS-027477-PV1,2021-04-07,SLURRY,0.0,0.0,0.0,0.0,0.0,
SS-021975-PV1,2021-04-07,SLURRY,0.0,0.0,0.0,0.0,0.0,
SS-027476-PV1,2021-04-07,SLURRY,0.0,0.0,0.0,0.0,0.0,
SS-030347-PV1,2021-04-07,SLURRY,0.0,0.5,0.0,6.406613177917957,-0.5,
SS-015622-PV1,2021-04-07,SLURRY,0.0,0.0,0.0,0.0,0.0,
SS-028820-PV1,2021-04-07,SLURRY,0.0,0.0,0.0,0.0,0.0,
SS-014287-PV1,2021-04-09,OVERLAY,1.5,1.0,16.564258972150085,11.042839314766724,0.5,33.33333333333333
SS-014377-PV1,2021-04-09,OVERLAY,0.5,0.5,9.495846106864958,9.495846106864958,0.0,0.0
SS-000345-PV1,2021-04-09,OVERLAY,3.5,2.5,48.49576528049604,34.63983234321145,1.0,28.57142857142857
SS-000346-PV1,2021-04-09,OVERLAY,0.5,1.0,6.874978515692138,13.749957031384277,-0.5,-100.0
SS-014820-PV1,2021-04-09,OVERLAY,0.5,0.5,9.530620548090104,9.530620548090104,0.0,0.0
SS-014280-PV1,2021-04-09,OVERLAY,0.0,1.0,0.0,18.990858850801267,-1.0,
SS-000358-PV1,2021-04-09,OVERLAY,0.5,1.0,7.002555932915515,14.00511186583103,-0.5,-100.0
SS-014821-PV1,2021-04-09,SLURRY,0.0,0.5,0.0,5.521741858568112,-0.5,
SS-014378-PV1,2021-04-09,OVERLAY,1.5,4.5,16.63685546626783,49.91056639880349,-3.0,-200.0
SS-014822-PV1,2021-04-09,OVERLAY,0.5,0.0,9.670078177453995,0.0,0.5,100.0
SS-021974-PV1,2021-04-12,SLURRY,0.0,0.0,0.0,0.0,0.0,
SS-021972-PV1,2021-04-12,SLURRY,0.0,0.0,0.0,0.0,0.0,
SS-021495-PV1,2021-04-12,OVERLAY,0.0,0.0,0.0,0.0,0.0,
SS-026277-PV1,2021-04-12,SLURRY,0.0,0.0,0.0,0.0,0.0,
SS-005673-PV1,2021-04-12,SLURRY,0.0,0.0,0.0,0.0,0.0,
SS-021968-PV1,2021-04-12,SLURRY,0.0,0.0,0.0,0.0,0.0,
SS-021967-PV1,2021-04-12,SLURRY,0.0,0.0,0.0,0.0,0.0,
SS-028829-PV1,2021-04-12,SLURRY,0.0,0.0,0.0,0.0,0.0,
SS-017677-PV1,2021-04-13,SLURRY,0.0,0.0,0.0,0.0,0.0,
SS-028144-PV1,2021-04-13,SLURRY,0.0,0.0,0.0,0.0,0.0,
SS-010429-PV1,2021-04-13,OVERLAY,0.0,0.0,0.0,0.0,0.0,
SS-028828-PV1,2021-04-13,SLURRY,0.0,0.0,0.0,0.0,0.0,
SS-021496-PV1,2021-04-13,OVERLAY,0.0,0.0,0.0,0.0,0.0,
SS-021497-PV1,2021-04-13,OVERLAY,0.0,0.0,0.0,0.0,0.0,
SS-029130-PV1,2021-04-13,SLURRY,0.0,0.0,0.0,0.0,0.0,
SS-021498-PV1,2021-04-13,OVERLAY,0.5,0.0,3.8683081382902578,0.0,0.5,100.0
SS-029129-PV1,2021-04-13,SLURRY,0.0,0.0,0.0,0.0,0.0,
SS-017676-PV1,2021-04-15,SLURRY,0.5,0.0,9.88034305748713,0.0,0.5,100.0
SS-007690-PV1,2021-04-15,OVERLAY,0.0,0.0,0.0,0.0,0.0,
SS-015075-PV1,2021-04-15,SLURRY,0.0,0.0,0.0,0.0,0.0,
SS-022053-PV1,2021-04-15,SLURRY,0.0,0.0,0.0,0.0,0.0,
SS-007691-PV1,2021-04-15,OVERLAY,0.0,0.5,0.0,11.374142954020027,-0.5,
SS-029161-PV1,2021-04-16,SLURRY,0.0,0.0,0.0,0.0,0.0,
SS-015078-PV1,2021-04-16,SLURRY,0.0,0.0,0.0,0.0,0.0,
SS-029160-PV1,2021-04-16,SLURRY,0.0,0.0,0.0,0.0,0.0,
SS-021518-PV1,2021-04-16,SLURRY,0.0,0.0,0.0,0.0,0.0,
SS-015079-PV1,2021-04-16,SLURRY,1.5,1.0,25.134726258394505,16.756484172263004,0.5,33.33333333333333
SS-015077-PV1,2021-04-16,SLURRY,1.5,1.0,10.798533853608149,7.199022569072099,0.5,33.33333333333333
SS-016287-PV1,2021-04-16,SLURRY,0.0,0.0,0.0,0.0,0.0,
SS-016288-PV1,2021-04-16,SLURRY,0.5,0.0,10.27611212639618,0.0,0.5,100.0
SS-016289-PV1,2021-04-16,SLURRY,0.0,1.0,0.0,8.134009031214877,-1.0,
SS-024399-PV1,2021-04-16,SLURRY,0.5,0.5,3.9720607653077806,3.9720607653077806,0.0,0.0
SS-025286-PV1,2021-04-16,SLURRY,1.0,1.5,8.592379470722442,12.888569206083664,-0.5,-50.0
SS-024694-PV1,2021-04-16,SLURRY,0.5,0.0,11.722907760698153,0.0,0.5,100.0
SS-007346-PV1,2021-04-19,SLURRY,0.0,0.0,0.0,0.0,0.0,
SS-009040-PV1,2021-04-19,SLURRY,0.0,0.0,0.0,0.0,0.0,
SS-006249-PV1,2021-04-19,SLURRY,0.0,0.0,0.0,0.0,0.0,
SS-009041-PV1,2021-04-19,SLURRY,0.0,0.0,0.0,0.0,0.0,
SS-007347-PV1,2021-04-19,SLURRY,0.0,1.0,0.0,19.768772752341086,-1.0,
SS-009862-PV1,2021-04-19,SLURRY,0.0,0.0,0.0,0.0,0.0,
SS-009039-PV1,2021-04-19,SLURRY,0.0,0.0,0.0,0.0,0.0,
SS-004386-PV1,2021-04-20,SLURRY,0.0,0.5,0.0,2.7048667622591167,-0.5,
SS-007349-PV1,2021-04-20,SLURRY,0.0,0.0,0.0,0.0,0.0,
SS-002743-PV1,2021-04-20,SLURRY,0.0,0.0,0.0,0.0,0.0,
SS-007987-PV1,2021-04-21,SLURRY,1.5,1.5,16.851063829787233,16.851063829787233,0.0,0.0
SS-007984-PV1,2021-04-21,SLURRY,0.0,0.0,0.0,0.0,0.0,
SS-024401-PV1,2021-04-21,SLURRY,0.0,0.0,0.0,0.0,0.0,
SS-008007-PV1,2021-04-21,SLURRY,1.5,2.5,15.348837209302324,25.58139534883721,-1.0,-66.66666666666666
SS-007985-PV1,2021-04-21,SLURRY,0.0,0.5,0.0,11.0,-0.5,
SS-030214-PV1,2021-04-21,SLURRY,0.0,0.0,0.0,0.0,0.0,
SS-030215-PV1,2021-04-21,SLURRY,0.0,0.0,0.0,0.0,0.0,
SS-025217-PV1,2021-04-21,SLURRY,0.5,0.0,8.683456436677867,0.0,0.5,100.0
SS-007986-PV1,2021-04-21,SLURRY,0.0,0.0,0.0,0.0,0.0,
SS-008003-PV1,2021-04-21,SLURRY,0.0,0.0,0.0,0.0,0.0,
SS-025218-PV1,2021-04-21,SLURRY,0.0,0.0,0.0,0.0,0.0,
SS-024400-PV1,2021-04-21,SLURRY,0.0,0.5,0.0,7.542826971549258,-0.5,
SS-008008-PV1,2021-04-21,SLURRY,0.0,0.0,0.0,0.0,0.0,
SS-015014-PV1,2021-04-22,SLURRY,0.0,0.0,0.0,0.0,0.0,
SS-004177-PV1,2021-04-22,SLURRY,1.0,0.5,5.105969168069357,2.5529845840346783,0.5,50.0
SS-002676-PV1,2021-04-22,SLURRY,0.5,1.0,10.602409638554217,21.204819277108435,-0.5,-100.0
SS-004176-PV1,2021-04-22,SLURRY,0.0,0.5,0.0,2.2779031487351684,-0.5,
SS-004175-PV1,2021-04-22,SLURRY,1.0,1.0,10.91908051415634,10.91908051415634,0.0,0.0
SS-002678-PV1,2021-04-22,SLURRY,0.5,0.5,2.1533442088091355,2.1533442088091355,0.0,0.0
SS-005206-PV1,2021-04-22,SLURRY,0.0,0.0,0.0,0.0,0.0,
SS-011997-PV1,2021-04-22,OVERLAY,5.5,2.5,25.890916327138147,11.76859833051734,3.0,54.54545454545454
SS-011996-PV1,2021-04-22,OVERLAY,3.5,2.0,18.759526321960372,10.719729326834498,1.5,42.857142857142854
SS-011995-PV1,2021-04-22,OVERLAY,2.5,1.0,14.504236940335613,5.801694776134245,1.5,60.0
SS-011994-PV1,2021-04-22,OVERLAY,0.5,0.5,6.41540474764252,6.41540474764252,0.0,0.0
SS-012021-PV1,2021-04-22,OVERLAY,0.0,1.5,0.0,8.664459927912132,-1.5,
SS-024402-PV1,2021-04-22,SLURRY,0.0,1.5,0.0,24.903686877643658,-1.5,
SS-024403-PV1,2021-04-22,SLURRY,0.0,0.5,0.0,3.870551742752575,-0.5,
SS-024404-PV1,2021-04-22,SLURRY,0.0,0.0,0.0,0.0,0.0,
SS-002797-PV1,2021-04-22,SLURRY,0.0,0.0,0.0,0.0,0.0,
SS-002798-PV1,2021-04-22,SLURRY,0.0,0.0,0.0,0.0,0.0,
SS-002799-PV1,2021-04-22,SLURRY,0.0,0.0,0.0,0.0,0.0,
SS-011993-PV1,2021-04-22,OVERLAY,2.0,1.0,7.426160337552742,3.713080168776371,1.0,50.0
SS-023034-PV1,2021-04-23,SLURRY,0.0,0.5,0.0,12.303034935026927,-0.5,
SS-023032-PV1,2021-04-23,SLURRY,0.0,0.0,0.0,0.0,0.0,
SS-023031-PV1,2021-04-23,SLURRY,0.0,0.0,0.0,0.0,0.0,
SS-004174-PV1,2021-04-23,SLURRY,0.5,0.5,4.7341165905322695,4.7341165905322695,0.0,0.0
SS-013930-PV1,2021-04-23,SLURRY,0.0,0.0,0.0,0.0,0.0,
SS-030213-PV1,2021-04-23,SLURRY,0.0,0.0,0.0,0.0,0.0,
SS-027021-PV1,2021-04-23,SLURRY,0.5,0.0,11.045937291711907,0.0,0.5,100.0
SS-004187-PV1,2021-04-23,SLURRY,1.0,1.0,3.3239741636553646,3.3239741636553646,0.0,0.0
SS-027024-PV1,2021-04-23,SLURRY,0.0,0.0,0.0,0.0,0.0,
SS-004173-PV1,2021-04-23,SLURRY,0.0,0.5,0.0,4.245714281119357,-0.5,
SS-014766-PV1,2021-04-27,SLURRY,0.5,0.0,3.9576608245696376,0.0,0.5,100.0
SS-026292-PV1,2021-04-27,SLURRY,0.5,0.0,4.4897959183673475,0.0,0.5,100.0
SS-006824-PV1,2021-04-28,SLURRY,0.0,0.0,0.0,0.0,0.0,
SS-026293-PV1,2021-04-28,SLURRY,0.5,0.0,7.497167263505551,0.0,0.5,100.0
SS-006823-PV1,2021-04-28,SLURRY,0.0,0.0,0.0,0.0,0.0,
SS-005986-PV1,2021-04-28,SLURRY,0.0,0.5,0.0,6.746593353685556,-0.5,
SS-014762-PV1,2021-04-29,SLURRY,1.5,0.5,8.654659419482163,2.8848864731607207,1.0,66.66666666666666
SS-022402-PV1,2021-04-29,SLURRY,0.0,0.0,0.0,0.0,0.0,
SS-019790-PV1,2021-04-29,SLURRY,0.0,0.0,0.0,0.0,0.0,
SS-004393-PV1,2021-04-29,SLURRY,0.5,0.0,6.460636005564957,0.0,0.5,100.0
SS-003842-PV1,2021-04-29,SLURRY,0.0,0.5,0.0,7.217608997515119,-0.5,
SS-019789-PV1,2021-04-29,SLURRY,0.0,0.0,0.0,0.0,0.0,
SS-004392-PV1,2021-04-30,SLURRY,0.0,0.0,0.0,0.0,0.0,
SS-007381-PV1,2021-04-30,SLURRY,3.0,1.0,78.87012569926284,26.29004189975428,2.0,66.66666666666666
SS-007380-PV1,2021-04-30,SLURRY,0.5,0.0,3.7444694611566613,0.0,0.5,100.0
SS-007379-PV1,2021-04-30,SLURRY,1.0,1.5,18.37699784592349,27.565496768885236,-0.5,-50.0
SS-007378-PV1,2021-04-30,SLURRY,1.5,1.0,15.700392113328284,10.46692807555219,0.5,33.33333333333333
SS-003300-PV1,2021-04-30,CONCRETE,2.0,0.5,36.8803163884112,9.2200790971028,1.5,75.0
SS-000842-PV1,2021-04-30,SLURRY,0.0,0.0,0.0,0.0,0.0,
SS-000841-PV1,2021-04-30,SLURRY,0.5,0.0,7.2727272727272725,0.0,0.5,100.0
SS-017425-PV1,2021-04-30,SLURRY,0.0,0.0,0.0,0.0,0.0,
SS-000767-PV1,2021-04-30,SLURRY,0.5,0.0,6.92356774593024,0.0,0.5,100.0
SS-007738-PV1,2021-04-30,SLURRY,0.0,0.0,0.0,0.0,0.0,
SS-003301-PV1,2021-04-30,CONCRETE,0.0,0.0,0.0,0.0,0.0,
SS-022117-PV1,2021-04-30,SLURRY,1.0,0.5,11.52571927146103,5.762859635730515,0.5,50.0
SS-000766-PV1,2021-04-30,SLURRY,0.0,0.0,0.0,0.0,0.0,
SS-015480-PV1,2021-05-04,OVERLAY,0.0,0.0,0.0,0.0,0.0,
SS-012804-PV1,2021-05-04,OVERLAY,0.0,0.0,0.0,0.0,0.0,
SS-012803-PV1,2021-05-04,OVERLAY,0.0,0.0,0.0,0.0,0.0,
SS-012805-PV1,2021-05-04,OVERLAY,0.0,0.0,0.0,0.0,0.0,
SS-013377-PV1,2021-05-04,OVERLAY,0.0,0.0,0.0,0.0,0.0,
SS-026701-PV1,2021-05-04,OVERLAY,0.0,0.0,0.0,0.0,0.0,
SS-026700-PV1,2021-05-04,OVERLAY,0.0,0.0,0.0,0.0,0.0,
SS-013378-PV1,2021-05-04,OVERLAY,0.0,0.0,0.0,0.0,0.0,
SS-013376-PV1,2021-05-04,OVERLAY,0.0,0.0,0.0,0.0,0.0,
SS-002334-PV1,2021-05-04,OVERLAY,0.0,0.0,0.0,0.0,0.0,
SS-023102-PV1,2021-05-06,SLURRY,0.0,0.0,0.0,0.0,0.0,
SS-022041-PV1,2021-05-06,OVERLAY,0.0,0.0,0.0,0.0,0.0,
SS-029919-PV1,2021-05-06,SLURRY,0.5,0.5,9.461826369034883,9.461826369034883,0.0,0.0
SS-029920-PV1,2021-05-06,SLURRY,1.0,0.0,18.787053727415504,0.0,1.0,100.0
SS-014273-PV1,2021-05-06,SLURRY,0.5,0.0,9.428507449413736,0.0,0.5,100.0
SS-027108-PV1,2021-05-06,SLURRY,0.0,0.5,0.0,7.0397709727843525,-0.5,
SS-013065-PV1,2021-05-06,OVERLAY,0.0,0.0,0.0,0.0,0.0,
SS-013063-PV1,2021-05-06,OVERLAY,0.0,0.0,0.0,0.0,0.0,
SS-013061-PV1,2021-05-06,OVERLAY,0.0,0.0,0.0,0.0,0.0,
SS-027110-PV1,2021-05-06,SLURRY,0.0,0.0,0.0,0.0,0.0,
SS-027109-PV1,2021-05-06,SLURRY,0.5,0.0,6.769143985333522,0.0,0.5,100.0
SS-023104-PV1,2021-05-06,SLURRY,1.0,0.5,3.080290214676393,1.5401451073381964,0.5,50.0
SS-012411-PV1,2021-05-06,OVERLAY,0.0,0.0,0.0,0.0,0.0,
SS-023107-PV1,2021-05-06,SLURRY,0.0,0.0,0.0,0.0,0.0,
SS-023101-PV1,2021-05-06,SLURRY,0.5,0.5,3.885169689201142,3.885169689201142,0.0,0.0
SS-023100-PV1,2021-05-06,SLURRY,0.5,0.0,5.196850393700788,0.0,0.5,100.0
SS-025567-PV1,2021-05-06,SLURRY,0.0,0.5,0.0,7.0036148202856525,-0.5,
SS-025566-PV1,2021-05-06,SLURRY,0.5,0.0,15.205498861315483,0.0,0.5,100.0
SS-013064-PV1,2021-05-06,OVERLAY,0.0,0.0,0.0,0.0,0.0,
SS-013062-PV1,2021-05-06,OVERLAY,0.0,0.0,0.0,0.0,0.0,
SS-029606-PV1,2021-05-07,OVERLAY,1.0,0.0,13.891662397874576,0.0,1.0,100.0
SS-005523-PV1,2021-05-07,SLURRY,0.0,0.0,0.0,0.0,0.0,
SS-014277-PV1,2021-05-07,SLURRY,0.5,0.0,9.530125122601088,0.0,0.5,100.0
SS-022367-PV1,2021-05-07,SLURRY,0.0,0.0,0.0,0.0,0.0,
SS-011589-PV1,2021-05-07,SLURRY,1.0,1.0,14.079939925589652,14.079939925589652,0.0,0.0
SS-028648-PV1,2021-05-07,SLURRY,0.5,0.0,3.098508631459158,0.0,0.5,100.0
SS-012050-PV1,2021-05-10,SLURRY,0.0,0.0,0.0,0.0,0.0,
SS-012161-PV1,2021-05-10,OVERLAY,0.5,0.0,2.17085357715966,0.0,0.5,100.0
SS-004201-PV1,2021-05-12,SLURRY,0.5,0.5,1.999278896452575,1.999278896452575,0.0,0.0
SS-004194-PV1,2021-05-12,SLURRY,0.0,0.0,0.0,0.0,0.0,
SS-004199-PV1,2021-05-12,SLURRY,2.5,2.5,12.694275304979964,12.694275304979964,0.0,0.0
SS-005391-PV1,2021-05-13,SLURRY,1.0,0.0,8.213020996926623,0.0,1.0,100.0
SS-031545-PV1,2021-05-13,SLURRY,0.0,0.0,0.0,0.0,0.0,
SS-031546-PV1,2021-05-13,SLURRY,0.0,0.0,0.0,0.0,0.0,
SS-006541-PV1,2021-05-14,OVERLAY,5.0,0.0,14.039521252325295,0.0,5.0,100.0
SS-021745-PV1,2021-05-14,SLURRY,2.0,1.5,14.58992568394767,10.942444262960752,0.5,25.0
SS-030558-PV1,2021-05-17,SLURRY,0.0,0.0,0.0,0.0,0.0,
SS-001923-PV1,2021-05-17,SLURRY,1.5,2.0,4.499788305413813,5.999717740551751,-0.5,-33.33333333333333
SS-030556-PV1,2021-05-17,SLURRY,0.0,0.0,0.0,0.0,0.0,
SS-030557-PV1,2021-05-17,SLURRY,0.0,0.0,0.0,0.0,0.0,
SS-014948-PV1,2021-05-19,OVERLAY,0.5,0.5,2.9257546535291414,2.9257546535291414,0.0,0.0
SS-016870-PV1,2021-05-25,SLURRY,0.0,0.5,0.0,5.52874949738641,-0.5,
SS-031696-PV1,2021-05-25,SLURRY,0.0,0.0,0.0,0.0,0.0,
SS-031704-PV1,2021-05-25,SLURRY,0.0,0.0,0.0,0.0,0.0,
SS-031698-PV1,2021-05-25,SLURRY,0.0,0.0,0.0,0.0,0.0,
SS-031929-PV1,2021-05-25,SLURRY,0.0,0.0,0.0,0.0,0.0,
SS-026549-PV1,2021-05-25,SLURRY,0.0,0.0,0.0,0.0,0.0,
SS-031697-PV1,2021-05-25,SLURRY,0.0,0.0,0.0,0.0,0.0,
SS-019832-PV1,2021-05-25,SLURRY,0.0,0.0,0.0,0.0,0.0,
SS-004107-PV1,2021-05-25,SLURRY,0.0,0.0,0.0,0.0,0.0,
SS-010965-PV1,2021-05-25,SLURRY,0.0,0.5,0.0,4.480222110405231,-0.5,
SS-012580-PV1,2021-05-25,SLURRY,0.0,0.0,0.0,0.0,0.0,
SS-026709-PV1,2021-05-25,SLURRY,0.0,0.0,0.0,0.0,0.0,
SS-031646-PV1,2021-05-25,SLURRY,0.5,0.0,2.551388738286081,0.0,0.5,100.0
SS-015962-PV1,2021-05-25,SLURRY,0.0,0.0,0.0,0.0,0.0,
SS-015967-PV1,2021-05-25,SLURRY,0.0,0.0,0.0,0.0,0.0,
SS-028933-PV1,2021-05-25,SLURRY,0.0,0.0,0.0,0.0,0.0,
SS-022553-PV1,2021-05-25,SLURRY,0.0,0.0,0.0,0.0,0.0,
SS-031708-PV1,2021-05-25,SLURRY,0.0,0.0,0.0,0.0,0.0,
SS-026693-PV1,2021-05-25,SLURRY,0.0,0.5,0.0,4.662071347704169,-0.5,
SS-012583-PV1,2021-05-25,SLURRY,0.0,0.0,0.0,0.0,0.0,
SS-011301-PV1,2021-05-26,SLURRY,0.0,0.0,0.0,0.0,0.0,
SS-018658-PV1,2021-05-26,SLURRY,1.0,0.0,8.845993267663003,0.0,1.0,100.0
SS-011300-PV1,2021-05-26,SLURRY,2.0,1.0,18.676309490501083,9.338154745250542,1.0,50.0
SS-011298-PV1,2021-05-26,SLURRY,0.0,0.5,0.0,6.245372155576005,-0.5,
SS-011302-PV1,2021-05-26,SLURRY,0.5,0.0,5.922781733154005,0.0,0.5,100.0
SS-012918-PV1,2021-05-27,SLURRY,0.5,0.0,9.077043469411052,0.0,0.5,100.0
SS-008268-PV1,2021-05-27,SLURRY,0.0,0.0,0.0,0.0,0.0,
SS-012916-PV1,2021-05-27,SLURRY,0.0,0.0,0.0,0.0,0.0,
SS-031643-PV1,2021-05-27,SLURRY,0.0,0.5,0.0,7.795210374716352,-0.5,
SS-008327-PV1,2021-05-27,SLURRY,0.0,0.0,0.0,0.0,0.0,
SS-012915-PV1,2021-05-27,SLURRY,0.0,0.0,0.0,0.0,0.0,
SS-031645-PV1,2021-05-27,SLURRY,0.5,0.0,2.1689781894454563,0.0,0.5,100.0
SS-031644-PV1,2021-05-27,SLURRY,0.0,0.0,0.0,0.0,0.0,
SS-031647-PV1,2021-05-27,SLURRY,0.0,0.0,0.0,0.0,0.0,
SS-010963-PV1,2021-05-27,SLURRY,0.0,0.0,0.0,0.0,0.0,
SS-031642-PV1,2021-05-27,SLURRY,0.0,0.0,0.0,0.0,0.0,
SS-010964-PV1,2021-05-27,SLURRY,0.0,0.0,0.0,0.0,0.0,
SS-008267-PV1,2021-05-27,SLURRY,0.0,0.0,0.0,0.0,0.0,
SS-022964-PV1,2021-05-27,OVERLAY,1.5,1.0,86.82858590000241,57.88572393333494,0.5,33.33333333333333
SS-018484-PV1,2021-05-27,OVERLAY,0.5,1.0,17.55635490171434,35.11270980342868,-0.5,-100.0
SS-018506-PV1,2021-05-27,OVERLAY,0.0,0.0,0.0,0.0,0.0,
SS-018507-PV1,2021-05-27,OVERLAY,0.0,0.0,0.0,0.0,0.0,
SS-018508-PV1,2021-05-27,OVERLAY,0.0,0.0,0.0,0.0,0.0,
SS-031705-PV1,2021-05-27,SLURRY,0.0,0.0,0.0,0.0,0.0,
SS-018509-PV1,2021-05-27,OVERLAY,0.0,0.0,0.0,0.0,0.0,
SS-031703-PV1,2021-05-27,SLURRY,0.0,0.0,0.0,0.0,0.0,
SS-012581-PV1,2021-05-27,SLURRY,0.0,0.0,0.0,0.0,0.0,
SS-018510-PV1,2021-05-27,OVERLAY,0.0,0.0,0.0,0.0,0.0,
SS-020865-PV1,2021-05-27,OVERLAY,0.0,0.0,0.0,0.0,0.0,
SS-018511-PV1,2021-05-27,OVERLAY,0.0,0.0,0.0,0.0,0.0,
SS-018512-PV1,2021-05-27,OVERLAY,5.0,1.0,199.76406653051433,39.95281330610287,4.0,80.0
SS-018485-PV1,2021-05-27,OVERLAY,0.0,0.0,0.0,0.0,0.0,
SS-018513-PV1,2021-05-27,OVERLAY,0.0,0.5,0.0,19.400737668957277,-0.5,
SS-018514-PV1,2021-05-27,OVERLAY,0.0,0.0,0.0,0.0,0.0,
SS-031707-PV1,2021-05-27,SLURRY,0.0,0.0,0.0,0.0,0.0,
SS-015963-PV1,2021-05-27,SLURRY,0.0,0.0,0.0,0.0,0.0,
SS-022962-PV1,2021-05-27,OVERLAY,0.0,0.0,0.0,0.0,0.0,
SS-022481-PV1,2021-05-27,SLURRY,0.0,0.0,0.0,0.0,0.0,
SS-012584-PV1,2021-05-27,SLURRY,0.0,0.0,0.0,0.0,0.0,
SS-020866-PV1,2021-05-27,OVERLAY,0.5,0.0,18.57497570829408,0.0,0.5,100.0
SS-026159-PV1,2021-06-01,OVERLAY,0.0,0.0,0.0,0.0,0.0,
SS-022480-PV1,2021-06-01,OVERLAY,0.0,0.0,0.0,0.0,0.0,
SS-026160-PV1,2021-06-01,OVERLAY,0.0,0.0,0.0,0.0,0.0,
SS-026162-PV1,2021-06-01,OVERLAY,0.0,0.0,0.0,0.0,0.0,
SS-011393-PV1,2021-06-01,OVERLAY,0.0,0.0,0.0,0.0,0.0,
SS-026163-PV1,2021-06-01,OVERLAY,0.0,0.0,0.0,0.0,0.0,
SS-019753-PV1,2021-06-01,OVERLAY,0.0,0.0,0.0,0.0,0.0,
SS-011394-PV1,2021-06-01,OVERLAY,0.0,0.0,0.0,0.0,0.0,
SS-026161-PV1,2021-06-01,OVERLAY,0.0,0.0,0.0,0.0,0.0,
SS-026164-PV1,2021-06-01,OVERLAY,0.0,0.0,0.0,0.0,0.0,
SS-022479-PV1,2021-06-01,OVERLAY,0.0,0.0,0.0,0.0,0.0,
SS-011623-PV1,2021-06-01,SLURRY,0.0,0.0,0.0,0.0,0.0,
SS-009877-PV1,2021-06-01,OVERLAY,0.0,0.0,0.0,0.0,0.0,
SS-011624-PV1,2021-06-01,SLURRY,0.0,0.0,0.0,0.0,0.0,
SS-014887-PV1,2021-06-01,OVERLAY,0.0,0.0,0.0,0.0,0.0,
SS-014886-PV1,2021-06-01,OVERLAY,1.0,0.0,27.920538570267478,0.0,1.0,100.0
SS-019717-PV1,2021-06-09,OVERLAY,0.5,1.0,2.722334277900833,5.444668555801666,-0.5,-100.0
SS-027927-PV1,2021-06-09,OVERLAY,0.0,0.0,0.0,0.0,0.0,
SS-010825-PV1,2021-06-09,OVERLAY,0.0,0.0,0.0,0.0,0.0,
SS-006939-PV1,2021-06-10,SLURRY,0.0,0.0,0.0,0.0,0.0,
SS-004373-PV1,2021-06-10,SLURRY,0.0,0.0,0.0,0.0,0.0,
SS-018670-PV1,2021-06-10,SLURRY,0.0,0.0,0.0,0.0,0.0,
SS-008353-PV1,2021-06-10,SLURRY,0.0,0.0,0.0,0.0,0.0,
SS-006365-PV1,2021-06-10,SLURRY,0.0,0.0,0.0,0.0,0.0,
SS-018880-PV1,2021-06-10,SLURRY,0.0,0.0,0.0,0.0,0.0,
SS-031700-PV1,2021-06-10,SLURRY,0.0,0.0,0.0,0.0,0.0,
SS-031701-PV1,2021-06-10,SLURRY,0.0,0.0,0.0,0.0,0.0,
SS-023876-PV1,2021-06-10,SLURRY,0.0,0.0,0.0,0.0,0.0,
SS-021451-PV1,2021-06-10,SLURRY,0.0,0.0,0.0,0.0,0.0,
SS-018881-PV1,2021-06-10,SLURRY,0.0,0.0,0.0,0.0,0.0,
SS-018669-PV1,2021-06-10,SLURRY,0.0,0.0,0.0,0.0,0.0,
SS-006936-PV1,2021-06-10,SLURRY,0.0,0.0,0.0,0.0,0.0,
SS-031640-PV1,2021-06-10,SLURRY,0.0,0.0,0.0,0.0,0.0,
SS-031641-PV1,2021-06-10,SLURRY,0.0,0.0,0.0,0.0,0.0,
SS-031702-PV1,2021-06-10,SLURRY,0.0,0.0,0.0,0.0,0.0,
SS-008344-PV1,2021-06-10,SLURRY,0.0,0.0,0.0,0.0,0.0,
SS-008345-PV1,2021-06-10,SLURRY,0.0,0.0,0.0,0.0,0.0,
SS-031706-PV1,2021-06-10,SLURRY,0.0,0.0,0.0,0.0,0.0,
SS-011669-PV1,2021-06-10,SLURRY,0.0,0.0,0.0,0.0,0.0,
SS-008542-PV1,2021-06-10,SLURRY,0.0,0.0,0.0,0.0,0.0,
SS-005491-PV1,2021-06-10,SLURRY,0.0,0.0,0.0,0.0,0.0,
SS-015163-PV1,2021-06-10,SLURRY,0.0,0.0,0.0,0.0,0.0,
SS-005489-PV1,2021-06-11,SLURRY,0.0,0.0,0.0,0.0,0.0,
SS-007929-PV1,2021-06-11,SLURRY,0.0,0.0,0.0,0.0,0.0,
SS-005490-PV1,2021-06-11,SLURRY,0.0,0.0,0.0,0.0,0.0,
SS-006935-PV1,2021-06-11,SLURRY,0.0,0.0,0.0,0.0,0.0,
SS-015162-PV1,2021-06-11,SLURRY,0.0,0.0,0.0,0.0,0.0,
SS-031693-PV1,2021-06-11,SLURRY,0.0,0.0,0.0,0.0,0.0,
SS-031694-PV1,2021-06-11,SLURRY,0.0,0.0,0.0,0.0,0.0,
SS-031695-PV1,2021-06-11,SLURRY,0.0,0.0,0.0,0.0,0.0,
SS-005939-PV1,2021-06-11,SLURRY,0.0,0.0,0.0,0.0,0.0,
SS-031699-PV1,2021-06-11,SLURRY,0.0,0.0,0.0,0.0,0.0,
SS-029010-PV1,2021-06-11,SLURRY,0.0,0.0,0.0,0.0,0.0,
SS-026510-PV1,2021-06-11,SLURRY,0.0,0.0,0.0,0.0,0.0,
SS-025751-PV1,2021-06-14,SLURRY,0.0,0.0,0.0,0.0,0.0,
SS-005911-PV1,2021-06-14,SLURRY,0.0,0.0,0.0,0.0,0.0,
SS-018879-PV1,2021-06-14,SLURRY,0.0,0.0,0.0,0.0,0.0,
SS-026511-PV1,2021-06-14,SLURRY,0.0,0.0,0.0,0.0,0.0,
SS-008343-PV1,2021-06-14,SLURRY,0.0,0.0,0.0,0.0,0.0,
SS-031692-PV1,2021-06-14,SLURRY,0.0,0.0,0.0,0.0,0.0,
SS-031691-PV1,2021-06-14,SLURRY,0.0,0.5,0.0,2.6221640401985695,-0.5,
SS-006351-PV1,2021-06-14,SLURRY,0.0,0.0,0.0,0.0,0.0,
SS-006361-PV1,2021-06-14,SLURRY,0.0,0.0,0.0,0.0,0.0,
SS-011668-PV1,2021-06-14,SLURRY,0.0,0.0,0.0,0.0,0.0,
SS-005938-PV1,2021-06-14,SLURRY,0.0,0.0,0.0,0.0,0.0,
SS-007928-PV1,2021-06-14,SLURRY,0.0,0.0,0.0,0.0,0.0,
SS-006362-PV1,2021-06-14,SLURRY,0.0,0.0,0.0,0.0,0.0,
SS-012585-PV1,2021-06-14,SLURRY,0.0,0.0,0.0,0.0,0.0,
SS-031271-PV1,2021-06-14,SLURRY,0.0,0.0,0.0,0.0,0.0,
SS-006488-PV1,2021-06-14,SLURRY,0.0,0.0,0.0,0.0,0.0,
SS-005488-PV1,2021-06-14,SLURRY,0.0,0.0,0.0,0.0,0.0,
SS-006357-PV1,2021-06-14,SLURRY,0.5,0.0,9.382603373898878,0.0,0.5,100.0
SS-006360-PV1,2021-06-15,SLURRY,0.0,0.0,0.0,0.0,0.0,
SS-012582-PV1,2021-06-15,SLURRY,0.0,0.0,0.0,0.0,0.0,
SS-013360-PV1,2021-06-15,SLURRY,0.0,0.0,0.0,0.0,0.0,
SS-007358-PV1,2021-06-15,SLURRY,0.0,0.0,0.0,0.0,0.0,
SS-017853-PV1,2021-06-15,SLURRY,0.0,0.0,0.0,0.0,0.0,
SS-008352-PV1,2021-06-15,SLURRY,0.0,0.0,0.0,0.0,0.0,
SS-005942-PV1,2021-06-15,SLURRY,0.0,0.0,0.0,0.0,0.0,
SS-026657-PV1,2021-06-15,SLURRY,1.5,0.5,8.689817936245044,2.896605978748348,1.0,66.66666666666666
SS-018075-PV1,2021-06-15,SLURRY,0.0,0.0,0.0,0.0,0.0,
SS-018074-PV1,2021-06-15,SLURRY,0.0,0.0,0.0,0.0,0.0,
SS-013361-PV1,2021-06-15,SLURRY,0.0,0.0,0.0,0.0,0.0,
SS-016040-PV1,2021-06-15,SLURRY,0.0,0.0,0.0,0.0,0.0,
SS-013362-PV1,2021-06-15,SLURRY,0.0,0.0,0.0,0.0,0.0,
SS-022653-PV1,2021-06-15,SLURRY,0.0,0.0,0.0,0.0,0.0,
SS-006359-PV1,2021-06-15,SLURRY,0.0,0.0,0.0,0.0,0.0,
SS-005941-PV1,2021-06-15,SLURRY,0.0,0.0,0.0,0.0,0.0,
SS-020936-PV1,2021-06-16,OVERLAY,3.5,1.5,16.4170761755888,7.035889789538057,2.0,57.14285714285714
SS-025875-PV1,2021-06-16,SLURRY,0.0,0.0,0.0,0.0,0.0,
SS-006381-PV1,2021-06-16,SLURRY,1.0,0.0,20.194695220741792,0.0,1.0,100.0
SS-020917-PV1,2021-06-16,OVERLAY,1.5,0.0,20.897031460586405,0.0,1.5,100.0
SS-006355-PV1,2021-06-16,SLURRY,0.0,0.0,0.0,0.0,0.0,
SS-006380-PV1,2021-06-16,SLURRY,0.0,0.0,0.0,0.0,0.0,
SS-020935-PV1,2021-06-16,OVERLAY,1.0,2.5,6.93827745172838,17.345693629320948,-1.5,-150.0
SS-025877-PV1,2021-06-16,SLURRY,0.0,0.0,0.0,0.0,0.0,
SS-020919-PV1,2021-06-16,OVERLAY,0.5,0.5,6.7843877873824265,6.7843877873824265,0.0,0.0
SS-020918-PV1,2021-06-16,OVERLAY,0.0,0.5,0.0,7.115801310655132,-0.5,
SS-020914-PV1,2021-06-16,OVERLAY,2.0,1.0,13.934457379561952,6.967228689780976,1.0,50.0
SS-006366-PV1,2021-06-16,SLURRY,0.0,0.0,0.0,0.0,0.0,
SS-020915-PV1,2021-06-16,OVERLAY,1.0,0.0,13.934461057008045,0.0,1.0,100.0
SS-020916-PV1,2021-06-16,OVERLAY,4.0,0.5,21.438368345274668,2.6797960431593335,3.5,87.5
SS-025876-PV1,2021-06-16,SLURRY,0.0,0.0,0.0,0.0,0.0,
SS-006387-PV1,2021-06-16,SLURRY,1.0,0.5,6.757142414710913,3.3785712073554564,0.5,50.0
SS-006937-PV1,2021-06-16,SLURRY,0.0,0.0,0.0,0.0,0.0,
SS-006353-PV1,2021-06-16,SLURRY,0.0,0.0,0.0,0.0,0.0,
SS-006938-PV1,2021-06-16,SLURRY,0.0,0.0,0.0,0.0,0.0,
SS-008351-PV1,2021-06-16,SLURRY,0.0,0.0,0.0,0.0,0.0,
SS-005943-PV1,2021-06-16,SLURRY,0.0,0.0,0.0,0.0,0.0,
SS-021813-PV1,2021-06-16,SLURRY,0.0,0.0,0.0,0.0,0.0,
SS-021933-PV1,2021-06-16,SLURRY,0.0,0.0,0.0,0.0,0.0,
SS-005940-PV1,2021-06-17,SLURRY,0.0,0.0,0.0,0.0,0.0,
SS-006354-PV1,2021-06-17,SLURRY,0.0,0.0,0.0,0.0,0.0,
SS-006358-PV1,2021-06-17,SLURRY,0.0,0.0,0.0,0.0,0.0,
SS-006363-PV1,2021-06-17,SLURRY,0.0,0.0,0.0,0.0,0.0,
SS-006356-PV1,2021-06-17,SLURRY,0.0,0.0,0.0,0.0,0.0,
SS-006352-PV1,2021-06-17,SLURRY,0.0,0.0,0.0,0.0,0.0,
SS-017011-PV1,2021-06-17,SLURRY,0.0,0.0,0.0,0.0,0.0,
SS-010848-PV1,2021-06-17,SLURRY,0.0,0.0,0.0,0.0,0.0,
SS-006367-PV1,2021-06-17,SLURRY,0.0,0.0,0.0,0.0,0.0,
SS-006410-PV1,2021-06-17,SLURRY,0.0,0.0,0.0,0.0,0.0,
SS-006382-PV1,2021-06-17,SLURRY,0.0,0.5,0.0,5.324764227911204,-0.5,
SS-006388-PV1,2021-06-17,SLURRY,0.0,0.5,0.0,5.152441017724202,-0.5,
SS-011403-PV1,2021-06-17,SLURRY,0.0,0.0,0.0,0.0,0.0,
SS-006364-PV1,2021-06-17,SLURRY,0.0,0.0,0.0,0.0,0.0,
SS-016809-PV1,2021-06-17,SLURRY,0.0,0.0,0.0,0.0,0.0,
SS-020294-PV1,2021-06-17,SLURRY,0.0,0.0,0.0,0.0,0.0,
SS-020295-PV1,2021-06-17,SLURRY,0.0,0.0,0.0,0.0,0.0,
SS-009247-PV1,2021-06-18,SLURRY,0.0,0.0,0.0,0.0,0.0,
SS-014917-PV1,2021-06-18,SLURRY,0.0,0.5,0.0,5.919455051380421,-0.5,
SS-009246-PV1,2021-06-18,SLURRY,0.0,0.0,0.0,0.0,0.0,
SS-016087-PV1,2021-06-18,SLURRY,0.0,0.0,0.0,0.0,0.0,
SS-008167-PV1,2021-06-18,SLURRY,0.0,0.0,0.0,0.0,0.0,
SS-014919-PV1,2021-06-18,SLURRY,0.0,0.5,0.0,1.6828123159424029,-0.5,
SS-004980-PV1,2021-06-18,SLURRY,0.0,0.0,0.0,0.0,0.0,
SS-000656-PV1,2021-06-22,OVERLAY,4.0,0.5,31.058823529411764,3.8823529411764706,3.5,87.5
SS-027219-PV1,2021-06-22,OVERLAY,5.0,4.0,93.97776927389714,75.18221541911771,1.0,20.0
SS-000657-PV1,2021-06-22,OVERLAY,3.0,2.5,22.94377298179533,19.119810818162776,0.5,16.666666666666664
SS-000661-PV1,2021-06-23,OVERLAY,1.0,0.5,13.931398416886545,6.965699208443272,0.5,50.0
SS-000092-PV1,2021-06-23,OVERLAY,1.0,0.5,13.714285714285714,6.857142857142857,0.5,50.0
SS-000662-PV1,2021-06-23,OVERLAY,0.0,0.0,0.0,0.0,0.0,
SS-000660-PV1,2021-06-23,OVERLAY,4.0,3.5,55.57894736842105,48.63157894736842,0.5,12.5
SS-000658-PV1,2021-06-23,OVERLAY,0.0,1.0,0.0,13.266331658291458,-1.0,
SS-000659-PV1,2021-06-23,OVERLAY,0.0,0.0,0.0,0.0,0.0,
SS-023297-PV1,2021-06-25,SLURRY,0.0,0.0,0.0,0.0,0.0,
SS-009389-PV1,2021-06-25,SLURRY,0.0,0.0,0.0,0.0,0.0,
SS-009388-PV1,2021-06-25,SLURRY,0.0,0.0,0.0,0.0,0.0,
SS-023802-PV1,2021-06-25,SLURRY,0.0,0.0,0.0,0.0,0.0,
SS-020988-PV1,2021-06-25,SLURRY,0.5,0.0,2.5075563881993634,0.0,0.5,100.0
SS-021861-PV1,2021-06-25,SLURRY,0.0,0.0,0.0,0.0,0.0,
SS-020143-PV1,2021-06-25,SLURRY,0.0,0.0,0.0,0.0,0.0,
SS-023913-PV1,2021-06-25,SLURRY,0.0,0.0,0.0,0.0,0.0,
SS-020142-PV1,2021-06-25,SLURRY,0.0,0.0,0.0,0.0,0.0,
SS-000676-PV1,2021-06-25,OVERLAY,0.0,0.0,0.0,0.0,0.0,
SS-020990-PV1,2021-06-25,SLURRY,0.0,0.0,0.0,0.0,0.0,
SS-001833-PV1,2021-06-25,SLURRY,0.0,0.0,0.0,0.0,0.0,
SS-023949-PV1,2021-06-25,SLURRY,0.0,0.0,0.0,0.0,0.0,
SS-020987-PV1,2021-06-25,SLURRY,0.0,0.0,0.0,0.0,0.0,
SS-023298-PV1,2021-06-25,SLURRY,0.0,0.0,0.0,0.0,0.0,
SS-001832-PV1,2021-06-25,SLURRY,0.5,0.0,4.971144764254758,0.0,0.5,100.0
SS-000674-PV1,2021-06-25,OVERLAY,1.5,0.0,36.042333358817814,0.0,1.5,100.0
SS-007204-PV1,2021-06-25,SLURRY,0.0,0.0,0.0,0.0,0.0,
SS-000668-PV1,2021-06-25,OVERLAY,0.0,0.5,0.0,8.023723475743282,-0.5,
SS-000692-PV1,2021-06-25,OVERLAY,0.0,0.0,0.0,0.0,0.0,
SS-000669-PV1,2021-06-25,OVERLAY,0.0,0.5,0.0,8.048630802902752,-0.5,
SS-000670-PV1,2021-06-25,OVERLAY,0.5,0.0,3.034084840137633,0.0,0.5,100.0
SS-009380-PV1,2021-06-25,SLURRY,0.0,0.0,0.0,0.0,0.0,
SS-000667-PV1,2021-06-25,OVERLAY,1.0,1.5,16.194416422855845,24.291624634283764,-0.5,-50.0
SS-023299-PV1,2021-06-25,SLURRY,0.0,0.0,0.0,0.0,0.0,
SS-009871-PV1,2021-06-25,SLURRY,0.0,0.0,0.0,0.0,0.0,
SS-020989-PV1,2021-06-25,SLURRY,0.0,0.0,0.0,0.0,0.0,
SS-009870-PV1,2021-06-25,SLURRY,0.0,0.0,0.0,0.0,0.0,
SS-012377-PV1,2021-06-28,SLURRY,0.0,0.0,0.0,0.0,0.0,
SS-014935-PV1,2021-06-28,SLURRY,0.0,0.0,0.0,0.0,0.0,
SS-002186-PV1,2021-06-28,SLURRY,0.0,0.0,0.0,0.0,0.0,
SS-012379-PV1,2021-06-28,SLURRY,0.0,0.0,0.0,0.0,0.0,
SS-009872-PV1,2021-06-28,SLURRY,0.0,0.0,0.0,0.0,0.0,
SS-021859-PV1,2021-06-28,SLURRY,0.0,0.0,0.0,0.0,0.0,
SS-023911-PV1,2021-06-28,SLURRY,0.0,0.0,0.0,0.0,0.0,
SS-023910-PV1,2021-06-28,SLURRY,0.0,0.0,0.0,0.0,0.0,
SS-002189-PV1,2021-06-28,SLURRY,0.0,0.0,0.0,0.0,0.0,
SS-021860-PV1,2021-06-28,SLURRY,0.0,0.0,0.0,0.0,0.0,
SS-020728-PV1,2021-06-28,SLURRY,0.5,0.0,2.19554615166916,0.0,0.5,100.0
SS-012376-PV1,2021-06-28,SLURRY,0.0,0.0,0.0,0.0,0.0,
SS-021864-PV1,2021-06-28,SLURRY,0.0,0.0,0.0,0.0,0.0,
SS-012378-PV1,2021-06-28,SLURRY,0.0,0.0,0.0,0.0,0.0,
SS-023951-PV1,2021-06-29,SLURRY,0.0,0.0,0.0,0.0,0.0,
SS-021858-PV1,2021-06-29,SLURRY,0.0,0.0,0.0,0.0,0.0,
SS-023950-PV1,2021-06-29,SLURRY,0.0,0.0,0.0,0.0,0.0,
SS-023952-PV1,2021-06-29,SLURRY,0.0,0.0,0.0,0.0,0.0,
SS-014936-PV1,2021-06-29,SLURRY,0.0,0.0,0.0,0.0,0.0,
SS-002429-PV1,2021-06-29,SLURRY,0.5,0.0,3.8917733218938784,0.0,0.5,100.0
SS-011483-PV1,2021-06-29,SLURRY,0.0,0.0,0.0,0.0,0.0,
SS-023915-PV1,2021-06-29,SLURRY,0.0,0.0,0.0,0.0,0.0,
SS-020145-PV1,2021-06-29,SLURRY,0.0,0.0,0.0,0.0,0.0,
SS-023914-PV1,2021-06-29,SLURRY,0.0,0.0,0.0,0.0,0.0,
SS-023912-PV1,2021-06-29,SLURRY,0.0,0.0,0.0,0.0,0.0,
SS-017050-PV1,2021-06-29,OVERLAY,0.0,1.0,0.0,19.70149253731343,-1.0,
SS-017049-PV1,2021-06-29,OVERLAY,0.0,0.0,0.0,0.0,0.0,
SS-021862-PV1,2021-06-29,SLURRY,0.0,0.0,0.0,0.0,0.0,
SS-002427-PV1,2021-06-29,SLURRY,0.0,0.0,0.0,0.0,0.0,
SS-017048-PV1,2021-06-29,OVERLAY,0.0,0.0,0.0,0.0,0.0,
SS-017047-PV1,2021-06-29,OVERLAY,0.0,0.0,0.0,0.0,0.0,
SS-020141-PV1,2021-06-29,SLURRY,0.0,0.0,0.0,0.0,0.0,
SS-002428-PV1,2021-06-30,SLURRY,0.0,0.0,0.0,0.0,0.0,
SS-009386-PV1,2021-06-30,SLURRY,0.0,0.0,0.0,0.0,0.0,
SS-009381-PV1,2021-06-30,SLURRY,0.0,0.0,0.0,0.0,0.0,
SS-002430-PV1,2021-06-30,SLURRY,0.0,0.0,0.0,0.0,0.0,
SS-009382-PV1,2021-06-30,SLURRY,0.0,0.0,0.0,0.0,0.0,
SS-009383-PV1,2021-06-30,SLURRY,0.0,0.0,0.0,0.0,0.0,
SS-009384-PV1,2021-06-30,SLURRY,0.0,0.0,0.0,0.0,0.0,
SS-009385-PV1,2021-06-30,SLURRY,0.0,0.0,0.0,0.0,0.0,
SS-003601-PV1,2021-06-30,SLURRY,0.0,0.0,0.0,0.0,0.0,
SS-024144-PV1,2021-06-30,SLURRY,0.0,0.0,0.0,0.0,0.0,
SS-016370-PV1,2021-06-30,SLURRY,0.0,0.0,0.0,0.0,0.0,
SS-009387-PV1,2021-06-30,SLURRY,0.0,0.0,0.0,0.0,0.0,
SS-021863-PV1,2021-06-30,SLURRY,0.0,0.0,0.0,0.0,0.0,
SS-024145-PV1,2021-06-30,SLURRY,0.0,0.5,0.0,10.67705468593282,-0.5,
SS-014314-PV1,2021-06-30,SLURRY,0.0,0.0,0.0,0.0,0.0,
SS-004288-PV1,2021-06-30,SLURRY,0.0,0.0,0.0,0.0,0.0,
SS-006153-PV1,2021-06-30,SLURRY,0.0,0.0,0.0,0.0,0.0,
SS-002187-PV1,2021-06-30,SLURRY,0.0,0.0,0.0,0.0,0.0,
SS-014315-PV1,2021-06-30,SLURRY,0.0,0.0,0.0,0.0,0.0,
SS-024146-PV1,2021-06-30,SLURRY,0.0,0.0,0.0,0.0,0.0,
SS-011482-PV1,2021-06-30,SLURRY,0.0,0.0,0.0,0.0,0.0,
SS-020139-PV1,2021-06-30,SLURRY,0.0,0.0,0.0,0.0,0.0,
SS-020138-PV1,2021-06-30,SLURRY,0.0,0.0,0.0,0.0,0.0,
SS-003600-PV1,2021-06-30,SLURRY,0.0,0.0,0.0,0.0,0.0,
SS-019948-PV1,2021-07-02,OVERLAY,1.5,2.0,21.176470588235293,28.235294117647058,-0.5,-33.33333333333333
SS-019939-PV1,2021-07-02,OVERLAY,0.5,1.5,6.875,20.625,-1.0,-200.0
SS-016948-PV1,2021-07-02,OVERLAY,0.0,0.5,0.0,7.127225840729181,-0.5,
SS-017589-PV1,2021-07-08,SLURRY,3.0,0.5,33.60870974805349,5.601451624675582,2.5,83.33333333333334
SS-017587-PV1,2021-07-08,SLURRY,0.0,2.0,0.0,37.710420396195104,-2.0,
SS-017586-PV1,2021-07-08,SLURRY,0.5,2.0,9.496409709647272,37.98563883858909,-1.5,-300.0
SS-014285-PV1,2021-07-14,SLURRY,1.5,0.0,28.28552234824121,0.0,1.5,100.0
SS-014284-PV1,2021-07-14,SLURRY,0.0,1.5,0.0,28.592057761732853,-1.5,
SS-014283-PV1,2021-07-14,SLURRY,1.0,1.0,18.723390976318456,18.723390976318456,0.0,0.0
SS-011887-PV1,2021-07-14,OVERLAY,0.0,0.5,0.0,9.905808518470018,-0.5,
SS-014288-PV1,2021-07-14,SLURRY,0.0,0.0,0.0,0.0,0.0,
SS-014282-PV1,2021-07-14,SLURRY,0.0,1.0,0.0,18.657144926793674,-1.0,
SS-014281-PV1,2021-07-14,SLURRY,0.5,1.5,9.461816195618749,28.385448586856246,-1.0,-200.0
SS-005253-PV1,2021-07-15,SLURRY,2.0,1.0,18.75470199559975,9.377350997799875,1.0,50.0
SS-005227-PV1,2021-07-15,SLURRY,0.0,1.0,0.0,18.657144926793674,-1.0,
SS-010233-PV1,2021-07-15,CONCRETE,0.0,0.0,0.0,0.0,0.0,
SS-000399-PV1,2021-07-15,SLURRY,0.0,0.0,0.0,0.0,0.0,
SS-000344-PV1,2021-07-15,SLURRY,1.0,1.5,28.143819180225982,42.21572877033898,-0.5,-50.0
SS-005222-PV1,2021-07-15,SLURRY,0.5,1.0,9.263099390951215,18.52619878190243,-0.5,-100.0
SS-005226-PV1,2021-07-15,SLURRY,0.5,1.5,9.49585635359116,28.487569060773478,-1.0,-200.0
SS-005225-PV1,2021-07-15,SLURRY,0.0,0.5,0.0,9.530620548090104,-0.5,
SS-005223-PV1,2021-07-15,SLURRY,1.0,1.0,11.045999684937962,11.045999684937962,0.0,0.0
SS-014381-PV1,2021-07-16,SLURRY,1.5,1.5,28.69093272338536,28.69093272338536,0.0,0.0
SS-014817-PV1,2021-07-16,SLURRY,0.0,1.0,0.0,18.923632391237497,-1.0,
SS-014376-PV1,2021-07-16,SLURRY,1.0,1.0,18.52348202169773,18.52348202169773,0.0,0.0
SS-014373-PV1,2021-07-16,SLURRY,0.5,0.5,9.46230115278785,9.46230115278785,0.0,0.0
SS-014812-PV1,2021-07-16,SLURRY,0.0,0.5,0.0,9.198558195688873,-0.5,
SS-006134-PV1,2021-07-23,OVERLAY,0.0,0.0,0.0,0.0,0.0,
SS-006133-PV1,2021-07-23,OVERLAY,0.0,0.0,0.0,0.0,0.0,
SS-006124-PV1,2021-07-23,OVERLAY,0.0,0.5,0.0,10.31052650078696,-0.5,
SS-006123-PV1,2021-07-23,OVERLAY,0.0,0.0,0.0,0.0,0.0,
SS-006129-PV1,2021-07-23,OVERLAY,0.0,0.0,0.0,0.0,0.0,
SS-006128-PV1,2021-07-23,OVERLAY,0.0,0.0,0.0,0.0,0.0,
SS-006127-PV1,2021-07-23,OVERLAY,0.5,0.0,10.555777688924431,0.0,0.5,100.0
SS-006130-PV1,2021-07-23,OVERLAY,0.0,0.0,0.0,0.0,0.0,
SS-006131-PV1,2021-07-23,OVERLAY,0.5,0.5,3.3868007395028097,3.3868007395028097,0.0,0.0
SS-006132-PV1,2021-07-23,OVERLAY,0.5,0.0,11.28194039118419,0.0,0.5,100.0
SS-006125-PV1,2021-07-23,OVERLAY,0.0,0.0,0.0,0.0,0.0,
SS-006126-PV1,2021-07-23,OVERLAY,0.0,0.0,0.0,0.0,0.0,
SS-029856-PV1,2021-07-30,SLURRY,0.0,0.0,0.0,0.0,0.0,
SS-011322-PV1,2021-08-02,OVERLAY,0.0,0.5,0.0,10.95435684647303,-0.5,
SS-028911-PV1,2021-08-02,OVERLAY,0.0,0.0,0.0,0.0,0.0,
SS-007400-PV1,2021-08-02,OVERLAY,0.0,0.0,0.0,0.0,0.0,
SS-011321-PV1,2021-08-02,OVERLAY,0.0,0.0,0.0,0.0,0.0,
SS-028913-PV1,2021-08-02,OVERLAY,0.0,0.0,0.0,0.0,0.0,
SS-011319-PV1,2021-08-02,OVERLAY,0.0,0.0,0.0,0.0,0.0,
SS-011761-PV1,2021-08-02,OVERLAY,0.0,0.0,0.0,0.0,0.0,
SS-028912-PV1,2021-08-02,OVERLAY,0.0,0.5,0.0,7.537666920777409,-0.5,
SS-004492-PV1,2021-08-02,OVERLAY,0.5,0.0,10.523693258259005,0.0,0.5,100.0
SS-011320-PV1,2021-08-02,OVERLAY,0.5,0.0,3.271375464684015,0.0,0.5,100.0
SS-011762-PV1,2021-08-02,OVERLAY,0.0,0.0,0.0,0.0,0.0,
SS-013768-PV1,2021-08-02,OVERLAY,0.0,0.0,0.0,0.0,0.0,
SS-007199-PV1,2021-08-02,OVERLAY,0.0,0.0,0.0,0.0,0.0,
SS-007198-PV1,2021-08-02,OVERLAY,0.0,0.0,0.0,0.0,0.0,
SS-007197-PV1,2021-08-02,OVERLAY,0.0,0.0,0.0,0.0,0.0,
SS-007196-PV1,2021-08-02,OVERLAY,0.0,0.0,0.0,0.0,0.0,
SS-005085-PV1,2021-08-02,OVERLAY,0.0,0.0,0.0,0.0,0.0,
SS-004493-PV1,2021-08-02,OVERLAY,0.0,0.0,0.0,0.0,0.0,
SS-005084-PV1,2021-08-02,OVERLAY,0.0,0.0,0.0,0.0,0.0,
SS-005083-PV1,2021-08-02,OVERLAY,0.0,0.0,0.0,0.0,0.0,
SS-011318-PV1,2021-08-02,OVERLAY,0.0,0.0,0.0,0.0,0.0,
SS-005075-PV1,2021-08-02,OVERLAY,0.0,0.0,0.0,0.0,0.0,
SS-012251-PV1,2021-08-02,OVERLAY,0.0,0.0,0.0,0.0,0.0,
SS-017709-PV1,2021-08-02,OVERLAY,0.0,0.0,0.0,0.0,0.0,
SS-012250-PV1,2021-08-02,OVERLAY,0.0,0.0,0.0,0.0,0.0,
SS-012249-PV1,2021-08-02,OVERLAY,0.0,0.0,0.0,0.0,0.0,
SS-012951-PV1,2021-08-02,OVERLAY,0.0,0.0,0.0,0.0,0.0,
SS-012248-PV1,2021-08-02,OVERLAY,0.0,0.0,0.0,0.0,0.0,
SS-013769-PV1,2021-08-02,OVERLAY,0.0,0.0,0.0,0.0,0.0,
SS-012252-PV1,2021-08-02,OVERLAY,0.0,0.0,0.0,0.0,0.0,
SS-021457-PV1,2021-08-03,OVERLAY,0.0,3.0,0.0,6.558297154705136,-3.0,
SS-024571-PV1,2021-08-12,SLURRY,0.0,0.0,0.0,0.0,0.0,
SS-023737-PV1,2021-08-12,SLURRY,0.0,0.0,0.0,0.0,0.0,
SS-027025-PV1,2021-08-12,SLURRY,0.0,0.0,0.0,0.0,0.0,
SS-028354-PV1,2021-08-12,SLURRY,0.0,0.0,0.0,0.0,0.0,
SS-028353-PV1,2021-08-12,SLURRY,0.0,0.0,0.0,0.0,0.0,
SS-028352-PV1,2021-08-12,SLURRY,0.0,0.0,0.0,0.0,0.0,
SS-028351-PV1,2021-08-12,SLURRY,0.0,0.0,0.0,0.0,0.0,
SS-002622-PV1,2021-08-12,SLURRY,0.0,0.0,0.0,0.0,0.0,
SS-023703-PV1,2021-08-12,SLURRY,0.0,0.0,0.0,0.0,0.0,
SS-023706-PV1,2021-08-12,SLURRY,0.0,0.0,0.0,0.0,0.0,
SS-026052-PV1,2021-08-12,SLURRY,0.0,0.0,0.0,0.0,0.0,
SS-018829-PV1,2021-08-12,SLURRY,0.0,0.0,0.0,0.0,0.0,
SS-018830-PV1,2021-08-12,SLURRY,0.0,0.0,0.0,0.0,0.0,
SS-018831-PV1,2021-08-12,SLURRY,0.0,0.0,0.0,0.0,0.0,
SS-018832-PV1,2021-08-12,SLURRY,0.0,0.0,0.0,0.0,0.0,
SS-024574-PV1,2021-08-12,SLURRY,0.0,0.0,0.0,0.0,0.0,
SS-023725-PV1,2021-08-12,SLURRY,0.0,0.0,0.0,0.0,0.0,
SS-023702-PV1,2021-08-12,SLURRY,0.0,0.0,0.0,0.0,0.0,
SS-023642-PV1,2021-08-12,SLURRY,0.0,0.0,0.0,0.0,0.0,
SS-027263-PV1,2021-08-12,OVERLAY,0.0,0.0,0.0,0.0,0.0,
SS-023699-PV1,2021-08-12,SLURRY,0.0,0.0,0.0,0.0,0.0,
SS-024572-PV1,2021-08-12,SLURRY,0.0,0.0,0.0,0.0,0.0,
SS-027264-PV1,2021-08-12,OVERLAY,0.0,0.5,0.0,7.999633956143219,-0.5,
SS-023700-PV1,2021-08-12,SLURRY,0.0,0.0,0.0,0.0,0.0,
SS-023644-PV1,2021-08-12,SLURRY,0.0,0.0,0.0,0.0,0.0,
SS-027262-PV1,2021-08-12,OVERLAY,0.0,0.0,0.0,0.0,0.0,
SS-023701-PV1,2021-08-12,SLURRY,0.0,0.0,0.0,0.0,0.0,
SS-024575-PV1,2021-08-12,SLURRY,0.0,0.0,0.0,0.0,0.0,
SS-024573-PV1,2021-08-12,SLURRY,0.0,0.0,0.0,0.0,0.0,
SS-001660-PV1,2021-08-13,SLURRY,0.0,0.0,0.0,0.0,0.0,
SS-005858-PV1,2021-08-13,SLURRY,0.0,0.0,0.0,0.0,0.0,
SS-022088-PV1,2021-08-13,SLURRY,0.0,0.0,0.0,0.0,0.0,
SS-006934-PV1,2021-08-13,SLURRY,0.0,0.0,0.0,0.0,0.0,
SS-025939-PV1,2021-08-13,SLURRY,0.0,0.0,0.0,0.0,0.0,
SS-026598-PV1,2021-08-13,SLURRY,0.0,0.0,0.0,0.0,0.0,
SS-023745-PV1,2021-08-13,SLURRY,0.0,0.0,0.0,0.0,0.0,
SS-027027-PV1,2021-08-13,SLURRY,0.0,0.0,0.0,0.0,0.0,
SS-026599-PV1,2021-08-13,SLURRY,0.0,0.0,0.0,0.0,0.0,
SS-025938-PV1,2021-08-13,SLURRY,0.0,0.0,0.0,0.0,0.0,
SS-023698-PV1,2021-08-13,SLURRY,0.0,0.0,0.0,0.0,0.0,
SS-023724-PV1,2021-08-13,SLURRY,0.0,0.0,0.0,0.0,0.0,
SS-022320-PV1,2021-08-13,SLURRY,0.0,0.0,0.0,0.0,0.0,
SS-022087-PV1,2021-08-13,SLURRY,0.0,0.0,0.0,0.0,0.0,
SS-023723-PV1,2021-08-13,SLURRY,0.0,0.0,0.0,0.0,0.0,
SS-023697-PV1,2021-08-13,SLURRY,0.0,0.0,0.0,0.0,0.0,
SS-021642-PV1,2021-08-16,SLURRY,0.0,0.0,0.0,0.0,0.0,
SS-023643-PV1,2021-08-16,SLURRY,0.0,0.0,0.0,0.0,0.0,
SS-017960-PV1,2021-08-16,SLURRY,0.0,0.0,0.0,0.0,0.0,
SS-025941-PV1,2021-08-16,SLURRY,0.0,0.0,0.0,0.0,0.0,
SS-023735-PV1,2021-08-16,SLURRY,0.0,0.0,0.0,0.0,0.0,
SS-032313-PV1,2021-08-16,SLURRY,0.0,0.0,0.0,0.0,0.0,
SS-017961-PV1,2021-08-16,SLURRY,0.0,0.0,0.0,0.0,0.0,
SS-032312-PV1,2021-08-16,SLURRY,0.0,0.0,0.0,0.0,0.0,
SS-004255-PV1,2021-08-16,SLURRY,0.0,0.0,0.0,0.0,0.0,
SS-023736-PV1,2021-08-16,SLURRY,0.0,0.0,0.0,0.0,0.0,
SS-011104-PV1,2021-08-16,SLURRY,0.0,0.0,0.0,0.0,0.0,
SS-023739-PV1,2021-08-16,SLURRY,0.0,0.0,0.0,0.0,0.0,
SS-011103-PV1,2021-08-16,SLURRY,0.0,0.0,0.0,0.0,0.0,
SS-023730-PV1,2021-08-16,SLURRY,0.0,0.0,0.0,0.0,0.0,
SS-032311-PV1,2021-08-16,SLURRY,0.0,0.0,0.0,0.0,0.0,
SS-006933-PV1,2021-08-16,SLURRY,0.0,0.0,0.0,0.0,0.0,
SS-021641-PV1,2021-08-16,SLURRY,0.0,0.0,0.0,0.0,0.0,
SS-025940-PV1,2021-08-16,SLURRY,0.0,0.0,0.0,0.0,0.0,
SS-028355-PV1,2021-08-16,SLURRY,0.0,0.0,0.0,0.0,0.0,
SS-020232-PV1,2021-08-17,SLURRY,0.0,0.0,0.0,0.0,0.0,
SS-018363-PV1,2021-08-17,SLURRY,0.0,0.0,0.0,0.0,0.0,
SS-026513-PV1,2021-08-17,SLURRY,0.0,0.0,0.0,0.0,0.0,
SS-026600-PV1,2021-08-17,SLURRY,0.0,0.0,0.0,0.0,0.0,
SS-026514-PV1,2021-08-17,SLURRY,0.0,0.0,0.0,0.0,0.0,
SS-026515-PV1,2021-08-17,SLURRY,0.0,0.0,0.0,0.0,0.0,
SS-026516-PV1,2021-08-17,SLURRY,0.5,0.0,7.795755919606858,0.0,0.5,100.0
SS-002420-PV1,2021-08-17,SLURRY,0.0,0.0,0.0,0.0,0.0,
SS-026517-PV1,2021-08-17,SLURRY,0.0,0.0,0.0,0.0,0.0,
SS-026453-PV1,2021-08-17,SLURRY,0.0,0.0,0.0,0.0,0.0,
SS-028356-PV1,2021-08-17,SLURRY,0.0,0.0,0.0,0.0,0.0,
SS-022039-PV1,2021-08-17,SLURRY,0.0,0.0,0.0,0.0,0.0,
SS-018364-PV1,2021-08-17,SLURRY,0.0,0.0,0.0,0.0,0.0,
SS-020231-PV1,2021-08-17,SLURRY,0.0,0.0,0.0,0.0,0.0,
SS-025937-PV1,2021-08-17,SLURRY,0.0,0.0,0.0,0.0,0.0,
SS-026518-PV1,2021-08-17,SLURRY,0.0,0.0,0.0,0.0,0.0,
SS-013308-PV1,2021-08-18,SLURRY,0.0,0.0,0.0,0.0,0.0,
SS-009883-PV1,2021-08-18,SLURRY,0.0,0.0,0.0,0.0,0.0,
SS-024508-PV1,2021-08-18,SLURRY,0.0,0.0,0.0,0.0,0.0,
SS-004890-PV1,2021-08-18,SLURRY,0.0,0.0,0.0,0.0,0.0,
SS-009884-PV1,2021-08-18,SLURRY,0.0,0.5,0.0,7.364353627334696,-0.5,
SS-018833-PV1,2021-08-18,SLURRY,0.0,0.0,0.0,0.0,0.0,
SS-025942-PV1,2021-08-18,SLURRY,0.0,0.0,0.0,0.0,0.0,
SS-028221-PV1,2021-08-18,SLURRY,0.0,0.0,0.0,0.0,0.0,
SS-025447-PV1,2021-08-18,SLURRY,0.0,0.0,0.0,0.0,0.0,
SS-028220-PV1,2021-08-18,SLURRY,0.0,0.0,0.0,0.0,0.0,
SS-013307-PV1,2021-08-18,SLURRY,0.0,0.0,0.0,0.0,0.0,
SS-012463-PV1,2021-08-18,SLURRY,0.0,0.0,0.0,0.0,0.0,
SS-031972-PV1,2021-08-19,SLURRY,0.0,0.0,0.0,0.0,0.0,
SS-010765-PV1,2021-08-19,SLURRY,0.0,0.5,0.0,2.8033325252514953,-0.5,
SS-010764-PV1,2021-08-19,SLURRY,0.0,0.0,0.0,0.0,0.0,
SS-010763-PV1,2021-08-19,SLURRY,0.0,0.0,0.0,0.0,0.0,
SS-010762-PV1,2021-08-19,SLURRY,0.0,0.0,0.0,0.0,0.0,
SS-024747-PV1,2021-08-19,SLURRY,0.0,0.0,0.0,0.0,0.0,
SS-026071-PV1,2021-08-19,SLURRY,0.5,0.0,3.985421810100085,0.0,0.5,100.0
SS-010761-PV1,2021-08-19,SLURRY,0.0,0.0,0.0,0.0,0.0,
SS-024748-PV1,2021-08-19,SLURRY,0.0,0.0,0.0,0.0,0.0,
SS-024907-PV1,2021-08-19,SLURRY,0.0,0.0,0.0,0.0,0.0,
SS-010759-PV1,2021-08-19,SLURRY,0.0,0.0,0.0,0.0,0.0,
SS-010760-PV1,2021-08-19,SLURRY,0.0,0.0,0.0,0.0,0.0,
SS-024745-PV1,2021-08-19,SLURRY,0.0,0.0,0.0,0.0,0.0,
SS-016088-PV1,2021-08-19,SLURRY,0.0,0.0,0.0,0.0,0.0,
SS-024749-PV1,2021-08-19,SLURRY,0.0,0.0,0.0,0.0,0.0,
SS-010766-PV1,2021-08-19,SLURRY,0.0,0.0,0.0,0.0,0.0,
SS-024743-PV1,2021-08-19,SLURRY,0.0,0.0,0.0,0.0,0.0,
SS-028189-PV1,2021-08-19,SLURRY,0.0,0.0,0.0,0.0,0.0,
SS-025445-PV1,2021-08-19,SLURRY,0.0,0.0,0.0,0.0,0.0,
SS-025943-PV1,2021-08-19,SLURRY,0.0,0.5,0.0,6.325624457739438,-0.5,
SS-026222-PV1,2021-08-19,SLURRY,0.0,0.0,0.0,0.0,0.0,
SS-024746-PV1,2021-08-19,SLURRY,0.0,0.0,0.0,0.0,0.0,
SS-025944-PV1,2021-08-19,SLURRY,0.0,0.0,0.0,0.0,0.0,
SS-024744-PV1,2021-08-19,SLURRY,0.0,0.0,0.0,0.0,0.0,
SS-011914-PV1,2021-08-20,SLURRY,0.0,0.0,0.0,0.0,0.0,
SS-011915-PV1,2021-08-20,SLURRY,0.0,0.0,0.0,0.0,0.0,
SS-015254-PV1,2021-08-20,SLURRY,0.0,0.0,0.0,0.0,0.0,
SS-015253-PV1,2021-08-20,SLURRY,0.0,0.0,0.0,0.0,0.0,
SS-016619-PV1,2021-08-20,SLURRY,0.0,0.0,0.0,0.0,0.0,
SS-015252-PV1,2021-08-20,SLURRY,0.0,0.0,0.0,0.0,0.0,
SS-028188-PV1,2021-08-20,SLURRY,0.0,0.0,0.0,0.0,0.0,
SS-024520-PV1,2021-08-20,SLURRY,0.0,0.0,0.0,0.0,0.0,
SS-025446-PV1,2021-08-23,SLURRY,0.0,0.0,0.0,0.0,0.0,
SS-011913-PV1,2021-08-23,SLURRY,0.0,0.0,0.0,0.0,0.0,
SS-003592-PV1,2021-09-06,OVERLAY,2.5,0.0,21.262283801232442,0.0,2.5,100.0
SS-020949-PV1,2021-09-06,OVERLAY,0.0,0.0,0.0,0.0,0.0,
SS-003590-PV1,2021-09-06,OVERLAY,3.5,4.5,67.91066660492969,87.31371420633818,-1.0,-28.57142857142857
SS-003593-PV1,2021-09-06,OVERLAY,2.0,2.5,12.008933008576607,15.011166260720758,-0.5,-25.0
SS-003589-PV1,2021-09-06,OVERLAY,0.0,0.0,0.0,0.0,0.0,
SS-017056-PV1,2021-09-06,OVERLAY,1.0,0.5,13.844917001295864,6.922458500647932,0.5,50.0
SS-017055-PV1,2021-09-06,OVERLAY,4.5,2.0,32.50543433129303,14.446859702796903,2.5,55.55555555555556
SS-003588-PV1,2021-09-06,OVERLAY,2.0,0.5,31.27587812358948,7.81896953089737,1.5,75.0
SS-003591-PV1,2021-09-06,OVERLAY,0.0,0.5,0.0,1.867024041470564,-0.5,
SS-021952-PV1,2021-09-10,SLURRY,0.0,0.0,0.0,0.0,0.0,
SS-021138-PV1,2021-09-10,SLURRY,0.0,0.0,0.0,0.0,0.0,
SS-014689-PV1,2021-09-10,SLURRY,0.0,0.0,0.0,0.0,0.0,
SS-021951-PV1,2021-09-10,SLURRY,0.0,0.0,0.0,0.0,0.0,
SS-014687-PV1,2021-09-10,SLURRY,0.0,0.0,0.0,0.0,0.0,
SS-012143-PV1,2021-09-10,SLURRY,0.0,0.0,0.0,0.0,0.0,
SS-031611-PV1,2021-09-13,OVERLAY,2.0,6.5,4.822210223524056,15.672183226453184,-4.5,-225.0
SS-027423-PV1,2021-09-14,OVERLAY,0.0,0.0,0.0,0.0,0.0,
SS-027424-PV1,2021-09-14,OVERLAY,0.0,0.0,0.0,0.0,0.0,
SS-011633-PV1,2021-09-15,OVERLAY,0.0,0.0,0.0,0.0,0.0,
SS-011632-PV1,2021-09-15,OVERLAY,0.5,0.0,8.735933575137798,0.0,0.5,100.0
SS-011635-PV1,2021-09-15,OVERLAY,0.0,0.0,0.0,0.0,0.0,
SS-011634-PV1,2021-09-15,OVERLAY,0.0,0.0,0.0,0.0,0.0,
SS-011631-PV1,2021-09-15,OVERLAY,0.0,0.0,0.0,0.0,0.0,
SS-001059-PV1,2021-09-20,OVERLAY,0.0,0.5,0.0,3.916758787151904,-0.5,
SS-006909-PV1,2021-09-21,OVERLAY,0.5,0.0,12.054794520547944,0.0,0.5,100.0
SS-022901-PV1,2021-09-21,OVERLAY,1.0,0.0,14.800429660958036,0.0,1.0,100.0
SS-001057-PV1,2021-09-21,OVERLAY,0.5,0.0,3.9396669847251347,0.0,0.5,100.0
SS-006908-PV1,2021-09-21,OVERLAY,0.5,0.0,4.765342960288809,0.0,0.5,100.0
SS-026044-PV1,2021-09-22,OVERLAY,0.0,0.0,0.0,0.0,0.0,
SS-022537-PV1,2021-09-22,OVERLAY,0.0,0.0,0.0,0.0,0.0,
SS-022522-PV1,2021-09-22,OVERLAY,0.0,0.0,0.0,0.0,0.0,
SS-001098-PV1,2021-09-23,OVERLAY,0.0,0.0,0.0,0.0,0.0,
SS-008363-PV1,2021-09-23,OVERLAY,0.0,0.0,0.0,0.0,0.0,
SS-001882-PV1,2021-09-23,OVERLAY,0.0,0.0,0.0,0.0,0.0,
SS-009035-PV1,2021-09-23,OVERLAY,0.5,0.5,10.90676984030258,10.90676984030258,0.0,0.0
SS-019595-PV1,2021-09-23,OVERLAY,0.5,0.5,8.024316109422493,8.024316109422493,0.0,0.0
SS-027786-PV1,2021-09-23,OVERLAY,0.0,0.0,0.0,0.0,0.0,
SS-027787-PV1,2021-09-23,OVERLAY,0.0,0.0,0.0,0.0,0.0,
SS-001881-PV1,2021-09-23,OVERLAY,0.0,0.0,0.0,0.0,0.0,
SS-017731-PV1,2021-09-23,OVERLAY,0.0,0.0,0.0,0.0,0.0,
SS-017732-PV1,2021-09-23,OVERLAY,0.0,0.0,0.0,0.0,0.0,
SS-002827-PV1,2021-09-23,OVERLAY,0.0,0.0,0.0,0.0,0.0,
SS-006906-PV1,2021-09-24,OVERLAY,1.0,1.5,7.741935483870967,11.61290322580645,-0.5,-50.0
SS-023864-PV1,2021-09-26,SLURRY,2.0,1.5,9.907790929473698,7.430843197105274,0.5,25.0
SS-009791-PV1,2021-09-27,OVERLAY,0.0,0.0,0.0,0.0,0.0,
SS-009790-PV1,2021-09-27,OVERLAY,0.0,0.5,0.0,8.685710525666439,-0.5,
SS-009792-PV1,2021-09-27,OVERLAY,0.0,0.0,0.0,0.0,0.0,
SS-020813-PV1,2021-09-28,SLURRY,0.0,0.5,0.0,2.1343131339728565,-0.5,
SS-027924-PV1,2021-09-28,SLURRY,0.0,0.0,0.0,0.0,0.0,
SS-028768-PV1,2021-09-28,SLURRY,0.0,0.0,0.0,0.0,0.0,
SS-001099-PV1,2021-09-28,SLURRY,0.5,0.0,3.928571428571429,0.0,0.5,100.0
SS-005864-PV1,2021-09-28,SLURRY,0.0,0.0,0.0,0.0,0.0,
SS-005863-PV1,2021-09-28,SLURRY,0.0,0.0,0.0,0.0,0.0,
SS-008382-PV1,2021-09-28,SLURRY,0.0,0.0,0.0,0.0,0.0,
SS-001810-PV1,2021-09-28,SLURRY,0.0,0.0,0.0,0.0,0.0,
SS-011046-PV1,2021-09-28,SLURRY,0.0,0.0,0.0,0.0,0.0,
SS-011045-PV1,2021-09-28,SLURRY,0.0,0.0,0.0,0.0,0.0,
SS-008375-PV1,2021-09-28,SLURRY,0.0,0.0,0.0,0.0,0.0,
SS-017449-PV1,2021-09-28,SLURRY,0.0,0.0,0.0,0.0,0.0,
SS-011044-PV1,2021-09-28,SLURRY,0.0,0.0,0.0,0.0,0.0,
SS-008376-PV1,2021-09-28,SLURRY,0.0,0.0,0.0,0.0,0.0,
SS-001811-PV1,2021-09-28,SLURRY,0.0,0.0,0.0,0.0,0.0,
SS-027923-PV1,2021-09-28,SLURRY,0.0,0.0,0.0,0.0,0.0,
SS-018067-PV1,2021-09-28,OVERLAY,1.0,0.5,14.59062519170921,7.295312595854605,0.5,50.0
SS-027922-PV1,2021-09-28,SLURRY,0.5,0.0,2.928042036036212,0.0,0.5,100.0
SS-002404-PV1,2021-09-29,SLURRY,0.0,0.0,0.0,0.0,0.0,
SS-010400-PV1,2021-09-29,SLURRY,0.0,0.0,0.0,0.0,0.0,
SS-002407-PV1,2021-09-29,SLURRY,0.0,0.0,0.0,0.0,0.0,
SS-008391-PV1,2021-09-29,SLURRY,0.0,0.0,0.0,0.0,0.0,
SS-008390-PV1,2021-09-29,SLURRY,0.0,0.0,0.0,0.0,0.0,
SS-005867-PV1,2021-09-29,SLURRY,0.0,0.0,0.0,0.0,0.0,
SS-008392-PV1,2021-09-29,SLURRY,0.0,0.0,0.0,0.0,0.0,
SS-005865-PV1,2021-09-29,SLURRY,0.0,0.0,0.0,0.0,0.0,
SS-005842-PV1,2021-09-29,SLURRY,0.0,0.0,0.0,0.0,0.0,
SS-005843-PV1,2021-09-29,SLURRY,0.0,0.0,0.0,0.0,0.0,
SS-005846-PV1,2021-09-29,SLURRY,0.0,0.0,0.0,0.0,0.0,
SS-002403-PV1,2021-09-29,SLURRY,0.0,0.0,0.0,0.0,0.0,
SS-005862-PV1,2021-09-29,SLURRY,0.0,0.0,0.0,0.0,0.0,
SS-008389-PV1,2021-09-29,SLURRY,0.0,0.0,0.0,0.0,0.0,
SS-005841-PV1,2021-09-29,SLURRY,0.0,0.0,0.0,0.0,0.0,
SS-005859-PV1,2021-09-29,SLURRY,0.0,0.0,0.0,0.0,0.0,
SS-018005-PV1,2021-09-29,SLURRY,0.0,0.0,0.0,0.0,0.0,
SS-011042-PV1,2021-09-29,SLURRY,0.0,0.0,0.0,0.0,0.0,
SS-011040-PV1,2021-09-29,SLURRY,0.0,0.0,0.0,0.0,0.0,
SS-005566-PV1,2021-09-29,SLURRY,0.0,1.0,0.0,5.538052768203019,-1.0,
SS-010399-PV1,2021-09-29,SLURRY,0.5,0.0,3.199268240100719,0.0,0.5,100.0
SS-018006-PV1,2021-09-29,SLURRY,0.0,0.0,0.0,0.0,0.0,
SS-011043-PV1,2021-09-29,SLURRY,0.0,0.5,0.0,9.64011338818217,-0.5,
SS-002402-PV1,2021-09-29,SLURRY,0.0,0.0,0.0,0.0,0.0,
SS-009603-PV1,2021-09-30,SLURRY,0.0,0.0,0.0,0.0,0.0,
SS-009647-PV1,2021-09-30,SLURRY,0.0,0.0,0.0,0.0,0.0,
SS-004984-PV1,2021-09-30,SLURRY,0.0,0.0,0.0,0.0,0.0,
SS-005847-PV1,2021-09-30,SLURRY,0.0,0.0,0.0,0.0,0.0,
SS-014258-PV1,2021-09-30,SLURRY,0.0,0.0,0.0,0.0,0.0,
SS-009605-PV1,2021-09-30,SLURRY,0.5,0.0,14.426229508196721,0.0,0.5,100.0
SS-014259-PV1,2021-09-30,SLURRY,0.0,0.0,0.0,0.0,0.0,
SS-009645-PV1,2021-09-30,SLURRY,0.0,0.0,0.0,0.0,0.0,
SS-009643-PV1,2021-09-30,SLURRY,1.5,0.0,23.923560599103958,0.0,1.5,100.0
SS-009607-PV1,2021-09-30,SLURRY,0.0,0.0,0.0,0.0,0.0,
SS-009606-PV1,2021-09-30,SLURRY,0.0,0.0,0.0,0.0,0.0,
SS-002528-PV1,2021-09-30,SLURRY,0.0,0.0,0.0,0.0,0.0,
SS-002505-PV1,2021-09-30,SLURRY,0.5,1.5,3.604153623225603,10.812460869676809,-1.0,-200.0
SS-027994-PV1,2021-09-30,SLURRY,0.0,0.0,0.0,0.0,0.0,
SS-011654-PV1,2021-09-30,SLURRY,0.0,0.0,0.0,0.0,0.0,
SS-002406-PV1,2021-09-30,SLURRY,0.0,0.0,0.0,0.0,0.0,
SS-002405-PV1,2021-09-30,SLURRY,0.0,0.0,0.0,0.0,0.0,
SS-002527-PV1,2021-09-30,SLURRY,0.5,1.0,1.8863898827765888,3.7727797655531776,-0.5,-100.0
SS-011652-PV1,2021-09-30,SLURRY,0.0,0.0,0.0,0.0,0.0,
SS-014257-PV1,2021-09-30,SLURRY,0.0,0.0,0.0,0.0,0.0,
SS-011653-PV1,2021-09-30,SLURRY,0.0,0.0,0.0,0.0,0.0,
SS-002506-PV1,2021-10-01,SLURRY,0.5,0.0,3.479472037565645,0.0,0.5,100.0
SS-007694-PV1,2021-10-01,SLURRY,0.0,0.0,0.0,0.0,0.0,
SS-018068-PV1,2021-10-01,SLURRY,0.5,0.5,3.87661213467703,3.87661213467703,0.0,0.0
SS-001809-PV1,2021-10-01,SLURRY,0.0,0.0,0.0,0.0,0.0,
SS-018062-PV1,2021-10-01,SLURRY,0.0,1.0,0.0,9.617339188252856,-1.0,
SS-017694-PV1,2021-10-01,SLURRY,0.0,0.0,0.0,0.0,0.0,
SS-013489-PV1,2021-10-01,SLURRY,0.5,0.0,4.603809093987809,0.0,0.5,100.0
SS-007693-PV1,2021-10-01,SLURRY,0.0,0.0,0.0,0.0,0.0,
SS-002507-PV1,2021-10-01,SLURRY,0.0,0.0,0.0,0.0,0.0,
SS-001808-PV1,2021-10-01,SLURRY,0.0,0.0,0.0,0.0,0.0,
SS-005868-PV1,2021-10-01,SLURRY,0.0,0.0,0.0,0.0,0.0,
SS-002529-PV1,2021-10-01,SLURRY,0.0,0.0,0.0,0.0,0.0,
SS-002513-PV1,2021-10-01,SLURRY,0.0,0.0,0.0,0.0,0.0,
SS-027995-PV1,2021-10-04,SLURRY,0.0,0.0,0.0,0.0,0.0,
SS-011326-PV1,2021-10-04,SLURRY,0.0,0.0,0.0,0.0,0.0,
SS-011324-PV1,2021-10-04,SLURRY,0.0,0.0,0.0,0.0,0.0,
SS-027028-PV1,2021-10-04,SLURRY,0.0,0.0,0.0,0.0,0.0,
SS-005861-PV1,2021-10-04,SLURRY,0.0,0.0,0.0,0.0,0.0,
SS-027925-PV1,2021-10-04,SLURRY,0.0,0.0,0.0,0.0,0.0,
SS-005860-PV1,2021-10-04,SLURRY,0.0,0.0,0.0,0.0,0.0,
SS-027921-PV1,2021-10-04,SLURRY,0.0,0.0,0.0,0.0,0.0,
SS-027920-PV1,2021-10-04,SLURRY,0.0,0.0,0.0,0.0,0.0,
SS-027919-PV1,2021-10-04,SLURRY,0.0,0.0,0.0,0.0,0.0,
SS-008397-PV1,2021-10-04,SLURRY,0.0,0.0,0.0,0.0,0.0,
SS-028767-PV1,2021-10-04,SLURRY,0.0,0.0,0.0,0.0,0.0,
SS-013893-PV1,2021-10-04,SLURRY,0.0,0.0,0.0,0.0,0.0,
SS-027993-PV1,2021-10-04,SLURRY,0.0,0.0,0.0,0.0,0.0,
SS-018886-PV1,2021-10-07,OVERLAY,0.0,0.0,0.0,0.0,0.0,
SS-018883-PV1,2021-10-07,OVERLAY,0.0,0.0,0.0,0.0,0.0,
SS-026311-PV1,2021-10-07,OVERLAY,0.5,0.0,5.561074500703981,0.0,0.5,100.0
SS-026310-PV1,2021-10-07,OVERLAY,0.0,0.0,0.0,0.0,0.0,
SS-018884-PV1,2021-10-07,OVERLAY,0.0,0.0,0.0,0.0,0.0,
SS-018885-PV1,2021-10-07,OVERLAY,0.0,0.0,0.0,0.0,0.0,
SS-027988-PV1,2021-10-07,OVERLAY,0.0,0.0,0.0,0.0,0.0,
SS-012775-PV1,2021-10-12,OVERLAY,0.0,0.5,0.0,2.446604025571831,-0.5,
SS-027986-PV1,2021-10-12,OVERLAY,1.0,0.0,16.1558698742596,0.0,1.0,100.0
SS-027987-PV1,2021-10-12,OVERLAY,0.0,0.0,0.0,0.0,0.0,
SS-027985-PV1,2021-10-12,OVERLAY,0.0,0.0,0.0,0.0,0.0,
SS-000514-PV1,2021-10-12,OVERLAY,0.0,0.0,0.0,0.0,0.0,
SS-026800-PV1,2021-10-15,OVERLAY,0.0,0.0,0.0,0.0,0.0,
SS-026799-PV1,2021-10-15,OVERLAY,0.0,0.0,0.0,0.0,0.0,
SS-026559-PV1,2021-10-15,OVERLAY,0.0,0.0,0.0,0.0,0.0,
SS-026562-PV1,2021-10-15,OVERLAY,0.0,0.0,0.0,0.0,0.0,
SS-026561-PV1,2021-10-15,OVERLAY,0.0,0.0,0.0,0.0,0.0,
SS-026560-PV1,2021-10-15,OVERLAY,0.0,0.0,0.0,0.0,0.0,
SS-024315-PV1,2021-10-19,OVERLAY,1.0,1.0,4.091283350351936,4.091283350351936,0.0,0.0
SS-024316-PV1,2021-10-19,OVERLAY,0.0,0.5,0.0,2.945309288155561,-0.5,
SS-000109-PV1,2021-10-20,SLURRY,1.5,0.5,11.981845688350983,3.9939485627836615,1.0,66.66666666666666
SS-000113-PV1,2021-10-20,SLURRY,0.0,0.5,0.0,6.965701046359114,-0.5,
SS-023083-PV1,2021-10-20,OVERLAY,0.0,0.0,0.0,0.0,0.0,
SS-000112-PV1,2021-10-20,SLURRY,0.5,0.0,10.731716042045564,0.0,0.5,100.0
SS-000111-PV1,2021-10-20,SLURRY,0.0,0.5,0.0,3.911070551860944,-0.5,
SS-023082-PV1,2021-10-20,OVERLAY,0.0,0.0,0.0,0.0,0.0,
SS-016209-PV1,2021-10-20,OVERLAY,0.5,0.0,3.008341995611011,0.0,0.5,100.0
SS-030279-PV1,2021-10-20,OVERLAY,0.0,0.5,0.0,3.4965775922354783,-0.5,
SS-005300-PV1,2021-10-20,OVERLAY,0.0,0.0,0.0,0.0,0.0,
SS-002201-PV1,2021-10-20,OVERLAY,0.0,0.0,0.0,0.0,0.0,
SS-004239-PV1,2021-10-20,OVERLAY,0.0,0.0,0.0,0.0,0.0,
SS-000110-PV1,2021-10-20,SLURRY,0.5,0.0,4.012153176713463,0.0,0.5,100.0
SS-002980-PV1,2021-10-20,OVERLAY,0.0,0.0,0.0,0.0,0.0,
SS-000108-PV1,2021-10-20,SLURRY,1.5,3.0,16.60373529536934,33.20747059073868,-1.5,-100.0
SS-030348-PV1,2021-10-20,OVERLAY,0.0,0.0,0.0,0.0,0.0,
SS-000107-PV1,2021-10-20,SLURRY,2.0,3.0,17.45452814426961,26.181792216404414,-1.0,-50.0
SS-002979-PV1,2021-10-20,OVERLAY,0.0,0.0,0.0,0.0,0.0,
SS-004240-PV1,2021-10-20,OVERLAY,0.0,0.0,0.0,0.0,0.0,
SS-014932-PV1,2021-10-20,OVERLAY,0.0,0.5,0.0,2.994751697649869,-0.5,
SS-022457-PV1,2021-10-20,OVERLAY,0.0,0.0,0.0,0.0,0.0,
SS-004242-PV1,2021-10-20,OVERLAY,0.0,0.0,0.0,0.0,0.0,
SS-027911-PV1,2021-10-22,OVERLAY,0.0,0.0,0.0,0.0,0.0,
SS-005651-PV1,2021-10-22,SLURRY,0.0,0.0,0.0,0.0,0.0,
SS-004716-PV1,2021-10-22,SLURRY,0.0,0.0,0.0,0.0,0.0,
SS-017279-PV1,2021-10-22,SLURRY,0.0,0.0,0.0,0.0,0.0,
SS-027909-PV1,2021-10-22,OVERLAY,0.0,0.0,0.0,0.0,0.0,
SS-027910-PV1,2021-10-22,OVERLAY,0.0,0.0,0.0,0.0,0.0,
SS-004717-PV1,2021-10-22,SLURRY,0.0,0.0,0.0,0.0,0.0,
SS-008361-PV1,2021-10-22,SLURRY,0.0,0.0,0.0,0.0,0.0,
SS-007337-PV1,2021-10-22,SLURRY,0.0,0.0,0.0,0.0,0.0,
SS-007336-PV1,2021-10-22,SLURRY,0.0,0.0,0.0,0.0,0.0,
SS-015942-PV1,2021-10-22,SLURRY,0.0,0.0,0.0,0.0,0.0,
SS-013200-PV1,2021-10-22,OVERLAY,0.0,0.0,0.0,0.0,0.0,
SS-017282-PV1,2021-10-22,SLURRY,0.0,0.0,0.0,0.0,0.0,
SS-017991-PV1,2021-10-22,SLURRY,0.0,0.0,0.0,0.0,0.0,
SS-016641-PV1,2021-10-26,SLURRY,0.0,0.0,0.0,0.0,0.0,
SS-021508-PV1,2021-10-26,SLURRY,0.0,0.0,0.0,0.0,0.0,
SS-021509-PV1,2021-10-26,SLURRY,0.0,0.0,0.0,0.0,0.0,
SS-005586-PV1,2021-10-26,SLURRY,0.5,0.0,3.7143318620452126,0.0,0.5,100.0
SS-017280-PV1,2021-10-26,SLURRY,0.0,0.0,0.0,0.0,0.0,
SS-002176-PV1,2021-10-26,SLURRY,0.0,0.0,0.0,0.0,0.0,
SS-008371-PV1,2021-10-26,SLURRY,0.0,0.0,0.0,0.0,0.0,
SS-013286-PV1,2021-10-26,SLURRY,0.0,0.0,0.0,0.0,0.0,
SS-002175-PV1,2021-10-26,SLURRY,0.0,0.0,0.0,0.0,0.0,
SS-002172-PV1,2021-10-26,SLURRY,0.0,0.0,0.0,0.0,0.0,
SS-016642-PV1,2021-10-26,SLURRY,0.0,0.0,0.0,0.0,0.0,
SS-017283-PV1,2021-10-26,SLURRY,0.0,0.0,0.0,0.0,0.0,
SS-016643-PV1,2021-10-26,SLURRY,0.0,0.0,0.0,0.0,0.0,
SS-021510-PV1,2021-10-26,SLURRY,0.0,0.0,0.0,0.0,0.0,
SS-017281-PV1,2021-10-26,SLURRY,0.0,0.0,0.0,0.0,0.0,
SS-005513-PV1,2021-10-27,SLURRY,0.0,0.0,0.0,0.0,0.0,
SS-011094-PV1,2021-10-27,SLURRY,0.0,0.0,0.0,0.0,0.0,
SS-002173-PV1,2021-10-27,SLURRY,0.0,0.0,0.0,0.0,0.0,
SS-008640-PV1,2021-10-27,SLURRY,0.0,0.0,0.0,0.0,0.0,
SS-008346-PV1,2021-10-27,SLURRY,0.0,0.0,0.0,0.0,0.0,
SS-028433-PV1,2021-10-27,SLURRY,0.0,0.0,0.0,0.0,0.0,
SS-028434-PV1,2021-10-27,SLURRY,0.0,0.0,0.0,0.0,0.0,
SS-017284-PV1,2021-10-27,SLURRY,0.5,0.0,14.400976648052678,0.0,0.5,100.0
SS-017507-PV1,2021-10-27,SLURRY,0.0,0.0,0.0,0.0,0.0,
SS-011093-PV1,2021-10-27,SLURRY,0.0,0.0,0.0,0.0,0.0,
SS-002174-PV1,2021-10-27,SLURRY,0.0,0.0,0.0,0.0,0.0,
SS-005514-PV1,2021-10-27,SLURRY,0.0,0.0,0.0,0.0,0.0,
SS-005500-PV1,2021-10-27,SLURRY,0.0,0.0,0.0,0.0,0.0,
SS-022314-PV1,2021-10-28,OVERLAY,3.0,3.5,4.7030257468391525,5.486863371312345,-0.5,-16.666666666666664
SS-000118-PV1,2021-10-29,SLURRY,0.5,0.5,6.929135676938497,6.929135676938497,0.0,0.0
SS-000120-PV1,2021-10-29,SLURRY,1.0,0.0,13.821935254180937,0.0,1.0,100.0
SS-000133-PV1,2021-10-29,SLURRY,1.5,1.0,20.952386495340342,13.968257663560228,0.5,33.33333333333333
SS-000131-PV1,2021-10-29,SLURRY,1.0,2.0,14.080003754667667,28.160007509335333,-1.0,-100.0
SS-000132-PV1,2021-10-29,SLURRY,4.0,1.5,54.99978515708922,20.62491943390846,2.5,62.5
SS-000122-PV1,2021-10-29,SLURRY,0.5,0.0,7.002555932915515,0.0,0.5,100.0
SS-000121-PV1,2021-10-29,SLURRY,1.0,0.5,13.931354307057603,6.965677153528802,0.5,50.0
SS-000123-PV1,2021-10-29,SLURRY,0.5,0.0,6.892923395861374,0.0,0.5,100.0
SS-000126-PV1,2021-10-29,SLURRY,0.0,0.0,0.0,0.0,0.0,
SS-000125-PV1,2021-10-29,SLURRY,1.0,1.0,13.89474049861592,13.89474049861592,0.0,0.0
SS-000124-PV1,2021-10-29,SLURRY,0.5,0.5,6.947346482063741,6.947346482063741,0.0,0.0
SS-000128-PV1,2021-10-29,SLURRY,1.0,0.0,13.821946109069815,0.0,1.0,100.0
SS-000144-PV1,2021-10-29,SLURRY,2.0,0.0,27.28632815427111,0.0,2.0,100.0
SS-000130-PV1,2021-10-29,SLURRY,0.5,0.5,6.89295219137133,6.89295219137133,0.0,0.0
SS-000129-PV1,2021-10-29,SLURRY,1.5,1.0,21.580063944563214,14.386709296375475,0.5,33.33333333333333
SS-000119-PV1,2021-10-29,SLURRY,0.5,0.0,6.874978515692138,0.0,0.5,100.0
SS-000127-PV1,2021-10-29,SLURRY,0.5,1.0,6.874978515692138,13.749957031384277,-0.5,-100.0
SS-011724-PV1,2021-11-01,SLURRY,0.0,0.0,0.0,0.0,0.0,
SS-013115-PV1,2021-11-01,SLURRY,0.0,0.0,0.0,0.0,0.0,
SS-002357-PV1,2021-11-01,SLURRY,0.0,0.0,0.0,0.0,0.0,
SS-013116-PV1,2021-11-01,SLURRY,0.0,0.0,0.0,0.0,0.0,
SS-012591-PV1,2021-11-01,SLURRY,0.0,0.0,0.0,0.0,0.0,
SS-013113-PV1,2021-11-01,SLURRY,0.0,0.0,0.0,0.0,0.0,
SS-013114-PV1,2021-11-01,SLURRY,0.0,0.0,0.0,0.0,0.0,
SS-013112-PV1,2021-11-01,SLURRY,0.0,0.0,0.0,0.0,0.0,
SS-003976-PV1,2021-11-01,SLURRY,0.0,0.0,0.0,0.0,0.0,
SS-003975-PV1,2021-11-01,SLURRY,0.0,0.0,0.0,0.0,0.0,
SS-003974-PV1,2021-11-01,SLURRY,0.0,0.0,0.0,0.0,0.0,
SS-013111-PV1,2021-11-01,SLURRY,0.0,0.0,0.0,0.0,0.0,
SS-021731-PV1,2021-11-02,SLURRY,0.0,0.0,0.0,0.0,0.0,
SS-027032-PV1,2021-11-02,SLURRY,0.0,0.0,0.0,0.0,0.0,
SS-027031-PV1,2021-11-02,SLURRY,0.0,0.0,0.0,0.0,0.0,
SS-022482-PV1,2021-11-02,SLURRY,0.0,0.0,0.0,0.0,0.0,
SS-026697-PV1,2021-11-02,SLURRY,0.0,1.5,0.0,4.173805481376527,-1.5,
SS-022483-PV1,2021-11-02,SLURRY,0.0,0.0,0.0,0.0,0.0,
SS-013666-PV1,2021-11-03,SLURRY,0.0,0.0,0.0,0.0,0.0,
SS-015244-PV1,2021-11-03,SLURRY,0.0,0.0,0.0,0.0,0.0,
SS-003513-PV1,2021-11-03,SLURRY,0.0,0.0,0.0,0.0,0.0,
SS-016079-PV1,2021-11-03,SLURRY,0.0,0.0,0.0,0.0,0.0,
SS-003515-PV1,2021-11-03,SLURRY,0.0,0.0,0.0,0.0,0.0,
SS-003514-PV1,2021-11-03,SLURRY,0.0,0.0,0.0,0.0,0.0,
SS-007589-PV1,2021-11-08,OVERLAY,0.0,0.0,0.0,0.0,0.0,
SS-029142-PV1,2021-11-08,OVERLAY,0.0,0.0,0.0,0.0,0.0,
SS-007590-PV1,2021-11-08,OVERLAY,0.0,0.5,0.0,1.4567824784825227,-0.5,
SS-019592-PV1,2021-11-08,OVERLAY,0.0,0.0,0.0,0.0,0.0,
SS-022874-PV1,2021-11-09,OVERLAY,0.0,0.0,0.0,0.0,0.0,
SS-022533-PV1,2021-11-09,OVERLAY,0.0,0.0,0.0,0.0,0.0,
SS-022928-PV1,2021-11-09,OVERLAY,0.0,0.0,0.0,0.0,0.0,
SS-001058-PV1,2021-11-09,OVERLAY,0.0,0.0,0.0,0.0,0.0,
SS-022519-PV1,2021-11-09,OVERLAY,0.0,0.0,0.0,0.0,0.0,
SS-013410-PV1,2021-11-09,OVERLAY,0.0,0.0,0.0,0.0,0.0,
SS-013411-PV1,2021-11-09,OVERLAY,0.0,0.0,0.0,0.0,0.0,
SS-025637-PV1,2021-11-09,OVERLAY,0.5,0.0,3.522037616162204,0.0,0.5,100.0
SS-013408-PV1,2021-11-09,OVERLAY,0.0,0.0,0.0,0.0,0.0,
SS-000159-PV1,2021-11-10,SLURRY,1.0,0.5,13.78590438274266,6.89295219137133,0.5,50.0
SS-000150-PV1,2021-11-10,SLURRY,0.0,0.0,0.0,0.0,0.0,
SS-007364-PV1,2021-11-10,SLURRY,0.0,0.0,0.0,0.0,0.0,
SS-015109-PV1,2021-11-10,SLURRY,0.0,0.0,0.0,0.0,0.0,
SS-001869-PV1,2021-11-10,SLURRY,0.0,0.0,0.0,0.0,0.0,
SS-022237-PV1,2021-11-10,SLURRY,0.0,0.0,0.0,0.0,0.0,
SS-000152-PV1,2021-11-10,SLURRY,0.0,0.0,0.0,0.0,0.0,
SS-000149-PV1,2021-11-10,SLURRY,0.5,1.5,5.523012552301255,16.569037656903767,-1.0,-200.0
SS-000163-PV1,2021-11-10,SLURRY,0.5,0.5,6.839380010202074,6.839380010202074,0.0,0.0
SS-000177-PV1,2021-11-10,SLURRY,2.0,0.5,27.78948099723184,6.94737024930796,1.5,75.0
SS-000148-PV1,2021-11-10,SLURRY,1.5,3.0,12.426020463396426,24.852040926792853,-1.5,-100.0
SS-000164-PV1,2021-11-10,SLURRY,0.5,0.5,6.947267868491378,6.947267868491378,0.0,0.0
SS-000162-PV1,2021-11-10,SLURRY,0.0,0.0,0.0,0.0,0.0,
SS-000161-PV1,2021-11-10,SLURRY,1.0,1.0,14.079992490670673,14.079992490670673,0.0,0.0
SS-000160-PV1,2021-11-10,SLURRY,0.0,0.5,0.0,6.947346482063741,-0.5,
SS-000165-PV1,2021-11-10,SLURRY,1.5,0.5,20.89710313907734,6.965701046359114,1.0,66.66666666666666
SS-015730-PV1,2021-11-10,SLURRY,0.0,0.0,0.0,0.0,0.0,
SS-000166-PV1,2021-11-10,SLURRY,0.5,0.5,7.002654377361903,7.002654377361903,0.0,0.0
SS-000167-PV1,2021-11-10,SLURRY,0.0,1.5,0.0,20.678840376584656,-1.5,
SS-010180-PV1,2021-11-10,SLURRY,0.0,0.0,0.0,0.0,0.0,
SS-015729-PV1,2021-11-10,SLURRY,0.0,0.0,0.0,0.0,0.0,
SS-000169-PV1,2021-11-10,SLURRY,0.5,0.5,6.947273353101483,6.947273353101483,0.0,0.0
SS-000170-PV1,2021-11-10,SLURRY,1.0,0.0,13.96819484361971,0.0,1.0,100.0
SS-000171-PV1,2021-11-10,SLURRY,1.0,0.0,13.678713952184603,0.0,1.0,100.0
SS-000172-PV1,2021-11-10,SLURRY,1.0,1.5,13.821946109069815,20.732919163604723,-0.5,-50.0
SS-000158-PV1,2021-11-10,SLURRY,1.0,1.0,14.005245601079679,14.005245601079679,0.0,0.0
SS-000174-PV1,2021-11-10,SLURRY,0.5,1.0,6.89295219137133,13.78590438274266,-0.5,-100.0
SS-000175-PV1,2021-11-10,SLURRY,1.0,2.0,14.005260460709408,28.010520921418816,-1.0,-100.0
SS-000176-PV1,2021-11-10,SLURRY,4.0,3.0,55.578918116358885,41.68418858726917,1.0,25.0
SS-000168-PV1,2021-11-10,SLURRY,0.0,0.5,0.0,6.947346482063741,-0.5,
SS-000173-PV1,2021-11-10,SLURRY,0.5,1.0,7.25274924526078,14.50549849052156,-0.5,-100.0
SS-000153-PV1,2021-11-10,SLURRY,0.5,1.5,8.073394495412844,24.220183486238533,-1.0,-200.0
SS-017428-PV1,2021-11-10,SLURRY,0.0,0.0,0.0,0.0,0.0,
SS-011134-PV1,2021-11-10,SLURRY,1.0,0.0,18.789554146655316,0.0,1.0,100.0
SS-013083-PV1,2021-11-10,SLURRY,0.0,0.0,0.0,0.0,0.0,
SS-013082-PV1,2021-11-10,SLURRY,0.0,0.0,0.0,0.0,0.0,
SS-011174-PV1,2021-11-10,SLURRY,1.5,0.0,26.340374172997056,0.0,1.5,100.0
SS-011176-PV1,2021-11-10,SLURRY,0.0,0.0,0.0,0.0,0.0,
SS-014859-PV1,2021-11-10,SLURRY,0.0,0.0,0.0,0.0,0.0,
SS-014858-PV1,2021-11-10,SLURRY,0.0,0.0,0.0,0.0,0.0,
SS-014354-PV1,2021-11-10,SLURRY,0.5,0.0,9.328559278223928,0.0,0.5,100.0
SS-014172-PV1,2021-11-10,SLURRY,0.0,0.0,0.0,0.0,0.0,
SS-015222-PV1,2021-11-10,SLURRY,0.0,0.0,0.0,0.0,0.0,
SS-022243-PV1,2021-11-10,SLURRY,0.0,0.0,0.0,0.0,0.0,
SS-022245-PV1,2021-11-10,SLURRY,0.0,0.0,0.0,0.0,0.0,
SS-015221-PV1,2021-11-10,SLURRY,0.0,0.0,0.0,0.0,0.0,
SS-022244-PV1,2021-11-10,SLURRY,0.0,0.0,0.0,0.0,0.0,
SS-000157-PV1,2021-11-10,SLURRY,0.0,0.0,0.0,0.0,0.0,
SS-000156-PV1,2021-11-10,SLURRY,0.0,0.0,0.0,0.0,0.0,
SS-000151-PV1,2021-11-10,SLURRY,0.5,0.5,7.975830815709971,7.975830815709971,0.0,0.0
SS-026419-PV1,2021-11-10,SLURRY,0.0,0.5,0.0,9.496402877697841,-0.5,
SS-000154-PV1,2021-11-10,SLURRY,0.0,0.0,0.0,0.0,0.0,
SS-000155-PV1,2021-11-10,SLURRY,0.5,1.0,11.379197533817553,22.758395067635107,-0.5,-100.0
SS-007365-PV1,2021-11-12,SLURRY,0.0,0.0,0.0,0.0,0.0,
SS-022242-PV1,2021-11-12,SLURRY,0.0,0.0,0.0,0.0,0.0,
SS-030264-PV1,2021-11-12,SLURRY,0.0,0.0,0.0,0.0,0.0,
SS-030265-PV1,2021-11-12,SLURRY,0.0,0.0,0.0,0.0,0.0,
SS-011988-PV1,2021-11-12,SLURRY,0.0,0.5,0.0,18.329387423540766,-0.5,
SS-011987-PV1,2021-11-12,SLURRY,0.0,0.0,0.0,0.0,0.0,
SS-011986-PV1,2021-11-12,SLURRY,0.5,0.0,8.797604119144886,0.0,0.5,100.0
SS-011985-PV1,2021-11-12,SLURRY,0.0,0.0,0.0,0.0,0.0,
SS-014564-PV1,2021-11-12,SLURRY,0.0,0.0,0.0,0.0,0.0,
SS-030260-PV1,2021-11-12,SLURRY,0.0,0.0,0.0,0.0,0.0,
SS-014471-PV1,2021-11-12,SLURRY,0.0,0.0,0.0,0.0,0.0,
SS-014464-PV1,2021-11-12,SLURRY,0.0,0.0,0.0,0.0,0.0,
SS-014468-PV1,2021-11-12,SLURRY,0.0,0.0,0.0,0.0,0.0,
SS-014472-PV1,2021-11-12,SLURRY,0.0,0.0,0.0,0.0,0.0,
SS-016623-PV1,2021-11-15,OVERLAY,0.0,0.0,0.0,0.0,0.0,
SS-024737-PV1,2021-11-15,SLURRY,0.0,0.0,0.0,0.0,0.0,
SS-024739-PV1,2021-11-15,SLURRY,0.0,0.0,0.0,0.0,0.0,
SS-024735-PV1,2021-11-15,SLURRY,0.0,0.0,0.0,0.0,0.0,
SS-024736-PV1,2021-11-15,SLURRY,0.0,0.0,0.0,0.0,0.0,
SS-024740-PV1,2021-11-15,SLURRY,0.0,0.0,0.0,0.0,0.0,
SS-024741-PV1,2021-11-15,SLURRY,0.0,0.0,0.0,0.0,0.0,
SS-024738-PV1,2021-11-15,SLURRY,0.0,0.0,0.0,0.0,0.0,
SS-004612-PV1,2021-11-15,OVERLAY,0.0,0.0,0.0,0.0,0.0,
SS-024742-PV1,2021-11-15,SLURRY,0.0,0.0,0.0,0.0,0.0,
SS-016623-PV1,2021-11-15,OVERLAY,0.0,0.0,0.0,0.0,0.0,
SS-022531-PV1,2021-11-16,SLURRY,0.0,0.0,0.0,0.0,0.0,
SS-011982-PV1,2021-11-16,SLURRY,0.0,0.0,0.0,0.0,0.0,
SS-010819-PV1,2021-11-16,OVERLAY,1.5,1.5,13.940547437553125,13.940547437553125,0.0,0.0
SS-010808-PV1,2021-11-16,OVERLAY,1.5,0.5,26.84500972623174,8.94833657541058,1.0,66.66666666666666
SS-014672-PV1,2021-11-16,SLURRY,0.0,0.0,0.0,0.0,0.0,
SS-011177-PV1,2021-11-16,SLURRY,0.0,0.0,0.0,0.0,0.0,
SS-008705-PV1,2021-11-16,SLURRY,0.0,0.0,0.0,0.0,0.0,
SS-010807-PV1,2021-11-16,OVERLAY,0.5,3.5,4.24329783964706,29.703084877529424,-3.0,-600.0
SS-011983-PV1,2021-11-16,SLURRY,0.0,0.0,0.0,0.0,0.0,
SS-011183-PV1,2021-11-16,SLURRY,1.5,0.5,15.445054511096746,5.148351503698915,1.0,66.66666666666666
SS-011984-PV1,2021-11-16,SLURRY,0.5,0.0,13.74702147867962,0.0,0.5,100.0
SS-001894-PV1,2021-11-16,SLURRY,0.0,0.0,0.0,0.0,0.0,
SS-014674-PV1,2021-11-16,SLURRY,0.5,0.5,12.179666692348539,12.179666692348539,0.0,0.0
SS-014673-PV1,2021-11-16,SLURRY,0.0,0.0,0.0,0.0,0.0,
SS-030262-PV1,2021-11-16,SLURRY,0.0,0.0,0.0,0.0,0.0,
SS-030263-PV1,2021-11-16,SLURRY,0.0,0.5,0.0,10.15197584752655,-0.5,
SS-004124-PV1,2021-11-16,SLURRY,0.0,0.0,0.0,0.0,0.0,
SS-030261-PV1,2021-11-16,SLURRY,0.0,0.0,0.0,0.0,0.0,
SS-004122-PV1,2021-11-16,SLURRY,0.0,0.0,0.0,0.0,0.0,
SS-027003-PV1,2021-11-16,SLURRY,0.0,0.0,0.0,0.0,0.0,
SS-004123-PV1,2021-11-16,SLURRY,0.0,0.5,0.0,11.408924371796104,-0.5,
SS-006580-PV1,2021-11-16,SLURRY,0.0,0.0,0.0,0.0,0.0,
SS-017341-PV1,2021-11-17,SLURRY,0.0,0.0,0.0,0.0,0.0,
SS-014470-PV1,2021-11-17,SLURRY,0.0,0.0,0.0,0.0,0.0,
SS-014466-PV1,2021-11-17,SLURRY,0.0,0.0,0.0,0.0,0.0,
SS-029425-PV1,2021-11-17,SLURRY,0.5,0.5,7.905786976174235,7.905786976174235,0.0,0.0
SS-014465-PV1,2021-11-17,SLURRY,1.0,0.5,7.682015760935669,3.8410078804678345,0.5,50.0
SS-017342-PV1,2021-11-17,SLURRY,0.0,0.0,0.0,0.0,0.0,
SS-017340-PV1,2021-11-17,SLURRY,0.0,0.0,0.0,0.0,0.0,
SS-014469-PV1,2021-11-17,SLURRY,0.0,0.0,0.0,0.0,0.0,
SS-029388-PV1,2021-11-17,SLURRY,0.0,0.0,0.0,0.0,0.0,
SS-014467-PV1,2021-11-17,SLURRY,0.0,0.0,0.0,0.0,0.0,
SS-029644-PV1,2021-11-17,SLURRY,0.0,0.0,0.0,0.0,0.0,
SS-029387-PV1,2021-11-17,SLURRY,0.0,0.0,0.0,0.0,0.0,
SS-015892-PV1,2021-11-17,SLURRY,0.0,0.0,0.0,0.0,0.0,
SS-026770-PV1,2021-11-17,SLURRY,0.0,0.0,0.0,0.0,0.0,
SS-015893-PV1,2021-11-17,SLURRY,0.0,0.0,0.0,0.0,0.0,
SS-031352-PV1,2021-11-18,SLURRY,0.0,0.0,0.0,0.0,0.0,
SS-022722-PV1,2021-11-19,OVERLAY,5.0,4.0,17.852468418205703,14.281974734564562,1.0,20.0
SS-021456-PV1,2021-11-19,OVERLAY,0.5,0.5,4.130531039219705,4.130531039219705,0.0,0.0
SS-028302-PV1,2021-11-21,SLURRY,3.5,3.0,62.273676633824714,53.3774371147069,0.5,14.285714285714285
SS-007281-PV1,2021-11-22,SLURRY,4.5,2.5,17.36842105263158,9.649122807017545,2.0,44.44444444444444
SS-020469-PV1,2021-11-22,OVERLAY,0.5,0.0,7.153938392125249,0.0,0.5,100.0
SS-005434-PV1,2021-11-23,SLURRY,0.0,0.0,0.0,0.0,0.0,
SS-005577-PV1,2021-11-23,SLURRY,0.0,0.0,0.0,0.0,0.0,
SS-005575-PV1,2021-11-23,SLURRY,0.0,0.0,0.0,0.0,0.0,
SS-005574-PV1,2021-11-23,SLURRY,0.0,0.0,0.0,0.0,0.0,
SS-005576-PV1,2021-11-23,SLURRY,0.0,0.0,0.0,0.0,0.0,
SS-005501-PV1,2021-11-23,SLURRY,0.0,0.0,0.0,0.0,0.0,
SS-005443-PV1,2021-11-23,SLURRY,0.0,0.0,0.0,0.0,0.0,
SS-005444-PV1,2021-11-23,SLURRY,0.0,0.0,0.0,0.0,0.0,
SS-023314-PV1,2021-11-24,SLURRY,0.0,0.0,0.0,0.0,0.0,
SS-005578-PV1,2021-11-24,SLURRY,0.0,0.0,0.0,0.0,0.0,
SS-005573-PV1,2021-11-24,SLURRY,0.0,0.0,0.0,0.0,0.0,
SS-005553-PV1,2021-11-24,SLURRY,0.0,0.0,0.0,0.0,0.0,
SS-005572-PV1,2021-11-24,SLURRY,0.0,0.0,0.0,0.0,0.0,
SS-005571-PV1,2021-11-24,SLURRY,0.0,0.0,0.0,0.0,0.0,
SS-005570-PV1,2021-11-24,SLURRY,0.0,0.0,0.0,0.0,0.0,
SS-002228-PV1,2021-11-24,SLURRY,0.0,0.0,0.0,0.0,0.0,
SS-023309-PV1,2021-11-24,SLURRY,0.0,0.0,0.0,0.0,0.0,
SS-023313-PV1,2021-11-24,SLURRY,0.0,0.0,0.0,0.0,0.0,
SS-023315-PV1,2021-11-24,SLURRY,0.0,0.0,0.0,0.0,0.0,
SS-005480-PV1,2021-11-24,SLURRY,0.0,0.0,0.0,0.0,0.0,
SS-002227-PV1,2021-11-24,SLURRY,0.0,0.0,0.0,0.0,0.0,
SS-005481-PV1,2021-11-24,SLURRY,0.0,0.5,0.0,2.122637299658014,-0.5,
SS-000070-PV1,2021-11-25,SLURRY,0.0,0.5,0.0,4.006051565774359,-0.5,
SS-000069-PV1,2021-11-25,SLURRY,0.5,0.5,3.9999957575802565,3.9999957575802565,0.0,0.0
SS-005524-PV1,2021-11-29,SLURRY,0.0,0.0,0.0,0.0,0.0,
SS-005526-PV1,2021-11-29,SLURRY,0.0,0.0,0.0,0.0,0.0,
SS-023312-PV1,2021-11-29,SLURRY,0.0,0.0,0.0,0.0,0.0,
SS-027940-PV1,2021-11-29,SLURRY,0.0,0.0,0.0,0.0,0.0,
SS-023311-PV1,2021-11-29,SLURRY,0.0,0.0,0.0,0.0,0.0,
SS-005525-PV1,2021-11-29,SLURRY,0.0,0.0,0.0,0.0,0.0,
SS-005528-PV1,2021-11-29,SLURRY,0.0,0.0,0.0,0.0,0.0,
SS-011855-PV1,2021-11-29,SLURRY,0.0,0.0,0.0,0.0,0.0,
SS-005527-PV1,2021-11-29,SLURRY,0.0,0.0,0.0,0.0,0.0,
SS-011854-PV1,2021-11-29,SLURRY,0.0,0.0,0.0,0.0,0.0,
SS-013905-PV1,2021-11-30,SLURRY,0.0,0.0,0.0,0.0,0.0,
SS-025296-PV1,2021-12-01,SLURRY,0.0,0.0,0.0,0.0,0.0,
SS-000011-PV1,2021-12-01,SLURRY,0.0,0.0,0.0,0.0,0.0,
SS-026533-PV1,2021-12-01,SLURRY,0.0,0.0,0.0,0.0,0.0,
SS-016624-PV1,2021-12-01,SLURRY,0.0,0.0,0.0,0.0,0.0,
SS-025312-PV1,2021-12-01,SLURRY,0.0,0.0,0.0,0.0,0.0,
SS-025314-PV1,2021-12-01,SLURRY,0.0,0.0,0.0,0.0,0.0,
SS-022904-PV1,2021-12-01,SLURRY,0.0,0.0,0.0,0.0,0.0,
SS-011853-PV1,2021-12-01,SLURRY,0.0,0.0,0.0,0.0,0.0,
SS-025295-PV1,2021-12-01,SLURRY,0.0,0.0,0.0,0.0,0.0,
SS-025317-PV1,2021-12-01,SLURRY,0.0,0.0,0.0,0.0,0.0,
SS-011851-PV1,2021-12-01,SLURRY,0.0,0.0,0.0,0.0,0.0,
SS-025316-PV1,2021-12-01,SLURRY,0.0,0.0,0.0,0.0,0.0,
SS-025315-PV1,2021-12-01,SLURRY,0.0,0.0,0.0,0.0,0.0,
SS-000012-PV1,2021-12-01,SLURRY,0.0,0.5,0.0,6.929106578320558,-0.5,
SS-000045-PV1,2021-12-01,SLURRY,0.0,0.0,0.0,0.0,0.0,
SS-022903-PV1,2021-12-01,SLURRY,0.5,0.0,9.462328284727192,0.0,0.5,100.0
SS-011852-PV1,2021-12-01,SLURRY,0.0,0.0,0.0,0.0,0.0,
SS-025313-PV1,2021-12-01,SLURRY,0.0,0.0,0.0,0.0,0.0,
SS-009474-PV1,2021-12-02,OVERLAY,0.0,0.0,0.0,0.0,0.0,
SS-009379-PV1,2021-12-02,OVERLAY,0.0,0.0,0.0,0.0,0.0,
SS-011317-PV1,2021-12-02,SLURRY,0.0,0.0,0.0,0.0,0.0,
SS-011316-PV1,2021-12-02,SLURRY,0.0,0.0,0.0,0.0,0.0,
SS-009475-PV1,2021-12-02,OVERLAY,0.0,0.0,0.0,0.0,0.0,
SS-009476-PV1,2021-12-02,OVERLAY,0.5,0.0,6.077369051688714,0.0,0.5,100.0
SS-009477-PV1,2021-12-02,OVERLAY,0.0,0.0,0.0,0.0,0.0,
SS-004317-PV1,2021-12-02,OVERLAY,0.0,0.0,0.0,0.0,0.0,
SS-000093-PV1,2021-12-05,OVERLAY,0.5,1.0,6.983908967921107,13.967817935842215,-0.5,-100.0
SS-014364-PV1,2021-12-06,SLURRY,0.0,0.0,0.0,0.0,0.0,
SS-021076-PV1,2021-12-08,OVERLAY,0.0,0.0,0.0,0.0,0.0,
SS-007081-PV1,2021-12-08,OVERLAY,0.0,0.0,0.0,0.0,0.0,
SS-007080-PV1,2021-12-08,OVERLAY,0.0,0.5,0.0,3.8702651923301903,-0.5,
SS-008900-PV1,2021-12-09,SLURRY,0.0,0.0,0.0,0.0,0.0,
SS-013906-PV1,2021-12-09,SLURRY,0.0,0.0,0.0,0.0,0.0,
SS-012523-PV1,2021-12-09,SLURRY,0.0,0.0,0.0,0.0,0.0,
SS-003299-PV1,2021-12-10,OVERLAY,0.0,0.0,0.0,0.0,0.0,
SS-000454-PV1,2021-12-10,OVERLAY,0.5,0.0,6.874908692618925,0.0,0.5,100.0
SS-010230-PV1,2021-12-21,SLURRY,0.0,0.0,0.0,0.0,0.0,
SS-010232-PV1,2021-12-21,SLURRY,0.0,0.0,0.0,0.0,0.0,
SS-010231-PV1,2021-12-21,SLURRY,0.0,0.0,0.0,0.0,0.0,
SS-013238-PV1,2021-12-21,SLURRY,0.0,0.0,0.0,0.0,0.0,
SS-000680-PV1,2021-12-21,SLURRY,0.0,0.0,0.0,0.0,0.0,
SS-000681-PV1,2021-12-21,SLURRY,0.5,0.5,6.909837095355751,6.909837095355751,0.0,0.0
SS-000627-PV1,2021-12-21,SLURRY,0.0,0.0,0.0,0.0,0.0,
SS-000623-PV1,2021-12-21,SLURRY,0.0,0.0,0.0,0.0,0.0,
SS-000625-PV1,2021-12-21,SLURRY,0.5,0.0,7.020061154305465,0.0,0.5,100.0
SS-012471-PV1,2021-12-21,SLURRY,0.0,0.0,0.0,0.0,0.0,
SS-008625-PV1,2021-12-21,SLURRY,0.5,0.0,6.910994764397906,0.0,0.5,100.0
SS-008624-PV1,2021-12-21,SLURRY,0.0,0.0,0.0,0.0,0.0,
SS-011062-PV1,2021-12-21,OVERLAY,1.5,0.5,20.359897172236504,6.786632390745502,1.0,66.66666666666666
SS-011062-PV1,2021-12-21,SLURRY,1.5,0.5,20.359897172236504,6.786632390745502,1.0,66.66666666666666
SS-011063-PV1,2021-12-21,SLURRY,0.5,0.5,7.115902964959568,7.115902964959568,0.0,0.0
SS-008623-PV1,2021-12-21,SLURRY,0.0,0.0,0.0,0.0,0.0,
SS-000679-PV1,2021-12-21,SLURRY,1.0,0.0,14.041317107456763,0.0,1.0,100.0
SS-008622-PV1,2021-12-21,SLURRY,0.0,1.0,0.0,13.892382448869194,-1.0,
SS-011125-PV1,2021-12-21,SLURRY,0.0,0.0,0.0,0.0,0.0,
SS-011126-PV1,2021-12-21,SLURRY,0.0,0.5,0.0,9.461402495229876,-0.5,
SS-023013-PV1,2021-12-21,OVERLAY,0.0,0.5,0.0,1.8577363777785738,-0.5,
SS-008621-PV1,2021-12-21,SLURRY,0.0,0.0,0.0,0.0,0.0,
SS-014343-PV1,2021-12-21,SLURRY,0.0,0.0,0.0,0.0,0.0,
SS-014357-PV1,2021-12-21,SLURRY,0.0,0.5,0.0,4.75858902788335,-0.5,
SS-012472-PV1,2021-12-21,SLURRY,0.0,0.0,0.0,0.0,0.0,
SS-012473-PV1,2021-12-21,SLURRY,0.0,0.0,0.0,0.0,0.0,
SS-000626-PV1,2021-12-21,SLURRY,0.0,0.0,0.0,0.0,0.0,
SS-000624-PV1,2021-12-21,SLURRY,0.0,0.0,0.0,0.0,0.0,
SS-012546-PV1,2021-12-21,SLURRY,0.0,0.0,0.0,0.0,0.0,
SS-012545-PV1,2021-12-21,SLURRY,0.0,0.5,0.0,9.461402495229876,-0.5,
SS-012544-PV1,2021-12-21,SLURRY,0.0,0.0,0.0,0.0,0.0,
SS-008626-PV1,2021-12-21,SLURRY,0.0,0.0,0.0,0.0,0.0,
SS-016126-PV1,2022-01-11,SLURRY,0.0,0.0,0.0,0.0,0.0,
SS-016130-PV1,2022-01-11,SLURRY,0.0,0.0,0.0,0.0,0.0,
SS-005158-PV1,2022-01-11,SLURRY,0.0,0.0,0.0,0.0,0.0,
SS-009518-PV1,2022-01-11,SLURRY,0.0,0.0,0.0,0.0,0.0,
SS-016127-PV1,2022-01-11,SLURRY,0.0,0.0,0.0,0.0,0.0,
SS-024113-PV1,2022-01-11,SLURRY,0.0,0.0,0.0,0.0,0.0,
SS-017432-PV1,2022-01-11,SLURRY,0.0,0.0,0.0,0.0,0.0,
SS-016131-PV1,2022-01-11,SLURRY,0.0,0.0,0.0,0.0,0.0,
SS-014872-PV1,2022-01-12,SLURRY,0.0,0.0,0.0,0.0,0.0,
SS-012780-PV1,2022-01-12,SLURRY,0.5,0.5,5.279482610704151,5.279482610704151,0.0,0.0
SS-012777-PV1,2022-01-12,SLURRY,0.0,0.0,0.0,0.0,0.0,
SS-014874-PV1,2022-01-12,SLURRY,0.0,0.0,0.0,0.0,0.0,
SS-014873-PV1,2022-01-12,SLURRY,0.0,0.0,0.0,0.0,0.0,
SS-012779-PV1,2022-01-12,SLURRY,0.0,0.0,0.0,0.0,0.0,
SS-014875-PV1,2022-01-12,SLURRY,0.0,0.0,0.0,0.0,0.0,
SS-014876-PV1,2022-01-12,SLURRY,0.0,0.0,0.0,0.0,0.0,
SS-014871-PV1,2022-01-12,SLURRY,0.0,0.0,0.0,0.0,0.0,
SS-012778-PV1,2022-01-12,SLURRY,0.0,0.0,0.0,0.0,0.0,
SS-000044-PV1,2022-01-13,SLURRY,0.0,0.0,0.0,0.0,0.0,
SS-000014-PV1,2022-01-13,SLURRY,0.0,0.0,0.0,0.0,0.0,
SS-000015-PV1,2022-01-13,SLURRY,0.0,0.0,0.0,0.0,0.0,
SS-011565-PV1,2022-01-13,SLURRY,0.0,0.0,0.0,0.0,0.0,
SS-000043-PV1,2022-01-13,SLURRY,0.5,0.0,6.947364764544861,0.0,0.5,100.0
SS-011566-PV1,2022-01-13,SLURRY,0.0,0.0,0.0,0.0,0.0,
SS-000042-PV1,2022-01-13,SLURRY,0.0,0.0,0.0,0.0,0.0,
SS-000041-PV1,2022-01-13,SLURRY,0.0,0.0,0.0,0.0,0.0,
SS-021102-PV1,2022-01-14,SLURRY,0.0,0.0,0.0,0.0,0.0,
SS-024115-PV1,2022-01-14,SLURRY,0.0,0.0,0.0,0.0,0.0,
SS-024114-PV1,2022-01-14,SLURRY,0.0,0.0,0.0,0.0,0.0,
SS-000691-PV1,2022-01-14,SLURRY,0.5,1.5,5.84070796460177,17.52212389380531,-1.0,-200.0
SS-000690-PV1,2022-01-14,SLURRY,3.5,1.0,25.845748989666173,7.384499711333192,2.5,71.42857142857143
SS-017431-PV1,2022-01-14,SLURRY,0.0,0.0,0.0,0.0,0.0,
SS-000652-PV1,2022-01-14,SLURRY,2.0,0.5,15.575221238938052,3.893805309734513,1.5,75.0
SS-016146-PV1,2022-01-14,SLURRY,0.0,0.0,0.0,0.0,0.0,
SS-017430-PV1,2022-01-14,SLURRY,0.0,0.0,0.0,0.0,0.0,
SS-024116-PV1,2022-01-14,SLURRY,0.0,0.0,0.0,0.0,0.0,
SS-021103-PV1,2022-01-14,SLURRY,0.0,0.0,0.0,0.0,0.0,
SS-017420-PV1,2022-01-14,SLURRY,0.0,0.0,0.0,0.0,0.0,
SS-006231-PV1,2022-01-14,SLURRY,0.0,0.0,0.0,0.0,0.0,
SS-017421-PV1,2022-01-14,SLURRY,0.0,0.0,0.0,0.0,0.0,
SS-000653-PV1,2022-01-14,SLURRY,1.0,1.5,7.764705882352941,11.647058823529411,-0.5,-50.0
SS-000655-PV1,2022-01-14,SLURRY,1.0,3.0,7.75330396475771,23.25991189427313,-2.0,-200.0
SS-001347-PV1,2022-01-21,SLURRY,0.0,0.5,0.0,2.2807156678427902,-0.5,
SS-030636-PV1,2022-01-24,SLURRY,1.0,0.0,0.9759704251386321,0.0,1.0,100.0
SS-000546-PV1,2022-01-24,SLURRY,0.0,0.0,0.0,0.0,0.0,
SS-012387-PV1,2022-01-24,SLURRY,2.0,2.0,3.093567316390994,3.093567316390994,0.0,0.0
SS-022514-PV1,2022-01-24,SLURRY,0.0,0.0,0.0,0.0,0.0,
SS-022513-PV1,2022-01-24,SLURRY,0.0,0.0,0.0,0.0,0.0,
SS-031153-PV1,2022-01-25,SLURRY,0.0,0.0,0.0,0.0,0.0,
SS-031125-PV1,2022-01-25,SLURRY,0.0,0.0,0.0,0.0,0.0,
SS-031124-PV1,2022-01-25,SLURRY,0.0,0.0,0.0,0.0,0.0,
SS-031146-PV1,2022-01-25,SLURRY,0.0,0.0,0.0,0.0,0.0,
SS-031145-PV1,2022-01-25,SLURRY,0.0,0.0,0.0,0.0,0.0,
SS-031152-PV1,2022-01-25,SLURRY,0.0,0.0,0.0,0.0,0.0,
SS-031126-PV1,2022-01-25,SLURRY,0.0,0.0,0.0,0.0,0.0,
SS-031129-PV1,2022-01-25,SLURRY,0.0,0.0,0.0,0.0,0.0,
SS-017922-PV1,2022-01-26,SLURRY,0.0,0.5,0.0,8.097170958882934,-0.5,
SS-031147-PV1,2022-01-26,SLURRY,0.0,0.0,0.0,0.0,0.0,
SS-031131-PV1,2022-01-26,SLURRY,0.0,0.0,0.0,0.0,0.0,
SS-031130-PV1,2022-01-26,SLURRY,0.0,0.0,0.0,0.0,0.0,
SS-017903-PV1,2022-01-26,SLURRY,0.5,0.0,6.965645909305707,0.0,0.5,100.0
SS-017911-PV1,2022-01-26,SLURRY,1.5,0.5,25.34041585158195,8.44680528386065,1.0,66.66666666666666
SS-016013-PV1,2022-01-26,SLURRY,0.0,0.0,0.0,0.0,0.0,
SS-017912-PV1,2022-01-26,SLURRY,0.5,0.0,7.974879130738175,0.0,0.5,100.0
SS-016012-PV1,2022-01-26,SLURRY,0.0,0.5,0.0,7.90274356914242,-0.5,
SS-031151-PV1,2022-01-26,SLURRY,0.0,0.0,0.0,0.0,0.0,
SS-017909-PV1,2022-01-26,SLURRY,0.5,1.5,6.886966103605014,20.660898310815043,-1.0,-200.0
SS-017921-PV1,2022-01-26,SLURRY,0.0,0.0,0.0,0.0,0.0,
SS-017919-PV1,2022-01-26,SLURRY,1.5,0.5,23.497760295549607,7.832586765183202,1.0,66.66666666666666
SS-000873-PV1,2022-01-26,OVERLAY,0.0,0.0,0.0,0.0,0.0,
SS-017914-PV1,2022-01-26,SLURRY,0.0,1.0,0.0,16.046715392355868,-1.0,
SS-017904-PV1,2022-01-26,SLURRY,0.0,1.5,0.0,20.78725971948748,-1.5,
SS-017915-PV1,2022-01-26,SLURRY,0.0,0.0,0.0,0.0,0.0,
SS-017906-PV1,2022-01-26,SLURRY,0.0,0.0,0.0,0.0,0.0,
SS-017879-PV1,2022-01-26,SLURRY,0.0,0.0,0.0,0.0,0.0,
SS-017907-PV1,2022-01-26,SLURRY,1.0,1.0,13.931207276311778,13.931207276311778,0.0,0.0
SS-017913-PV1,2022-01-26,SLURRY,0.0,0.0,0.0,0.0,0.0,
SS-016020-PV1,2022-01-26,SLURRY,0.0,0.0,0.0,0.0,0.0,
SS-016019-PV1,2022-01-26,SLURRY,0.0,0.5,0.0,10.876107539985144,-0.5,
SS-016018-PV1,2022-01-26,SLURRY,0.0,0.0,0.0,0.0,0.0,
SS-017916-PV1,2022-01-26,SLURRY,2.5,0.5,39.51639121945787,7.903278243891574,2.0,80.0
SS-017908-PV1,2022-01-26,SLURRY,0.0,0.0,0.0,0.0,0.0,
SS-030765-PV1,2022-01-26,SLURRY,0.0,0.0,0.0,0.0,0.0,
SS-031137-PV1,2022-01-26,SLURRY,0.0,0.0,0.0,0.0,0.0,
SS-016017-PV1,2022-01-26,SLURRY,0.0,0.0,0.0,0.0,0.0,
SS-017923-PV1,2022-01-26,SLURRY,0.0,0.0,0.0,0.0,0.0,
SS-031134-PV1,2022-01-26,SLURRY,0.0,1.0,0.0,13.716377016443804,-1.0,
SS-016016-PV1,2022-01-26,SLURRY,0.0,0.0,0.0,0.0,0.0,
SS-016015-PV1,2022-01-26,SLURRY,0.0,0.0,0.0,0.0,0.0,
SS-017918-PV1,2022-01-26,SLURRY,0.0,0.0,0.0,0.0,0.0,
SS-016014-PV1,2022-01-26,SLURRY,0.0,0.0,0.0,0.0,0.0,
SS-015996-PV1,2022-01-26,SLURRY,0.0,0.0,0.0,0.0,0.0,
SS-017924-PV1,2022-01-26,SLURRY,0.5,1.0,8.248953414035595,16.49790682807119,-0.5,-100.0
SS-017874-PV1,2022-01-26,SLURRY,0.0,0.0,0.0,0.0,0.0,
SS-015983-PV1,2022-01-26,SLURRY,0.0,0.0,0.0,0.0,0.0,
SS-015984-PV1,2022-01-26,SLURRY,0.0,0.0,0.0,0.0,0.0,
SS-017875-PV1,2022-01-26,SLURRY,0.0,0.0,0.0,0.0,0.0,
SS-015985-PV1,2022-01-26,SLURRY,0.0,0.5,0.0,9.850136148283353,-0.5,
SS-015987-PV1,2022-01-26,SLURRY,0.0,0.0,0.0,0.0,0.0,
SS-017876-PV1,2022-01-26,SLURRY,0.0,0.0,0.0,0.0,0.0,
SS-017899-PV1,2022-01-26,SLURRY,0.5,0.5,6.965651422971769,6.965651422971769,0.0,0.0
SS-015988-PV1,2022-01-26,SLURRY,1.0,0.0,7.205041564083522,0.0,1.0,100.0
SS-017896-PV1,2022-01-26,SLURRY,0.0,0.5,0.0,6.984073402611462,-0.5,
SS-015989-PV1,2022-01-26,SLURRY,0.0,0.0,0.0,0.0,0.0,
SS-017897-PV1,2022-01-26,SLURRY,0.0,0.5,0.0,6.874908692618925,-0.5,
SS-016001-PV1,2022-01-26,SLURRY,0.5,1.0,7.019689697807676,14.039379395615352,-0.5,-100.0
SS-015999-PV1,2022-01-26,SLURRY,0.0,0.0,0.0,0.0,0.0,
SS-026019-PV1,2022-01-26,SLURRY,0.0,0.0,0.0,0.0,0.0,
SS-015990-PV1,2022-01-26,SLURRY,0.5,0.0,6.9461656376343255,0.0,0.5,100.0
SS-015991-PV1,2022-01-26,SLURRY,0.0,0.0,0.0,0.0,0.0,
SS-015992-PV1,2022-01-26,SLURRY,0.0,0.0,0.0,0.0,0.0,
SS-015993-PV1,2022-01-26,SLURRY,0.0,0.0,0.0,0.0,0.0,
SS-015995-PV1,2022-01-26,OVERLAY,0.0,0.0,0.0,0.0,0.0,
SS-017898-PV1,2022-01-26,SLURRY,1.0,0.0,13.931306521724792,0.0,1.0,100.0
SS-017910-PV1,2022-01-26,SLURRY,0.0,0.0,0.0,0.0,0.0,
SS-017872-PV1,2022-01-26,SLURRY,0.0,0.0,0.0,0.0,0.0,
SS-015982-PV1,2022-01-26,SLURRY,0.0,0.0,0.0,0.0,0.0,
SS-031127-PV1,2022-01-26,SLURRY,0.0,0.0,0.0,0.0,0.0,
SS-017880-PV1,2022-01-26,SLURRY,0.0,0.0,0.0,0.0,0.0,
SS-016010-PV1,2022-01-26,SLURRY,0.0,0.0,0.0,0.0,0.0,
SS-017902-PV1,2022-01-26,SLURRY,0.5,0.5,6.984080793116448,6.984080793116448,0.0,0.0
SS-017895-PV1,2022-01-26,SLURRY,0.0,0.0,0.0,0.0,0.0,
SS-016008-PV1,2022-01-26,SLURRY,1.0,0.5,15.853285052874309,7.9266425264371545,0.5,50.0
SS-016006-PV1,2022-01-26,SLURRY,0.0,0.0,0.0,0.0,0.0,
SS-016005-PV1,2022-01-26,SLURRY,1.0,1.0,15.66418828354317,15.66418828354317,0.0,0.0
SS-031343-PV1,2022-01-26,SLURRY,0.0,0.0,0.0,0.0,0.0,
SS-016004-PV1,2022-01-26,SLURRY,0.0,0.0,0.0,0.0,0.0,
SS-017926-PV1,2022-01-26,SLURRY,0.0,0.0,0.0,0.0,0.0,
SS-031342-PV1,2022-01-26,SLURRY,0.0,0.0,0.0,0.0,0.0,
SS-031340-PV1,2022-01-26,SLURRY,0.0,0.0,0.0,0.0,0.0,
SS-015970-PV1,2022-01-26,SLURRY,0.0,0.0,0.0,0.0,0.0,
SS-015971-PV1,2022-01-26,SLURRY,0.0,0.5,0.0,7.927606538473665,-0.5,
SS-015972-PV1,2022-01-26,SLURRY,0.0,0.0,0.0,0.0,0.0,
SS-016003-PV1,2022-01-26,SLURRY,1.0,1.0,13.96513213316071,13.96513213316071,0.0,0.0
SS-015973-PV1,2022-01-26,SLURRY,0.0,0.0,0.0,0.0,0.0,
SS-016002-PV1,2022-01-26,SLURRY,0.0,0.0,0.0,0.0,0.0,
SS-015981-PV1,2022-01-26,SLURRY,0.0,0.0,0.0,0.0,0.0,
SS-017878-PV1,2022-01-26,SLURRY,0.0,0.0,0.0,0.0,0.0,
SS-017877-PV1,2022-01-26,SLURRY,0.5,0.0,16.813915808137935,0.0,0.5,100.0
SS-030762-PV1,2022-01-27,SLURRY,0.0,0.0,0.0,0.0,0.0,
SS-030761-PV1,2022-01-27,SLURRY,0.0,0.0,0.0,0.0,0.0,
SS-031139-PV1,2022-01-27,SLURRY,0.0,0.0,0.0,0.0,0.0,
SS-030988-PV1,2022-01-27,SLURRY,0.0,0.0,0.0,0.0,0.0,
SS-031140-PV1,2022-01-27,SLURRY,0.0,0.5,0.0,1.9082253475355413,-0.5,
SS-031143-PV1,2022-01-27,SLURRY,0.0,0.0,0.0,0.0,0.0,
SS-013405-PV1,2022-01-28,SLURRY,0.0,0.0,0.0,0.0,0.0,
SS-021054-PV1,2022-01-28,SLURRY,0.0,0.0,0.0,0.0,0.0,
SS-010171-PV1,2022-01-28,SLURRY,0.0,0.0,0.0,0.0,0.0,
SS-023939-PV1,2022-01-28,SLURRY,0.0,0.0,0.0,0.0,0.0,
SS-015179-PV1,2022-01-28,SLURRY,0.0,0.0,0.0,0.0,0.0,
SS-028009-PV1,2022-01-28,SLURRY,0.0,0.0,0.0,0.0,0.0,
SS-016399-PV1,2022-01-28,SLURRY,0.0,0.0,0.0,0.0,0.0,
SS-028010-PV1,2022-01-28,SLURRY,0.0,0.0,0.0,0.0,0.0,
SS-023937-PV1,2022-01-28,SLURRY,0.0,0.0,0.0,0.0,0.0,
SS-020834-PV1,2022-01-28,SLURRY,0.0,0.0,0.0,0.0,0.0,
SS-019839-PV1,2022-01-28,SLURRY,0.0,0.0,0.0,0.0,0.0,
SS-024369-PV1,2022-01-28,SLURRY,0.0,0.0,0.0,0.0,0.0,
SS-002360-PV1,2022-01-30,SLURRY,0.0,0.0,0.0,0.0,0.0,
SS-028007-PV1,2022-01-31,SLURRY,0.0,0.0,0.0,0.0,0.0,
SS-017971-PV1,2022-01-31,SLURRY,0.0,0.0,0.0,0.0,0.0,
SS-028008-PV1,2022-01-31,SLURRY,0.0,0.0,0.0,0.0,0.0,
SS-012453-PV1,2022-01-31,SLURRY,0.0,0.0,0.0,0.0,0.0,
SS-018290-PV1,2022-01-31,SLURRY,0.0,0.0,0.0,0.0,0.0,
SS-003798-PV1,2022-01-31,SLURRY,0.0,0.0,0.0,0.0,0.0,
SS-018289-PV1,2022-01-31,SLURRY,0.0,0.0,0.0,0.0,0.0,
SS-004294-PV1,2022-01-31,SLURRY,0.0,0.0,0.0,0.0,0.0,
SS-027509-PV1,2022-01-31,SLURRY,0.0,0.0,0.0,0.0,0.0,
SS-027507-PV1,2022-01-31,SLURRY,0.0,0.0,0.0,0.0,0.0,
SS-004295-PV1,2022-01-31,SLURRY,0.0,0.0,0.0,0.0,0.0,
SS-008657-PV1,2022-01-31,SLURRY,0.0,0.0,0.0,0.0,0.0,
SS-010971-PV1,2022-01-31,SLURRY,0.0,0.0,0.0,0.0,0.0,
SS-005332-PV1,2022-01-31,SLURRY,0.0,0.0,0.0,0.0,0.0,
SS-012452-PV1,2022-01-31,SLURRY,0.0,0.0,0.0,0.0,0.0,
SS-023938-PV1,2022-01-31,SLURRY,0.0,0.0,0.0,0.0,0.0,
SS-017969-PV1,2022-01-31,SLURRY,0.0,0.0,0.0,0.0,0.0,
SS-002339-PV1,2022-01-31,SLURRY,0.0,0.0,0.0,0.0,0.0,
SS-003632-PV1,2022-01-31,SLURRY,0.0,0.0,0.0,0.0,0.0,
SS-013833-PV1,2022-01-31,SLURRY,0.0,0.0,0.0,0.0,0.0,
SS-013834-PV1,2022-01-31,SLURRY,0.0,0.0,0.0,0.0,0.0,
SS-006700-PV1,2022-01-31,SLURRY,0.0,0.0,0.0,0.0,0.0,
SS-017970-PV1,2022-01-31,SLURRY,0.0,0.0,0.0,0.0,0.0,
SS-020638-PV1,2022-01-31,SLURRY,0.0,0.0,0.0,0.0,0.0,
SS-015835-PV1,2022-01-31,SLURRY,0.0,0.0,0.0,0.0,0.0,
SS-028006-PV1,2022-01-31,SLURRY,0.0,0.0,0.0,0.0,0.0,
SS-011109-PV1,2022-01-31,SLURRY,0.0,0.0,0.0,0.0,0.0,
SS-028429-PV1,2022-01-31,SLURRY,0.0,0.0,0.0,0.0,0.0,
SS-028428-PV1,2022-01-31,SLURRY,0.0,0.0,0.0,0.0,0.0,
SS-013935-PV1,2022-01-31,SLURRY,0.0,0.0,0.0,0.0,0.0,
SS-020642-PV1,2022-01-31,SLURRY,0.0,0.0,0.0,0.0,0.0,
SS-015177-PV1,2022-01-31,SLURRY,0.0,0.0,0.0,0.0,0.0,
SS-002340-PV1,2022-01-31,SLURRY,0.0,0.0,0.0,0.0,0.0,
SS-006699-PV1,2022-02-01,SLURRY,0.0,0.0,0.0,0.0,0.0,
SS-021592-PV1,2022-02-01,SLURRY,0.0,0.0,0.0,0.0,0.0,
SS-004293-PV1,2022-02-01,SLURRY,0.0,0.0,0.0,0.0,0.0,
SS-002042-PV1,2022-02-01,SLURRY,0.5,0.0,1.4652493635184323,0.0,0.5,100.0
SS-005498-PV1,2022-02-01,SLURRY,0.5,0.0,2.7533636926445144,0.0,0.5,100.0
SS-005441-PV1,2022-02-01,SLURRY,0.0,0.0,0.0,0.0,0.0,
SS-025111-PV1,2022-02-01,SLURRY,0.0,0.0,0.0,0.0,0.0,
SS-023221-PV1,2022-02-01,SLURRY,0.0,0.0,0.0,0.0,0.0,
SS-021337-PV1,2022-02-01,SLURRY,0.0,0.0,0.0,0.0,0.0,
SS-002341-PV1,2022-02-01,SLURRY,0.0,0.0,0.0,0.0,0.0,
SS-003437-PV1,2022-02-01,SLURRY,0.0,0.0,0.0,0.0,0.0,
SS-017974-PV1,2022-02-01,SLURRY,0.0,0.0,0.0,0.0,0.0,
SS-019842-PV1,2022-02-01,SLURRY,0.0,0.0,0.0,0.0,0.0,
SS-019843-PV1,2022-02-01,SLURRY,0.0,0.0,0.0,0.0,0.0,
SS-019840-PV1,2022-02-01,SLURRY,0.0,0.0,0.0,0.0,0.0,
SS-002338-PV1,2022-02-01,SLURRY,0.0,0.0,0.0,0.0,0.0,
SS-003182-PV1,2022-02-01,SLURRY,0.0,0.0,0.0,0.0,0.0,
SS-002337-PV1,2022-02-01,SLURRY,0.0,0.0,0.0,0.0,0.0,
SS-019841-PV1,2022-02-01,SLURRY,0.0,0.0,0.0,0.0,0.0,
SS-002336-PV1,2022-02-01,SLURRY,0.0,0.0,0.0,0.0,0.0,
SS-002335-PV1,2022-02-01,SLURRY,0.0,0.0,0.0,0.0,0.0,
SS-027508-PV1,2022-02-01,SLURRY,0.0,0.5,0.0,2.4797328801684118,-0.5,
SS-024453-PV1,2022-02-01,SLURRY,0.0,0.0,0.0,0.0,0.0,
SS-020640-PV1,2022-02-02,SLURRY,0.0,0.0,0.0,0.0,0.0,
SS-003184-PV1,2022-02-02,SLURRY,0.0,0.0,0.0,0.0,0.0,
SS-015174-PV1,2022-02-02,SLURRY,0.0,0.0,0.0,0.0,0.0,
SS-020639-PV1,2022-02-02,SLURRY,0.0,0.0,0.0,0.0,0.0,
SS-017968-PV1,2022-02-02,SLURRY,0.0,0.0,0.0,0.0,0.0,
SS-018926-PV1,2022-02-02,SLURRY,0.0,0.0,0.0,0.0,0.0,
SS-020643-PV1,2022-02-02,SLURRY,0.0,0.0,0.0,0.0,0.0,
SS-015178-PV1,2022-02-02,SLURRY,0.0,0.0,0.0,0.0,0.0,
SS-015173-PV1,2022-02-02,SLURRY,0.0,0.0,0.0,0.0,0.0,
SS-018927-PV1,2022-02-02,SLURRY,0.0,0.0,0.0,0.0,0.0,
SS-010300-PV1,2022-02-02,SLURRY,0.0,0.0,0.0,0.0,0.0,
SS-001886-PV1,2022-02-02,SLURRY,0.0,0.0,0.0,0.0,0.0,
SS-010299-PV1,2022-02-02,SLURRY,0.0,0.0,0.0,0.0,0.0,
SS-001885-PV1,2022-02-02,SLURRY,0.0,0.0,0.0,0.0,0.0,
SS-010301-PV1,2022-02-02,SLURRY,0.0,0.0,0.0,0.0,0.0,
SS-003185-PV1,2022-02-02,SLURRY,0.0,0.0,0.0,0.0,0.0,
SS-027715-PV1,2022-02-02,SLURRY,0.0,0.0,0.0,0.0,0.0,
SS-027716-PV1,2022-02-02,SLURRY,0.0,0.0,0.0,0.0,0.0,
SS-031136-PV1,2022-02-03,SLURRY,0.0,0.0,0.0,0.0,0.0,
SS-005431-PV1,2022-02-03,SLURRY,0.0,0.0,0.0,0.0,0.0,
SS-003136-PV1,2022-02-03,SLURRY,0.0,0.0,0.0,0.0,0.0,
SS-027718-PV1,2022-02-03,SLURRY,0.0,0.0,0.0,0.0,0.0,
SS-003135-PV1,2022-02-03,SLURRY,0.0,0.0,0.0,0.0,0.0,
SS-016400-PV1,2022-02-03,SLURRY,0.0,0.0,0.0,0.0,0.0,
SS-030770-PV1,2022-02-03,SLURRY,0.0,0.5,0.0,3.1338584920442725,-0.5,
SS-030772-PV1,2022-02-03,SLURRY,0.0,0.0,0.0,0.0,0.0,
SS-015013-PV1,2022-02-03,SLURRY,0.0,0.0,0.0,0.0,0.0,
SS-015176-PV1,2022-02-03,SLURRY,0.0,0.0,0.0,0.0,0.0,
SS-003181-PV1,2022-02-03,SLURRY,0.0,0.0,0.0,0.0,0.0,
SS-020641-PV1,2022-02-03,SLURRY,0.0,0.0,0.0,0.0,0.0,
SS-027717-PV1,2022-02-03,SLURRY,0.0,0.5,0.0,13.551985725241703,-0.5,
SS-031150-PV1,2022-02-04,SLURRY,0.0,0.0,0.0,0.0,0.0,
SS-031149-PV1,2022-02-04,SLURRY,0.0,0.0,0.0,0.0,0.0,
SS-003274-PV1,2022-02-04,SLURRY,0.5,0.5,4.802667663584046,4.802667663584046,0.0,0.0
SS-031148-PV1,2022-02-04,SLURRY,0.0,0.0,0.0,0.0,0.0,
SS-030778-PV1,2022-02-04,SLURRY,0.0,0.0,0.0,0.0,0.0,
SS-030767-PV1,2022-02-04,SLURRY,0.0,0.0,0.0,0.0,0.0,
SS-031123-PV1,2022-02-04,SLURRY,0.0,0.0,0.0,0.0,0.0,
SS-031132-PV1,2022-02-04,SLURRY,0.0,0.0,0.0,0.0,0.0,
SS-031128-PV1,2022-02-04,SLURRY,0.0,0.0,0.0,0.0,0.0,
SS-003275-PV1,2022-02-04,SLURRY,1.0,0.0,1.7342896188773744,0.0,1.0,100.0
SS-031138-PV1,2022-02-04,SLURRY,0.0,0.0,0.0,0.0,0.0,
SS-031141-PV1,2022-02-04,SLURRY,0.0,0.0,0.0,0.0,0.0,
SS-031142-PV1,2022-02-04,SLURRY,0.0,0.0,0.0,0.0,0.0,
SS-031133-PV1,2022-02-04,SLURRY,0.0,0.0,0.0,0.0,0.0,
SS-030764-PV1,2022-02-04,SLURRY,0.0,0.0,0.0,0.0,0.0,
SS-030766-PV1,2022-02-04,SLURRY,0.0,0.0,0.0,0.0,0.0,
SS-031144-PV1,2022-02-04,SLURRY,0.0,0.0,0.0,0.0,0.0,
SS-017124-PV1,2022-02-07,SLURRY,0.0,0.0,0.0,0.0,0.0,
SS-017973-PV1,2022-02-07,SLURRY,0.0,0.0,0.0,0.0,0.0,
SS-016154-PV1,2022-02-07,SLURRY,0.0,0.0,0.0,0.0,0.0,
SS-001371-PV1,2022-02-07,SLURRY,1.0,0.5,7.09996631550072,3.54998315775036,0.5,50.0
SS-001370-PV1,2022-02-07,SLURRY,0.0,0.0,0.0,0.0,0.0,
SS-007646-PV1,2022-02-07,SLURRY,0.0,0.0,0.0,0.0,0.0,
SS-017285-PV1,2022-02-07,SLURRY,0.0,0.0,0.0,0.0,0.0,
SS-014108-PV1,2022-02-07,SLURRY,0.0,0.0,0.0,0.0,0.0,
SS-017125-PV1,2022-02-07,SLURRY,0.0,0.0,0.0,0.0,0.0,
SS-002451-PV1,2022-02-07,SLURRY,0.0,1.0,0.0,9.759864811084693,-1.0,
SS-002232-PV1,2022-02-07,SLURRY,0.0,0.0,0.0,0.0,0.0,
SS-002233-PV1,2022-02-07,SLURRY,0.0,0.0,0.0,0.0,0.0,
SS-007957-PV1,2022-02-07,SLURRY,0.0,0.0,0.0,0.0,0.0,
SS-010178-PV1,2022-02-07,SLURRY,0.0,0.0,0.0,0.0,0.0,
SS-010179-PV1,2022-02-07,SLURRY,0.0,0.0,0.0,0.0,0.0,
SS-021063-PV1,2022-02-07,SLURRY,0.0,0.0,0.0,0.0,0.0,
SS-021064-PV1,2022-02-07,SLURRY,0.0,0.0,0.0,0.0,0.0,
SS-012071-PV1,2022-02-07,SLURRY,0.0,0.0,0.0,0.0,0.0,
SS-020541-PV1,2022-02-07,SLURRY,0.0,0.0,0.0,0.0,0.0,
SS-017972-PV1,2022-02-07,SLURRY,0.0,0.0,0.0,0.0,0.0,
SS-004172-PV1,2022-02-07,SLURRY,0.5,0.0,9.705882352941178,0.0,0.5,100.0
SS-003843-PV1,2022-02-07,SLURRY,0.0,0.0,0.0,0.0,0.0,
SS-017683-PV1,2022-02-07,SLURRY,0.0,0.0,0.0,0.0,0.0,
SS-009781-PV1,2022-02-07,SLURRY,0.0,0.5,0.0,4.791533795377549,-0.5,
SS-014737-PV1,2022-02-08,SLURRY,0.0,0.0,0.0,0.0,0.0,
SS-007645-PV1,2022-02-08,SLURRY,0.0,0.0,0.0,0.0,0.0,
SS-007644-PV1,2022-02-08,SLURRY,0.0,0.0,0.0,0.0,0.0,
SS-022525-PV1,2022-02-08,SLURRY,0.0,0.0,0.0,0.0,0.0,
SS-001224-PV1,2022-02-08,SLURRY,0.0,0.0,0.0,0.0,0.0,
SS-002137-PV1,2022-02-08,SLURRY,0.0,0.0,0.0,0.0,0.0,
SS-002138-PV1,2022-02-08,SLURRY,0.0,0.0,0.0,0.0,0.0,
SS-014897-PV1,2022-02-08,SLURRY,0.0,0.0,0.0,0.0,0.0,
SS-014895-PV1,2022-02-08,SLURRY,0.0,0.0,0.0,0.0,0.0,
SS-019792-PV1,2022-02-08,SLURRY,0.0,0.0,0.0,0.0,0.0,
SS-023130-PV1,2022-02-08,SLURRY,0.0,0.0,0.0,0.0,0.0,
SS-010078-PV1,2022-02-08,SLURRY,0.0,0.0,0.0,0.0,0.0,
SS-002902-PV1,2022-02-08,SLURRY,0.0,0.0,0.0,0.0,0.0,
SS-002903-PV1,2022-02-08,SLURRY,0.0,0.0,0.0,0.0,0.0,
SS-001225-PV1,2022-02-08,SLURRY,0.0,0.0,0.0,0.0,0.0,
SS-010077-PV1,2022-02-08,SLURRY,0.0,0.0,0.0,0.0,0.0,
SS-022027-PV1,2022-02-09,SLURRY,0.0,0.0,0.0,0.0,0.0,
SS-015225-PV1,2022-02-09,SLURRY,0.0,0.0,0.0,0.0,0.0,
SS-022026-PV1,2022-02-09,SLURRY,0.0,0.5,0.0,3.6085218524018883,-0.5,
SS-000686-PV1,2022-02-09,OVERLAY,0.5,0.0,6.803758973745738,0.0,0.5,100.0
SS-013171-PV1,2022-02-09,SLURRY,0.0,0.0,0.0,0.0,0.0,
SS-017750-PV1,2022-02-09,SLURRY,0.0,0.0,0.0,0.0,0.0,
SS-013297-PV1,2022-02-09,SLURRY,0.0,0.0,0.0,0.0,0.0,
SS-011689-PV1,2022-02-09,OVERLAY,0.5,0.0,13.894744155128503,0.0,0.5,100.0
SS-001523-PV1,2022-02-09,SLURRY,0.0,0.0,0.0,0.0,0.0,
SS-023131-PV1,2022-02-09,SLURRY,0.0,0.0,0.0,0.0,0.0,
SS-017313-PV1,2022-02-09,SLURRY,0.0,0.0,0.0,0.0,0.0,
SS-005352-PV1,2022-02-09,SLURRY,0.0,0.0,0.0,0.0,0.0,
SS-002598-PV1,2022-02-09,SLURRY,0.0,0.5,0.0,9.562889035713043,-0.5,
SS-027529-PV1,2022-02-09,SLURRY,0.0,0.0,0.0,0.0,0.0,
SS-017128-PV1,2022-02-09,SLURRY,0.0,0.0,0.0,0.0,0.0,
SS-016620-PV1,2022-02-09,SLURRY,0.0,0.0,0.0,0.0,0.0,
SS-001524-PV1,2022-02-09,SLURRY,0.0,0.0,0.0,0.0,0.0,
SS-008294-PV1,2022-02-09,SLURRY,0.0,0.0,0.0,0.0,0.0,
SS-000650-PV1,2022-02-09,OVERLAY,0.0,0.0,0.0,0.0,0.0,
SS-001526-PV1,2022-02-09,SLURRY,0.0,0.0,0.0,0.0,0.0,
SS-000697-PV1,2022-02-09,OVERLAY,0.5,0.0,3.351703376282534,0.0,0.5,100.0
SS-017129-PV1,2022-02-09,SLURRY,0.0,0.0,0.0,0.0,0.0,
SS-002597-PV1,2022-02-09,SLURRY,0.0,0.0,0.0,0.0,0.0,
SS-009782-PV1,2022-02-09,SLURRY,0.0,0.0,0.0,0.0,0.0,
SS-028505-PV1,2022-02-09,SLURRY,0.0,0.0,0.0,0.0,0.0,
SS-001485-PV1,2022-02-09,SLURRY,0.0,0.0,0.0,0.0,0.0,
SS-001484-PV1,2022-02-09,SLURRY,0.0,0.0,0.0,0.0,0.0,
SS-001483-PV1,2022-02-09,SLURRY,0.0,0.0,0.0,0.0,0.0,
SS-002977-PV1,2022-02-09,SLURRY,0.0,0.0,0.0,0.0,0.0,
SS-001522-PV1,2022-02-09,SLURRY,0.0,0.0,0.0,0.0,0.0,
SS-016995-PV1,2022-02-09,SLURRY,0.0,0.0,0.0,0.0,0.0,
SS-001222-PV1,2022-02-09,SLURRY,0.0,0.0,0.0,0.0,0.0,
SS-001223-PV1,2022-02-09,SLURRY,0.0,0.0,0.0,0.0,0.0,
SS-024994-PV1,2022-02-09,SLURRY,0.0,0.0,0.0,0.0,0.0,
SS-002384-PV1,2022-02-09,SLURRY,0.0,0.0,0.0,0.0,0.0,
SS-002383-PV1,2022-02-09,SLURRY,0.0,0.0,0.0,0.0,0.0,
SS-024995-PV1,2022-02-09,SLURRY,0.0,0.0,0.0,0.0,0.0,
SS-000698-PV1,2022-02-09,OVERLAY,1.5,1.0,19.930419683805905,13.286946455870604,0.5,33.33333333333333
SS-013170-PV1,2022-02-09,SLURRY,0.5,0.0,13.26848528680786,0.0,0.5,100.0
SS-019904-PV1,2022-02-10,SLURRY,0.0,0.0,0.0,0.0,0.0,
SS-019706-PV1,2022-02-10,SLURRY,0.0,0.5,0.0,3.241879184741064,-0.5,
SS-020968-PV1,2022-02-10,SLURRY,0.0,0.0,0.0,0.0,0.0,
SS-022024-PV1,2022-02-10,SLURRY,0.0,0.0,0.0,0.0,0.0,
SS-013181-PV1,2022-02-10,SLURRY,0.0,0.0,0.0,0.0,0.0,
SS-022028-PV1,2022-02-10,SLURRY,0.0,0.0,0.0,0.0,0.0,
SS-022029-PV1,2022-02-10,SLURRY,0.0,0.0,0.0,0.0,0.0,
SS-014794-PV1,2022-02-10,SLURRY,0.0,0.0,0.0,0.0,0.0,
SS-014793-PV1,2022-02-10,SLURRY,0.0,0.0,0.0,0.0,0.0,
SS-020969-PV1,2022-02-10,SLURRY,0.0,0.0,0.0,0.0,0.0,
SS-020222-PV1,2022-02-10,SLURRY,0.0,0.0,0.0,0.0,0.0,
SS-014104-PV1,2022-02-10,SLURRY,0.0,0.0,0.0,0.0,0.0,
SS-020223-PV1,2022-02-10,SLURRY,0.0,0.0,0.0,0.0,0.0,
SS-019903-PV1,2022-02-10,SLURRY,0.0,0.0,0.0,0.0,0.0,
SS-022025-PV1,2022-02-10,SLURRY,0.0,0.0,0.0,0.0,0.0,
SS-002133-PV1,2022-02-11,SLURRY,0.0,0.0,0.0,0.0,0.0,
SS-002945-PV1,2022-02-11,SLURRY,0.0,0.0,0.0,0.0,0.0,
SS-002943-PV1,2022-02-11,SLURRY,0.0,0.0,0.0,0.0,0.0,
SS-009799-PV1,2022-02-11,SLURRY,0.0,0.0,0.0,0.0,0.0,
SS-002944-PV1,2022-02-11,SLURRY,0.5,0.0,10.237160894045383,0.0,0.5,100.0
SS-023185-PV1,2022-02-11,SLURRY,0.0,0.0,0.0,0.0,0.0,
SS-023186-PV1,2022-02-11,SLURRY,0.0,0.0,0.0,0.0,0.0,
SS-004987-PV1,2022-02-11,SLURRY,0.0,0.0,0.0,0.0,0.0,
SS-024213-PV1,2022-02-11,SLURRY,0.0,0.0,0.0,0.0,0.0,
SS-024212-PV1,2022-02-11,SLURRY,0.0,0.0,0.0,0.0,0.0,
SS-002183-PV1,2022-02-11,SLURRY,0.0,0.0,0.0,0.0,0.0,
SS-024211-PV1,2022-02-11,SLURRY,0.0,0.0,0.0,0.0,0.0,
SS-023184-PV1,2022-02-11,SLURRY,0.0,0.0,0.0,0.0,0.0,
SS-005065-PV1,2022-02-11,SLURRY,0.0,0.0,0.0,0.0,0.0,
SS-006916-PV1,2022-02-14,SLURRY,0.0,0.0,0.0,0.0,0.0,
SS-002947-PV1,2022-02-14,SLURRY,0.0,0.0,0.0,0.0,0.0,
SS-024214-PV1,2022-02-14,SLURRY,0.0,0.0,0.0,0.0,0.0,
SS-027319-PV1,2022-02-14,SLURRY,0.0,0.0,0.0,0.0,0.0,
SS-015267-PV1,2022-02-14,SLURRY,0.0,0.0,0.0,0.0,0.0,
SS-010855-PV1,2022-02-14,SLURRY,0.0,0.0,0.0,0.0,0.0,
SS-004986-PV1,2022-02-14,SLURRY,0.0,0.0,0.0,0.0,0.0,
SS-028942-PV1,2022-02-14,SLURRY,0.0,0.0,0.0,0.0,0.0,
SS-002182-PV1,2022-02-14,SLURRY,0.0,0.0,0.0,0.0,0.0,
SS-002184-PV1,2022-02-14,SLURRY,0.0,0.0,0.0,0.0,0.0,
SS-006915-PV1,2022-02-14,SLURRY,0.0,0.0,0.0,0.0,0.0,
SS-004985-PV1,2022-02-14,SLURRY,0.0,0.0,0.0,0.0,0.0,
SS-006400-PV1,2022-02-16,SLURRY,0.0,0.0,0.0,0.0,0.0,
SS-031338-PV1,2022-02-16,SLURRY,0.0,0.0,0.0,0.0,0.0,
SS-006407-PV1,2022-02-16,SLURRY,0.0,0.0,0.0,0.0,0.0,
SS-016095-PV1,2022-02-16,SLURRY,0.0,0.0,0.0,0.0,0.0,
SS-009576-PV1,2022-02-16,SLURRY,0.0,1.0,0.0,24.45429409067541,-1.0,
SS-006408-PV1,2022-02-16,SLURRY,0.0,0.0,0.0,0.0,0.0,
SS-006409-PV1,2022-02-16,SLURRY,0.5,0.0,5.937681335438511,0.0,0.5,100.0
SS-002946-PV1,2022-02-16,SLURRY,0.0,0.0,0.0,0.0,0.0,
SS-003432-PV1,2022-02-16,SLURRY,0.0,0.0,0.0,0.0,0.0,
SS-009577-PV1,2022-02-16,SLURRY,0.0,0.0,0.0,0.0,0.0,
SS-006405-PV1,2022-02-16,SLURRY,0.0,0.0,0.0,0.0,0.0,
SS-016902-PV1,2022-02-16,SLURRY,0.0,0.0,0.0,0.0,0.0,
SS-025080-PV1,2022-02-17,SLURRY,0.0,0.0,0.0,0.0,0.0,
SS-025089-PV1,2022-02-17,SLURRY,0.0,0.0,0.0,0.0,0.0,
SS-025086-PV1,2022-02-17,SLURRY,1.0,1.0,25.22454864539874,25.22454864539874,0.0,0.0
SS-025084-PV1,2022-02-17,SLURRY,1.0,1.5,11.94427182810021,17.916407742150316,-0.5,-50.0
SS-025083-PV1,2022-02-17,SLURRY,0.5,0.5,3.354886786549649,3.354886786549649,0.0,0.0
SS-025081-PV1,2022-02-17,SLURRY,1.0,1.0,21.962489897462625,21.962489897462625,0.0,0.0
SS-025102-PV1,2022-02-17,SLURRY,1.0,1.5,7.976883957187097,11.965325935780644,-0.5,-50.0
SS-025104-PV1,2022-02-17,SLURRY,0.0,0.0,0.0,0.0,0.0,
SS-004458-PV1,2022-02-18,SLURRY,0.5,0.0,10.954270485004473,0.0,0.5,100.0
SS-009580-PV1,2022-02-18,SLURRY,1.0,0.5,2.857501436462725,1.4287507182313626,0.5,50.0
SS-015019-PV1,2022-02-18,SLURRY,0.5,0.5,4.150684957351713,4.150684957351713,0.0,0.0
SS-015018-PV1,2022-02-18,SLURRY,0.5,2.0,3.9051099695238713,15.620439878095485,-1.5,-300.0
SS-030328-PV1,2022-02-18,SLURRY,0.0,1.0,0.0,3.8166211828547545,-1.0,
SS-030323-PV1,2022-02-18,SLURRY,0.0,0.0,0.0,0.0,0.0,
SS-004660-PV1,2022-02-18,SLURRY,0.0,0.0,0.0,0.0,0.0,
SS-013334-PV1,2022-02-18,SLURRY,0.0,0.0,0.0,0.0,0.0,
SS-004457-PV1,2022-02-18,SLURRY,0.0,0.0,0.0,0.0,0.0,
SS-009752-PV1,2022-02-18,SLURRY,0.0,0.0,0.0,0.0,0.0,
SS-009575-PV1,2022-02-18,SLURRY,0.0,0.0,0.0,0.0,0.0,
SS-026959-PV1,2022-02-18,SLURRY,0.0,0.0,0.0,0.0,0.0,
SS-011068-PV1,2022-02-18,OVERLAY,0.5,0.0,5.802766600858018,0.0,0.5,100.0
SS-004460-PV1,2022-02-18,SLURRY,0.0,0.0,0.0,0.0,0.0,
SS-017487-PV1,2022-02-18,SLURRY,0.0,0.0,0.0,0.0,0.0,
SS-017488-PV1,2022-02-18,SLURRY,0.0,0.0,0.0,0.0,0.0,
SS-004459-PV1,2022-02-18,SLURRY,0.0,0.0,0.0,0.0,0.0,
SS-011067-PV1,2022-02-18,OVERLAY,0.0,1.0,0.0,13.75,-1.0,
SS-011066-PV1,2022-02-18,OVERLAY,0.0,0.0,0.0,0.0,0.0,
SS-011065-PV1,2022-02-18,OVERLAY,1.5,0.5,20.57142857142857,6.857142857142857,1.0,66.66666666666666
SS-011064-PV1,2022-02-18,OVERLAY,1.0,1.0,13.894736842105262,13.894736842105262,0.0,0.0
SS-017486-PV1,2022-02-18,SLURRY,0.0,0.0,0.0,0.0,0.0,
SS-021679-PV1,2022-02-18,SLURRY,0.0,0.0,0.0,0.0,0.0,
SS-000665-PV1,2022-02-24,OVERLAY,1.0,0.0,7.963357695476678,0.0,1.0,100.0
SS-027259-PV1,2022-02-24,OVERLAY,0.5,2.0,10.863374954324446,43.45349981729778,-1.5,-300.0
SS-000663-PV1,2022-02-24,OVERLAY,0.0,1.0,0.0,13.968253968253968,-1.0,
SS-000666-PV1,2022-02-24,OVERLAY,1.5,0.5,11.963254681982857,3.987751560660952,1.0,66.66666666666666
SS-011812-PV1,2022-02-24,SLURRY,0.0,1.0,0.0,8.023941740104222,-1.0,
SS-011811-PV1,2022-02-24,SLURRY,0.0,0.0,0.0,0.0,0.0,
SS-011810-PV1,2022-02-24,SLURRY,0.5,0.0,3.975702434334648,0.0,0.5,100.0
SS-029527-PV1,2022-02-24,SLURRY,0.0,0.0,0.0,0.0,0.0,
SS-029495-PV1,2022-02-24,SLURRY,0.0,0.0,0.0,0.0,0.0,
SS-017817-PV1,2022-02-24,SLURRY,0.0,0.0,0.0,0.0,0.0,
SS-000664-PV1,2022-02-24,OVERLAY,0.0,2.0,0.0,27.49916929592752,-2.0,
SS-002204-PV1,2022-02-24,SLURRY,0.0,0.5,0.0,3.796952226718319,-0.5,
SS-029526-PV1,2022-02-24,SLURRY,0.5,0.0,9.962188964611588,0.0,0.5,100.0
SS-017816-PV1,2022-02-24,SLURRY,0.0,0.0,0.0,0.0,0.0,
SS-014215-PV1,2022-03-01,SLURRY,0.0,0.5,0.0,6.624638687438255,-0.5,
SS-014216-PV1,2022-03-01,SLURRY,0.0,0.0,0.0,0.0,0.0,
SS-007319-PV1,2022-03-01,SLURRY,0.0,0.0,0.0,0.0,0.0,
SS-020230-PV1,2022-03-01,SLURRY,0.5,0.0,5.432098765432099,0.0,0.5,100.0
SS-007317-PV1,2022-03-01,SLURRY,0.0,0.0,0.0,0.0,0.0,
SS-023007-PV1,2022-03-01,SLURRY,0.0,0.0,0.0,0.0,0.0,
SS-007318-PV1,2022-03-01,SLURRY,0.0,0.0,0.0,0.0,0.0,
SS-027833-PV1,2022-03-02,SLURRY,0.0,0.0,0.0,0.0,0.0,
SS-003561-PV1,2022-03-02,SLURRY,0.0,0.0,0.0,0.0,0.0,
SS-009022-PV1,2022-03-02,SLURRY,0.0,0.5,0.0,3.408406058906552,-0.5,
SS-014715-PV1,2022-03-02,SLURRY,0.0,0.0,0.0,0.0,0.0,
SS-013199-PV1,2022-03-02,SLURRY,0.0,0.0,0.0,0.0,0.0,
SS-017219-PV1,2022-03-02,SLURRY,0.0,0.0,0.0,0.0,0.0,
SS-009435-PV1,2022-03-02,SLURRY,0.0,0.0,0.0,0.0,0.0,
SS-008579-PV1,2022-03-02,SLURRY,0.0,0.5,0.0,12.815390896121063,-0.5,
SS-000649-PV1,2022-03-02,SLURRY,0.0,0.0,0.0,0.0,0.0,
SS-000648-PV1,2022-03-02,SLURRY,1.0,0.5,13.64341437814325,6.821707189071625,0.5,50.0
SS-014716-PV1,2022-03-02,SLURRY,0.5,0.5,2.007490830367405,2.007490830367405,0.0,0.0
SS-027834-PV1,2022-03-02,SLURRY,0.0,0.0,0.0,0.0,0.0,
SS-008578-PV1,2022-03-02,SLURRY,0.5,0.0,2.5054878725845535,0.0,0.5,100.0
SS-011202-PV1,2022-03-03,SLURRY,0.0,0.0,0.0,0.0,0.0,
SS-011201-PV1,2022-03-03,SLURRY,0.0,0.0,0.0,0.0,0.0,
SS-012298-PV1,2022-03-03,SLURRY,0.0,0.0,0.0,0.0,0.0,
SS-024810-PV1,2022-03-03,SLURRY,0.0,0.5,0.0,6.964139167769543,-0.5,
SS-013198-PV1,2022-03-03,SLURRY,0.0,0.0,0.0,0.0,0.0,
SS-000547-PV1,2022-03-03,SLURRY,0.5,0.0,5.83986170145698,0.0,0.5,100.0
SS-009133-PV1,2022-03-03,SLURRY,0.0,0.0,0.0,0.0,0.0,
SS-013635-PV1,2022-03-03,SLURRY,0.0,0.0,0.0,0.0,0.0,
SS-012308-PV1,2022-03-03,SLURRY,0.0,0.0,0.0,0.0,0.0,
SS-009339-PV1,2022-03-03,SLURRY,0.0,0.0,0.0,0.0,0.0,
SS-023361-PV1,2022-03-03,SLURRY,0.0,0.0,0.0,0.0,0.0,
SS-019541-PV1,2022-03-03,SLURRY,0.0,0.0,0.0,0.0,0.0,
SS-022850-PV1,2022-03-03,SLURRY,0.0,0.0,0.0,0.0,0.0,
SS-017084-PV1,2022-03-03,SLURRY,0.5,0.0,7.919316562980615,0.0,0.5,100.0
SS-017085-PV1,2022-03-03,SLURRY,0.0,0.0,0.0,0.0,0.0,
SS-001994-PV1,2022-03-03,SLURRY,0.0,0.0,0.0,0.0,0.0,
SS-014217-PV1,2022-03-03,SLURRY,0.5,0.0,9.887577494824939,0.0,0.5,100.0
SS-014218-PV1,2022-03-03,SLURRY,0.0,0.0,0.0,0.0,0.0,
SS-022847-PV1,2022-03-03,SLURRY,0.0,0.0,0.0,0.0,0.0,
SS-013197-PV1,2022-03-03,SLURRY,0.5,0.5,14.831227373951421,14.831227373951421,0.0,0.0
SS-013096-PV1,2022-03-03,SLURRY,0.0,0.5,0.0,12.054277122351825,-0.5,
SS-022848-PV1,2022-03-03,SLURRY,0.0,0.0,0.0,0.0,0.0,
SS-013097-PV1,2022-03-03,SLURRY,0.0,0.0,0.0,0.0,0.0,
SS-022849-PV1,2022-03-03,SLURRY,0.0,0.0,0.0,0.0,0.0,
SS-014219-PV1,2022-03-03,SLURRY,0.0,0.0,0.0,0.0,0.0,
SS-021882-PV1,2022-03-03,SLURRY,0.5,0.0,3.44232822390989,0.0,0.5,100.0
SS-025593-PV1,2022-03-07,SLURRY,0.0,0.0,0.0,0.0,0.0,
SS-028247-PV1,2022-03-07,SLURRY,0.0,0.0,0.0,0.0,0.0,
SS-028350-PV1,2022-03-07,SLURRY,0.0,0.0,0.0,0.0,0.0,
SS-024783-PV1,2022-03-07,SLURRY,1.5,0.0,2.514630897269835,0.0,1.5,100.0
SS-028245-PV1,2022-03-07,SLURRY,0.0,0.0,0.0,0.0,0.0,
SS-011189-PV1,2022-03-07,SLURRY,0.0,0.5,0.0,5.30573493673715,-0.5,
SS-013842-PV1,2022-03-07,SLURRY,0.0,0.0,0.0,0.0,0.0,
SS-011190-PV1,2022-03-07,SLURRY,0.0,0.0,0.0,0.0,0.0,
SS-013841-PV1,2022-03-07,SLURRY,0.0,0.5,0.0,6.139533455922452,-0.5,
SS-020962-PV1,2022-03-08,SLURRY,0.5,0.0,5.142574969100721,0.0,0.5,100.0
SS-020882-PV1,2022-03-09,SLURRY,0.0,0.0,0.0,0.0,0.0,
SS-020883-PV1,2022-03-09,SLURRY,0.0,0.0,0.0,0.0,0.0,
SS-020887-PV1,2022-03-09,SLURRY,1.0,0.0,5.343907793300075,0.0,1.0,100.0
SS-020959-PV1,2022-03-09,SLURRY,0.0,0.0,0.0,0.0,0.0,
SS-009248-PV1,2022-03-09,SLURRY,0.0,1.0,0.0,3.5893949694085654,-1.0,
SS-020960-PV1,2022-03-09,SLURRY,0.0,0.0,0.0,0.0,0.0,
SS-020961-PV1,2022-03-09,SLURRY,0.5,0.5,5.777412069539032,5.777412069539032,0.0,0.0
SS-028316-PV1,2022-03-09,SLURRY,0.0,0.0,0.0,0.0,0.0,
SS-028315-PV1,2022-03-09,SLURRY,0.0,0.0,0.0,0.0,0.0,
SS-016504-PV1,2022-03-11,SLURRY,0.0,0.0,0.0,0.0,0.0,
SS-019067-PV1,2022-03-11,SLURRY,0.0,0.0,0.0,0.0,0.0,
SS-016592-PV1,2022-03-11,SLURRY,0.0,0.0,0.0,0.0,0.0,
SS-012356-PV1,2022-03-11,SLURRY,1.0,0.0,12.523671636919783,0.0,1.0,100.0
SS-016591-PV1,2022-03-11,SLURRY,0.0,0.5,0.0,7.3287691387752405,-0.5,
SS-012522-PV1,2022-03-11,SLURRY,0.0,0.0,0.0,0.0,0.0,
SS-016517-PV1,2022-03-11,SLURRY,2.5,0.0,7.281420847921457,0.0,2.5,100.0
SS-016501-PV1,2022-03-11,SLURRY,2.0,2.0,13.197832256051944,13.197832256051944,0.0,0.0
SS-016502-PV1,2022-03-11,SLURRY,0.5,0.5,4.670021416647459,4.670021416647459,0.0,0.0
SS-016503-PV1,2022-03-11,SLURRY,0.0,0.0,0.0,0.0,0.0,
SS-016505-PV1,2022-03-11,SLURRY,0.5,1.0,2.9260844467971343,5.852168893594269,-0.5,-100.0
SS-002790-PV1,2022-03-11,SLURRY,0.0,0.0,0.0,0.0,0.0,
SS-011600-PV1,2022-03-14,SLURRY,0.0,0.0,0.0,0.0,0.0,
SS-011601-PV1,2022-03-14,SLURRY,0.0,0.0,0.0,0.0,0.0,
SS-011599-PV1,2022-03-14,SLURRY,0.0,0.0,0.0,0.0,0.0,
SS-012524-PV1,2022-03-14,SLURRY,0.0,0.0,0.0,0.0,0.0,
SS-010770-PV1,2022-03-14,SLURRY,0.0,0.0,0.0,0.0,0.0,
SS-019066-PV1,2022-03-14,SLURRY,0.0,0.0,0.0,0.0,0.0,
SS-001652-PV1,2022-03-14,SLURRY,0.0,0.0,0.0,0.0,0.0,
SS-001653-PV1,2022-03-14,SLURRY,0.0,0.0,0.0,0.0,0.0,
SS-014901-PV1,2022-03-14,SLURRY,0.0,0.0,0.0,0.0,0.0,
SS-016594-PV1,2022-03-14,SLURRY,0.0,0.0,0.0,0.0,0.0,
SS-001654-PV1,2022-03-14,SLURRY,0.0,0.0,0.0,0.0,0.0,
SS-014900-PV1,2022-03-14,SLURRY,0.0,0.0,0.0,0.0,0.0,
SS-002789-PV1,2022-03-14,SLURRY,0.0,0.0,0.0,0.0,0.0,
SS-012309-PV1,2022-03-14,SLURRY,0.0,0.0,0.0,0.0,0.0,
SS-012311-PV1,2022-03-14,SLURRY,0.0,0.0,0.0,0.0,0.0,
SS-011596-PV1,2022-03-14,SLURRY,0.0,0.0,0.0,0.0,0.0,
SS-011597-PV1,2022-03-14,SLURRY,0.0,0.0,0.0,0.0,0.0,
SS-011598-PV1,2022-03-14,SLURRY,0.0,0.0,0.0,0.0,0.0,
SS-012310-PV1,2022-03-14,SLURRY,0.0,0.0,0.0,0.0,0.0,
SS-010656-PV1,2022-03-15,SLURRY,0.0,0.0,0.0,0.0,0.0,
SS-010658-PV1,2022-03-15,SLURRY,0.5,0.0,12.416990770507201,0.0,0.5,100.0
SS-010657-PV1,2022-03-15,SLURRY,0.0,0.0,0.0,0.0,0.0,
SS-019935-PV1,2022-03-15,SLURRY,0.5,1.0,2.2622107969151672,4.5244215938303345,-0.5,-100.0
SS-011070-PV1,2022-03-15,SLURRY,1.0,0.0,13.857042041163288,0.0,1.0,100.0
SS-016679-PV1,2022-03-15,SLURRY,0.0,0.0,0.0,0.0,0.0,
SS-016680-PV1,2022-03-15,SLURRY,0.5,0.0,9.683855142732323,0.0,0.5,100.0
SS-010653-PV1,2022-03-15,SLURRY,0.0,0.0,0.0,0.0,0.0,
SS-011204-PV1,2022-03-15,SLURRY,0.0,0.0,0.0,0.0,0.0,
SS-011069-PV1,2022-03-15,SLURRY,1.0,0.0,13.893486428326714,0.0,1.0,100.0
SS-010652-PV1,2022-03-15,SLURRY,0.0,0.0,0.0,0.0,0.0,
SS-011061-PV1,2022-03-15,SLURRY,1.5,0.0,21.061975661185144,0.0,1.5,100.0
SS-019933-PV1,2022-03-15,SLURRY,0.0,0.0,0.0,0.0,0.0,
SS-019934-PV1,2022-03-15,SLURRY,0.0,0.5,0.0,8.937751607017894,-0.5,
SS-019947-PV1,2022-03-15,SLURRY,1.0,0.0,5.1295044432389245,0.0,1.0,100.0
SS-024249-PV1,2022-03-15,SLURRY,0.0,0.0,0.0,0.0,0.0,
SS-020166-PV1,2022-03-16,SLURRY,0.0,0.0,0.0,0.0,0.0,
SS-010647-PV1,2022-03-16,SLURRY,0.0,0.0,0.0,0.0,0.0,
SS-010648-PV1,2022-03-16,SLURRY,0.5,0.0,9.791961615510466,0.0,0.5,100.0
SS-010649-PV1,2022-03-16,SLURRY,0.0,0.0,0.0,0.0,0.0,
SS-007017-PV1,2022-03-16,SLURRY,1.0,2.0,5.652701852309033,11.305403704618065,-1.0,-100.0
SS-010650-PV1,2022-03-16,SLURRY,0.5,0.0,9.662871915338602,0.0,0.5,100.0
SS-010651-PV1,2022-03-16,SLURRY,0.0,0.0,0.0,0.0,0.0,
SS-026275-PV1,2022-03-16,SLURRY,0.5,0.5,4.642974599059797,4.642974599059797,0.0,0.0
SS-002120-PV1,2022-03-16,SLURRY,0.0,0.0,0.0,0.0,0.0,
SS-022084-PV1,2022-03-16,SLURRY,0.0,0.0,0.0,0.0,0.0,
SS-016683-PV1,2022-03-16,SLURRY,0.0,0.0,0.0,0.0,0.0,
SS-016678-PV1,2022-03-16,SLURRY,0.5,0.5,9.916539548399285,9.916539548399285,0.0,0.0
SS-020162-PV1,2022-03-16,SLURRY,0.0,0.0,0.0,0.0,0.0,
SS-010654-PV1,2022-03-16,SLURRY,0.0,0.0,0.0,0.0,0.0,
SS-010655-PV1,2022-03-16,SLURRY,0.0,0.0,0.0,0.0,0.0,
SS-016677-PV1,2022-03-16,SLURRY,0.0,0.0,0.0,0.0,0.0,
SS-017787-PV1,2022-03-21,SLURRY,0.0,0.0,0.0,0.0,0.0,
SS-017786-PV1,2022-03-21,SLURRY,0.0,0.0,0.0,0.0,0.0,
SS-017785-PV1,2022-03-21,OVERLAY,0.0,0.0,0.0,0.0,0.0,
SS-004120-PV1,2022-03-25,SLURRY,0.5,0.0,3.2524499941973337,0.0,0.5,100.0
SS-003390-PV1,2022-03-25,SLURRY,0.0,0.0,0.0,0.0,0.0,
SS-003391-PV1,2022-03-25,SLURRY,0.0,0.0,0.0,0.0,0.0,
SS-003464-PV1,2022-03-25,SLURRY,0.0,0.0,0.0,0.0,0.0,
SS-003463-PV1,2022-03-25,SLURRY,0.0,0.0,0.0,0.0,0.0,
SS-013175-PV1,2022-03-25,SLURRY,0.0,0.0,0.0,0.0,0.0,
SS-013176-PV1,2022-03-25,SLURRY,0.0,0.0,0.0,0.0,0.0,
SS-004121-PV1,2022-03-25,SLURRY,0.0,0.5,0.0,2.5371734350252946,-0.5,
SS-004208-PV1,2022-03-25,SLURRY,0.0,0.0,0.0,0.0,0.0,
SS-003465-PV1,2022-03-25,SLURRY,0.0,0.0,0.0,0.0,0.0,
SS-013178-PV1,2022-03-25,SLURRY,0.0,0.0,0.0,0.0,0.0,
SS-020017-PV1,2022-03-25,SLURRY,2.5,5.0,13.408487227044594,26.816974454089188,-2.5,-100.0
SS-004119-PV1,2022-03-25,SLURRY,0.0,0.0,0.0,0.0,0.0,
SS-004207-PV1,2022-03-25,SLURRY,0.0,0.0,0.0,0.0,0.0,
SS-013177-PV1,2022-03-25,SLURRY,0.0,0.0,0.0,0.0,0.0,
SS-013174-PV1,2022-03-25,SLURRY,0.0,0.0,0.0,0.0,0.0,
SS-007051-PV1,2022-03-25,SLURRY,0.0,0.0,0.0,0.0,0.0,
SS-007052-PV1,2022-03-25,SLURRY,0.0,0.0,0.0,0.0,0.0,
SS-018461-PV1,2022-03-29,SLURRY,1.5,0.0,30.66869369177498,0.0,1.5,100.0
SS-016462-PV1,2022-03-29,SLURRY,0.0,0.0,0.0,0.0,0.0,
SS-018464-PV1,2022-03-29,SLURRY,0.0,0.0,0.0,0.0,0.0,
SS-022125-PV1,2022-03-29,SLURRY,1.0,1.0,14.00452123236604,14.00452123236604,0.0,0.0
SS-022124-PV1,2022-03-29,SLURRY,0.5,0.0,6.929033832844933,0.0,0.5,100.0
SS-030228-PV1,2022-03-29,SLURRY,0.0,0.0,0.0,0.0,0.0,
SS-006234-PV1,2022-03-29,SLURRY,0.0,0.0,0.0,0.0,0.0,
SS-000004-PV1,2022-03-29,SLURRY,0.0,0.5,0.0,3.6768802228412256,-0.5,
SS-006235-PV1,2022-03-29,SLURRY,0.0,0.0,0.0,0.0,0.0,
SS-027292-PV1,2022-03-29,SLURRY,0.0,0.0,0.0,0.0,0.0,
SS-027291-PV1,2022-03-29,SLURRY,0.5,0.0,6.946768805218918,0.0,0.5,100.0
SS-021179-PV1,2022-03-30,SLURRY,0.5,3.5,4.150970155625217,29.05679108937652,-3.0,-600.0
SS-022120-PV1,2022-03-30,SLURRY,0.0,0.0,0.0,0.0,0.0,
SS-021178-PV1,2022-03-30,SLURRY,2.5,1.5,29.464279137437696,17.67856748246262,1.0,40.0
SS-022121-PV1,2022-03-30,SLURRY,0.0,0.5,0.0,6.910994764397906,-0.5,
SS-030230-PV1,2022-03-30,SLURRY,0.0,0.0,0.0,0.0,0.0,
SS-030229-PV1,2022-03-30,SLURRY,0.0,0.0,0.0,0.0,0.0,
SS-027293-PV1,2022-03-30,SLURRY,0.0,0.0,0.0,0.0,0.0,
SS-009597-PV1,2022-03-30,SLURRY,0.5,0.5,9.813863718145832,9.813863718145832,0.0,0.0
SS-016460-PV1,2022-03-30,SLURRY,1.0,0.0,13.573167082601977,0.0,1.0,100.0
SS-027294-PV1,2022-03-30,SLURRY,0.5,0.0,6.910783099051678,0.0,0.5,100.0
SS-030674-PV1,2022-03-30,SLURRY,0.0,0.0,0.0,0.0,0.0,
SS-020462-PV1,2022-03-30,OVERLAY,0.0,0.0,0.0,0.0,0.0,
SS-016459-PV1,2022-03-30,SLURRY,1.0,0.0,13.968161586232895,0.0,1.0,100.0
SS-021180-PV1,2022-03-30,SLURRY,0.5,2.0,4.678732361267611,18.714929445070442,-1.5,-300.0
SS-021181-PV1,2022-03-30,SLURRY,0.0,1.5,0.0,12.181064135917298,-1.5,
SS-006232-PV1,2022-04-01,SLURRY,0.0,0.0,0.0,0.0,0.0,
SS-012844-PV1,2022-04-01,SLURRY,0.0,0.0,0.0,0.0,0.0,
SS-012845-PV1,2022-04-01,SLURRY,0.0,0.0,0.0,0.0,0.0,
SS-012846-PV1,2022-04-01,SLURRY,0.0,0.0,0.0,0.0,0.0,
SS-006236-PV1,2022-04-01,SLURRY,0.0,0.0,0.0,0.0,0.0,
SS-018460-PV1,2022-04-01,SLURRY,0.0,0.0,0.0,0.0,0.0,
SS-001947-PV1,2022-04-01,SLURRY,0.0,0.0,0.0,0.0,0.0,
SS-018462-PV1,2022-04-01,SLURRY,1.0,0.0,11.649953322961638,0.0,1.0,100.0
SS-018463-PV1,2022-04-01,SLURRY,0.0,0.0,0.0,0.0,0.0,
SS-016461-PV1,2022-04-01,SLURRY,0.0,1.0,0.0,14.079504401445071,-1.0,
SS-012847-PV1,2022-04-04,SLURRY,0.5,0.0,9.924188970090976,0.0,0.5,100.0
SS-004118-PV1,2022-04-04,SLURRY,0.0,0.0,0.0,0.0,0.0,
SS-004918-PV1,2022-04-04,SLURRY,0.0,0.0,0.0,0.0,0.0,
SS-009595-PV1,2022-04-04,SLURRY,0.0,0.0,0.0,0.0,0.0,
SS-002837-PV1,2022-04-04,SLURRY,0.0,0.0,0.0,0.0,0.0,
SS-004917-PV1,2022-04-04,SLURRY,0.0,0.0,0.0,0.0,0.0,
SS-001619-PV1,2022-04-04,SLURRY,0.0,0.0,0.0,0.0,0.0,
SS-009596-PV1,2022-04-04,SLURRY,0.0,0.0,0.0,0.0,0.0,
SS-021189-PV1,2022-04-04,SLURRY,0.0,2.0,0.0,15.460996853628576,-2.0,
SS-022398-PV1,2022-04-04,SLURRY,0.0,0.0,0.0,0.0,0.0,
SS-008803-PV1,2022-04-04,SLURRY,0.0,0.0,0.0,0.0,0.0,
SS-005951-PV1,2022-04-04,SLURRY,0.0,0.0,0.0,0.0,0.0,
SS-006965-PV1,2022-04-04,SLURRY,0.0,0.0,0.0,0.0,0.0,
SS-006964-PV1,2022-04-04,SLURRY,0.0,0.0,0.0,0.0,0.0,
SS-006962-PV1,2022-04-04,SLURRY,0.5,0.0,10.597957645101696,0.0,0.5,100.0
SS-006961-PV1,2022-04-04,SLURRY,0.0,0.0,0.0,0.0,0.0,
SS-006960-PV1,2022-04-04,SLURRY,0.0,0.0,0.0,0.0,0.0,
SS-021174-PV1,2022-04-04,SLURRY,0.0,0.0,0.0,0.0,0.0,
SS-021175-PV1,2022-04-04,SLURRY,1.0,0.5,15.085641012600796,7.542820506300398,0.5,50.0
SS-011558-PV1,2022-04-04,SLURRY,0.5,1.0,3.688943788321698,7.377887576643396,-0.5,-100.0
SS-004916-PV1,2022-04-04,SLURRY,0.0,0.0,0.0,0.0,0.0,
SS-002415-PV1,2022-04-04,SLURRY,0.0,0.0,0.0,0.0,0.0,
SS-022122-PV1,2022-04-04,SLURRY,0.0,0.0,0.0,0.0,0.0,
SS-004206-PV1,2022-04-04,SLURRY,0.0,0.0,0.0,0.0,0.0,
SS-021176-PV1,2022-04-04,SLURRY,0.0,0.5,0.0,3.8650353094399974,-0.5,
SS-030232-PV1,2022-04-04,SLURRY,0.0,0.0,0.0,0.0,0.0,
SS-030231-PV1,2022-04-04,SLURRY,0.0,0.5,0.0,6.965699208443272,-0.5,
SS-006966-PV1,2022-04-04,SLURRY,0.0,0.0,0.0,0.0,0.0,
SS-022123-PV1,2022-04-04,SLURRY,0.0,1.0,0.0,13.894546706202966,-1.0,
SS-006233-PV1,2022-04-04,SLURRY,0.0,0.0,0.0,0.0,0.0,
SS-031709-PV1,2022-04-05,SLURRY,0.0,0.0,0.0,0.0,0.0,
SS-020966-PV1,2022-04-05,SLURRY,0.0,0.0,0.0,0.0,0.0,
SS-005810-PV1,2022-04-05,SLURRY,0.0,0.0,0.0,0.0,0.0,
SS-020967-PV1,2022-04-05,SLURRY,0.0,0.0,0.0,0.0,0.0,
SS-005811-PV1,2022-04-05,SLURRY,0.0,0.0,0.0,0.0,0.0,
SS-005692-PV1,2022-04-05,SLURRY,1.0,0.5,15.861638447169629,7.930819223584814,0.5,50.0
SS-005812-PV1,2022-04-05,SLURRY,0.0,0.0,0.0,0.0,0.0,
SS-005817-PV1,2022-04-05,SLURRY,0.0,0.0,0.0,0.0,0.0,
SS-028333-PV1,2022-04-05,SLURRY,0.0,0.0,0.0,0.0,0.0,
SS-005825-PV1,2022-04-05,SLURRY,0.5,0.0,2.8755861321373217,0.0,0.5,100.0
SS-009469-PV1,2022-04-05,SLURRY,0.0,0.0,0.0,0.0,0.0,
SS-031979-PV1,2022-04-05,SLURRY,0.0,0.0,0.0,0.0,0.0,
SS-004286-PV1,2022-04-05,SLURRY,0.0,0.0,0.0,0.0,0.0,
SS-004285-PV1,2022-04-05,SLURRY,0.0,0.0,0.0,0.0,0.0,
SS-005823-PV1,2022-04-06,SLURRY,0.0,0.0,0.0,0.0,0.0,
SS-005930-PV1,2022-04-06,SLURRY,0.0,0.0,0.0,0.0,0.0,
SS-002181-PV1,2022-04-06,SLURRY,0.0,0.0,0.0,0.0,0.0,
SS-005716-PV1,2022-04-06,SLURRY,0.0,0.0,0.0,0.0,0.0,
SS-005718-PV1,2022-04-06,SLURRY,0.0,0.0,0.0,0.0,0.0,
SS-005928-PV1,2022-04-06,SLURRY,0.0,0.5,0.0,17.47668451406873,-0.5,
SS-031710-PV1,2022-04-06,SLURRY,0.0,0.5,0.0,7.133756584876166,-0.5,
SS-005720-PV1,2022-04-06,SLURRY,0.0,0.0,0.0,0.0,0.0,
SS-005721-PV1,2022-04-06,SLURRY,0.0,0.0,0.0,0.0,0.0,
SS-005824-PV1,2022-04-06,SLURRY,0.0,0.0,0.0,0.0,0.0,
SS-005723-PV1,2022-04-06,SLURRY,0.5,0.0,15.289935400022934,0.0,0.5,100.0
SS-005929-PV1,2022-04-06,SLURRY,0.0,0.0,0.0,0.0,0.0,
SS-020974-PV1,2022-04-06,SLURRY,0.0,0.0,0.0,0.0,0.0,
SS-005931-PV1,2022-04-06,SLURRY,0.0,0.0,0.0,0.0,0.0,
SS-006292-PV1,2022-04-07,SLURRY,0.0,0.0,0.0,0.0,0.0,
SS-005813-PV1,2022-04-07,SLURRY,0.0,0.0,0.0,0.0,0.0,
SS-005814-PV1,2022-04-07,SLURRY,0.0,0.0,0.0,0.0,0.0,
SS-005815-PV1,2022-04-07,SLURRY,0.0,0.0,0.0,0.0,0.0,
SS-005834-PV1,2022-04-07,SLURRY,0.0,0.0,0.0,0.0,0.0,
SS-012665-PV1,2022-04-07,SLURRY,0.0,0.0,0.0,0.0,0.0,
SS-024946-PV1,2022-04-07,SLURRY,0.5,0.5,2.281638153968054,2.281638153968054,0.0,0.0
SS-005818-PV1,2022-04-07,SLURRY,0.5,0.0,3.084091252652727,0.0,0.5,100.0
SS-012666-PV1,2022-04-07,SLURRY,0.5,0.5,2.0208643527718797,2.0208643527718797,0.0,0.0
SS-005932-PV1,2022-04-07,SLURRY,0.0,0.0,0.0,0.0,0.0,
SS-008865-PV1,2022-04-07,SLURRY,0.0,0.5,0.0,6.286112406166676,-0.5,
SS-005819-PV1,2022-04-07,SLURRY,0.0,0.0,0.0,0.0,0.0,
SS-006293-PV1,2022-04-07,SLURRY,0.5,0.0,11.388165625339703,0.0,0.5,100.0
SS-005820-PV1,2022-04-07,SLURRY,0.0,0.0,0.0,0.0,0.0,
SS-005677-PV1,2022-04-07,SLURRY,0.0,0.0,0.0,0.0,0.0,
SS-005933-PV1,2022-04-07,SLURRY,0.0,0.0,0.0,0.0,0.0,
SS-005691-PV1,2022-04-07,SLURRY,0.0,0.0,0.0,0.0,0.0,
SS-005690-PV1,2022-04-07,SLURRY,0.0,0.0,0.0,0.0,0.0,
SS-005689-PV1,2022-04-07,SLURRY,0.0,0.0,0.0,0.0,0.0,
SS-005839-PV1,2022-04-08,SLURRY,0.0,0.0,0.0,0.0,0.0,
SS-021906-PV1,2022-04-08,SLURRY,0.0,0.0,0.0,0.0,0.0,
SS-005881-PV1,2022-04-08,SLURRY,0.0,0.0,0.0,0.0,0.0,
SS-021907-PV1,2022-04-08,SLURRY,0.0,0.0,0.0,0.0,0.0,
SS-031452-PV1,2022-04-08,SLURRY,0.5,0.5,1.8436253719723692,1.8436253719723692,0.0,0.0
SS-031451-PV1,2022-04-08,SLURRY,0.0,0.0,0.0,0.0,0.0,
SS-031548-PV1,2022-04-08,SLURRY,0.5,0.5,2.065292662922646,2.065292662922646,0.0,0.0
SS-005826-PV1,2022-04-08,SLURRY,0.0,0.0,0.0,0.0,0.0,
SS-000311-PV1,2022-04-11,SLURRY,0.0,0.5,0.0,8.57425139315346,-0.5,
SS-006773-PV1,2022-04-11,SLURRY,0.0,0.0,0.0,0.0,0.0,
SS-015390-PV1,2022-04-11,SLURRY,1.0,0.5,16.8668540761564,8.4334270380782,0.5,50.0
SS-000324-PV1,2022-04-11,SLURRY,0.5,3.0,6.968332098038097,41.80999258822858,-2.5,-500.0
SS-003874-PV1,2022-04-11,SLURRY,0.0,0.0,0.0,0.0,0.0,
SS-000312-PV1,2022-04-11,SLURRY,0.5,0.0,6.730616017081487,0.0,0.5,100.0
SS-000286-PV1,2022-04-11,SLURRY,0.0,0.0,0.0,0.0,0.0,
SS-008761-PV1,2022-04-11,SLURRY,0.5,0.5,9.46230115278785,9.46230115278785,0.0,0.0
SS-031403-PV1,2022-04-11,SLURRY,0.0,0.0,0.0,0.0,0.0,
SS-019861-PV1,2022-04-12,SLURRY,0.0,0.5,0.0,3.9659046371189746,-0.5,
SS-000142-PV1,2022-04-12,SLURRY,1.5,0.5,20.623888243524377,6.874629414508125,1.0,66.66666666666666
SS-019859-PV1,2022-04-12,SLURRY,0.5,0.5,3.9613522075760557,3.9613522075760557,0.0,0.0
SS-019860-PV1,2022-04-12,SLURRY,0.0,0.0,0.0,0.0,0.0,
SS-000141-PV1,2022-04-12,SLURRY,0.0,0.0,0.0,0.0,0.0,
SS-000323-PV1,2022-04-12,SLURRY,2.0,1.5,27.8623924982619,20.896794373696427,0.5,25.0
SS-000287-PV1,2022-04-12,SLURRY,0.5,0.0,6.929041107323759,0.0,0.5,100.0
SS-000060-PV1,2022-04-12,SLURRY,0.0,0.0,0.0,0.0,0.0,
SS-000061-PV1,2022-04-12,SLURRY,1.0,0.5,13.785468862594383,6.892734431297192,0.5,50.0
SS-006774-PV1,2022-04-12,SLURRY,0.5,1.0,9.395014450172793,18.790028900345586,-0.5,-100.0
SS-006775-PV1,2022-04-12,SLURRY,0.5,0.0,9.496337974668519,0.0,0.5,100.0
SS-014291-PV1,2022-04-12,SLURRY,0.0,0.0,0.0,0.0,0.0,
SS-014292-PV1,2022-04-12,SLURRY,0.0,0.0,0.0,0.0,0.0,
SS-014296-PV1,2022-04-12,SLURRY,0.0,0.0,0.0,0.0,0.0,
SS-015389-PV1,2022-04-12,SLURRY,1.5,0.5,27.789298172853645,9.263099390951215,1.0,66.66666666666666
SS-026591-PV1,2022-04-13,SLURRY,0.0,0.0,0.0,0.0,0.0,
SS-014397-PV1,2022-04-13,SLURRY,0.0,1.0,0.0,8.196227624143354,-1.0,
SS-014836-PV1,2022-04-13,SLURRY,1.0,0.0,19.846109955718365,0.0,1.0,100.0
SS-026592-PV1,2022-04-13,SLURRY,0.0,0.0,0.0,0.0,0.0,
SS-021167-PV1,2022-04-13,SLURRY,0.5,0.0,12.876654333042959,0.0,0.5,100.0
SS-000886-PV1,2022-04-13,SLURRY,0.0,0.5,0.0,7.252133610672504,-0.5,
SS-014303-PV1,2022-04-13,SLURRY,0.0,0.0,0.0,0.0,0.0,
SS-000876-PV1,2022-04-13,SLURRY,0.0,0.0,0.0,0.0,0.0,
SS-000901-PV1,2022-04-13,SLURRY,0.0,0.0,0.0,0.0,0.0,
SS-014837-PV1,2022-04-13,SLURRY,0.0,0.0,0.0,0.0,0.0,
SS-014838-PV1,2022-04-13,SLURRY,0.0,0.0,0.0,0.0,0.0,
SS-009291-PV1,2022-04-13,SLURRY,0.0,0.0,0.0,0.0,0.0,
SS-009292-PV1,2022-04-13,SLURRY,0.0,0.0,0.0,0.0,0.0,
SS-011409-PV1,2022-04-13,SLURRY,0.0,0.0,0.0,0.0,0.0,
SS-011410-PV1,2022-04-13,SLURRY,0.5,0.5,6.684248265133746,6.684248265133746,0.0,0.0
SS-026593-PV1,2022-04-13,SLURRY,0.0,0.0,0.0,0.0,0.0,
SS-000885-PV1,2022-04-13,SLURRY,0.0,0.5,0.0,10.075166850869213,-0.5,
SS-009293-PV1,2022-04-13,SLURRY,0.0,0.5,0.0,7.000660024348507,-0.5,
SS-017240-PV1,2022-04-14,SLURRY,0.5,0.0,3.996584736679565,0.0,0.5,100.0
SS-000900-PV1,2022-04-14,SLURRY,0.0,0.0,0.0,0.0,0.0,
SS-017241-PV1,2022-04-14,SLURRY,0.0,1.0,0.0,7.961021151739626,-1.0,
SS-011922-PV1,2022-04-14,SLURRY,0.5,0.0,2.134540577737664,0.0,0.5,100.0
SS-011921-PV1,2022-04-14,SLURRY,0.0,0.5,0.0,6.2008584900674695,-0.5,
SS-011920-PV1,2022-04-14,SLURRY,3.5,2.0,30.087502859371046,17.192858776783453,1.5,42.857142857142854
SS-031351-PV1,2022-04-14,SLURRY,0.0,0.5,0.0,2.5193015236525675,-0.5,
SS-011919-PV1,2022-04-14,SLURRY,0.0,0.0,0.0,0.0,0.0,
SS-011923-PV1,2022-04-14,SLURRY,0.0,0.0,0.0,0.0,0.0,
SS-011918-PV1,2022-04-14,SLURRY,0.0,0.0,0.0,0.0,0.0,
SS-023786-PV1,2022-04-19,SLURRY,0.0,0.0,0.0,0.0,0.0,
SS-023785-PV1,2022-04-20,SLURRY,0.5,2.5,8.380782104744538,41.90391052372269,-2.0,-400.0
SS-023790-PV1,2022-04-20,SLURRY,1.5,0.5,5.190402578633944,1.7301341928779812,1.0,66.66666666666666
SS-023791-PV1,2022-04-20,SLURRY,0.5,0.5,2.3122002897957694,2.3122002897957694,0.0,0.0
SS-001718-PV1,2022-04-20,SLURRY,2.0,1.5,32.19138264732054,24.143536985490403,0.5,25.0
SS-001717-PV1,2022-04-20,SLURRY,0.0,0.0,0.0,0.0,0.0,
SS-001716-PV1,2022-04-20,SLURRY,0.0,0.0,0.0,0.0,0.0,
SS-001715-PV1,2022-04-20,SLURRY,1.0,1.0,14.664633985455906,14.664633985455906,0.0,0.0
SS-023758-PV1,2022-04-21,SLURRY,0.0,0.0,0.0,0.0,0.0,
SS-009735-PV1,2022-04-21,SLURRY,0.0,0.0,0.0,0.0,0.0,
SS-023762-PV1,2022-04-21,SLURRY,0.0,0.5,0.0,6.708849404373611,-0.5,
SS-009734-PV1,2022-04-21,SLURRY,0.5,0.5,8.39341727174515,8.39341727174515,0.0,0.0
SS-009733-PV1,2022-04-21,SLURRY,0.0,0.0,0.0,0.0,0.0,
SS-023763-PV1,2022-04-21,SLURRY,0.0,0.0,0.0,0.0,0.0,
SS-008045-PV1,2022-04-21,SLURRY,0.0,0.0,0.0,0.0,0.0,
SS-022404-PV1,2022-04-21,SLURRY,0.0,0.0,0.0,0.0,0.0,
SS-021011-PV1,2022-04-21,SLURRY,0.0,0.0,0.0,0.0,0.0,
SS-006215-PV1,2022-04-21,SLURRY,0.0,0.0,0.0,0.0,0.0,
SS-007909-PV1,2022-04-21,SLURRY,0.0,0.0,0.0,0.0,0.0,
SS-007908-PV1,2022-04-21,SLURRY,0.0,0.0,0.0,0.0,0.0,
SS-021000-PV1,2022-04-21,SLURRY,0.0,0.0,0.0,0.0,0.0,
SS-021012-PV1,2022-04-21,SLURRY,0.0,0.0,0.0,0.0,0.0,
SS-021013-PV1,2022-04-21,SLURRY,0.0,0.0,0.0,0.0,0.0,
SS-006162-PV1,2022-04-21,SLURRY,0.0,0.0,0.0,0.0,0.0,
SS-006216-PV1,2022-04-21,SLURRY,0.0,0.0,0.0,0.0,0.0,
SS-006209-PV1,2022-04-21,SLURRY,0.0,0.0,0.0,0.0,0.0,
SS-006208-PV1,2022-04-21,SLURRY,0.0,0.0,0.0,0.0,0.0,
SS-021014-PV1,2022-04-21,SLURRY,0.0,0.0,0.0,0.0,0.0,
SS-027705-PV1,2022-04-21,SLURRY,0.0,0.0,0.0,0.0,0.0,
SS-028088-PV1,2022-04-21,SLURRY,0.0,0.0,0.0,0.0,0.0,
SS-006161-PV1,2022-04-21,SLURRY,0.5,0.0,2.575717308000763,0.0,0.5,100.0
SS-006217-PV1,2022-04-21,SLURRY,0.0,0.0,0.0,0.0,0.0,
SS-020999-PV1,2022-04-21,SLURRY,0.0,0.0,0.0,0.0,0.0,
SS-006213-PV1,2022-04-21,SLURRY,0.0,0.0,0.0,0.0,0.0,
SS-027704-PV1,2022-04-21,SLURRY,0.0,0.0,0.0,0.0,0.0,
SS-006157-PV1,2022-04-21,SLURRY,0.0,0.0,0.0,0.0,0.0,
SS-028954-PV1,2022-04-21,SLURRY,0.0,0.0,0.0,0.0,0.0,
SS-022408-PV1,2022-04-21,SLURRY,0.0,0.0,0.0,0.0,0.0,
SS-020006-PV1,2022-04-21,SLURRY,0.0,0.0,0.0,0.0,0.0,
SS-015111-PV1,2022-04-21,SLURRY,0.0,0.0,0.0,0.0,0.0,
SS-006586-PV1,2022-04-21,SLURRY,0.0,0.0,0.0,0.0,0.0,
SS-020007-PV1,2022-04-21,SLURRY,0.0,0.0,0.0,0.0,0.0,
SS-006211-PV1,2022-04-21,SLURRY,0.0,0.0,0.0,0.0,0.0,
SS-015114-PV1,2022-04-21,SLURRY,1.0,0.0,18.393617136162582,0.0,1.0,100.0
SS-015113-PV1,2022-04-21,SLURRY,0.0,0.0,0.0,0.0,0.0,
SS-015112-PV1,2022-04-21,SLURRY,0.0,0.0,0.0,0.0,0.0,
SS-017027-PV1,2022-04-22,SLURRY,0.0,0.0,0.0,0.0,0.0,
SS-006160-PV1,2022-04-22,SLURRY,0.0,0.0,0.0,0.0,0.0,
SS-025977-PV1,2022-04-22,SLURRY,0.0,0.0,0.0,0.0,0.0,
SS-017121-PV1,2022-04-22,SLURRY,0.0,0.0,0.0,0.0,0.0,
SS-028572-PV1,2022-04-22,SLURRY,0.0,0.0,0.0,0.0,0.0,
SS-028573-PV1,2022-04-22,SLURRY,0.0,0.0,0.0,0.0,0.0,
SS-028574-PV1,2022-04-22,SLURRY,0.0,0.0,0.0,0.0,0.0,
SS-007627-PV1,2022-04-22,SLURRY,0.0,0.0,0.0,0.0,0.0,
SS-017118-PV1,2022-04-22,SLURRY,0.0,0.0,0.0,0.0,0.0,
SS-007626-PV1,2022-04-22,SLURRY,0.0,0.0,0.0,0.0,0.0,
SS-015115-PV1,2022-04-22,SLURRY,0.0,0.0,0.0,0.0,0.0,
SS-020008-PV1,2022-04-22,SLURRY,0.0,0.0,0.0,0.0,0.0,
SS-017119-PV1,2022-04-22,SLURRY,0.5,0.0,16.919942395287027,0.0,0.5,100.0
SS-007907-PV1,2022-04-22,SLURRY,0.0,0.0,0.0,0.0,0.0,
SS-015116-PV1,2022-04-22,SLURRY,0.5,0.0,6.469016961811482,0.0,0.5,100.0
SS-017120-PV1,2022-04-22,SLURRY,0.0,0.0,0.0,0.0,0.0,
SS-023178-PV1,2022-04-22,SLURRY,0.0,0.0,0.0,0.0,0.0,
SS-028087-PV1,2022-04-22,SLURRY,0.0,0.5,0.0,7.233318638371604,-0.5,
SS-007906-PV1,2022-04-22,SLURRY,0.0,0.0,0.0,0.0,0.0,
SS-022410-PV1,2022-04-25,SLURRY,0.0,0.0,0.0,0.0,0.0,
SS-023759-PV1,2022-04-25,SLURRY,0.0,0.0,0.0,0.0,0.0,
SS-022409-PV1,2022-04-25,SLURRY,0.0,0.0,0.0,0.0,0.0,
SS-023757-PV1,2022-04-25,SLURRY,0.5,0.0,13.37895692786715,0.0,0.5,100.0
SS-023750-PV1,2022-04-25,SLURRY,0.0,0.0,0.0,0.0,0.0,
SS-023756-PV1,2022-04-25,SLURRY,0.0,0.0,0.0,0.0,0.0,
SS-023761-PV1,2022-04-25,SLURRY,0.0,0.0,0.0,0.0,0.0,
SS-023749-PV1,2022-04-25,SLURRY,0.0,0.0,0.0,0.0,0.0,
SS-023755-PV1,2022-04-25,SLURRY,0.0,0.0,0.0,0.0,0.0,
SS-023752-PV1,2022-04-25,SLURRY,0.0,0.0,0.0,0.0,0.0,
SS-023753-PV1,2022-04-25,SLURRY,0.0,0.0,0.0,0.0,0.0,
SS-023751-PV1,2022-04-25,SLURRY,0.0,0.0,0.0,0.0,0.0,
SS-023765-PV1,2022-04-25,SLURRY,0.0,0.0,0.0,0.0,0.0,
SS-023760-PV1,2022-04-25,SLURRY,0.0,0.0,0.0,0.0,0.0,
SS-023768-PV1,2022-04-25,SLURRY,0.0,0.0,0.0,0.0,0.0,
SS-023766-PV1,2022-04-25,SLURRY,1.5,0.0,19.376554466956367,0.0,1.5,100.0
SS-017216-PV1,2022-04-25,SLURRY,0.0,0.0,0.0,0.0,0.0,
SS-023764-PV1,2022-04-26,SLURRY,0.0,0.0,0.0,0.0,0.0,
SS-013512-PV1,2022-04-26,SLURRY,0.0,0.0,0.0,0.0,0.0,
SS-027355-PV1,2022-04-26,SLURRY,0.0,0.0,0.0,0.0,0.0,
SS-013511-PV1,2022-04-26,SLURRY,0.0,0.0,0.0,0.0,0.0,
SS-027354-PV1,2022-04-26,SLURRY,0.0,0.0,0.0,0.0,0.0,
SS-027645-PV1,2022-04-26,SLURRY,0.0,0.0,0.0,0.0,0.0,
SS-015848-PV1,2022-04-26,SLURRY,0.0,0.5,0.0,3.9269801834762488,-0.5,
SS-015849-PV1,2022-04-26,SLURRY,0.0,0.0,0.0,0.0,0.0,
SS-015847-PV1,2022-04-26,SLURRY,0.0,0.0,0.0,0.0,0.0,
SS-023769-PV1,2022-04-26,SLURRY,0.0,0.0,0.0,0.0,0.0,
SS-028669-PV1,2022-04-26,SLURRY,0.0,0.0,0.0,0.0,0.0,
SS-001175-PV1,2022-04-27,SLURRY,0.0,0.5,0.0,2.8629623548646177,-0.5,
SS-026573-PV1,2022-04-27,SLURRY,0.0,0.0,0.0,0.0,0.0,
SS-001159-PV1,2022-04-27,SLURRY,0.0,0.0,0.0,0.0,0.0,
SS-000915-PV1,2022-04-27,SLURRY,0.0,0.0,0.0,0.0,0.0,
SS-023427-PV1,2022-04-27,SLURRY,0.0,0.0,0.0,0.0,0.0,
SS-030295-PV1,2022-04-27,SLURRY,0.0,0.0,0.0,0.0,0.0,
SS-001980-PV1,2022-04-27,SLURRY,0.0,0.0,0.0,0.0,0.0,
SS-023434-PV1,2022-04-27,SLURRY,0.0,0.0,0.0,0.0,0.0,
SS-002271-PV1,2022-04-27,SLURRY,0.5,0.5,3.7231751576214664,3.7231751576214664,0.0,0.0
SS-001215-PV1,2022-04-27,SLURRY,1.0,0.0,7.424920762173741,0.0,1.0,100.0
SS-014934-PV1,2022-04-28,SLURRY,0.0,0.0,0.0,0.0,0.0,
SS-000914-PV1,2022-04-28,SLURRY,0.0,0.0,0.0,0.0,0.0,
SS-001981-PV1,2022-04-28,SLURRY,0.5,0.0,4.57175235440917,0.0,0.5,100.0
SS-001982-PV1,2022-04-28,SLURRY,0.0,0.0,0.0,0.0,0.0,
SS-030294-PV1,2022-04-28,SLURRY,0.0,0.0,0.0,0.0,0.0,
SS-030293-PV1,2022-04-28,SLURRY,0.0,0.5,0.0,16.509121289512457,-0.5,
SS-016325-PV1,2022-04-28,SLURRY,0.0,0.0,0.0,0.0,0.0,
SS-016326-PV1,2022-04-28,SLURRY,0.0,0.0,0.0,0.0,0.0,
SS-001174-PV1,2022-04-28,SLURRY,0.0,0.5,0.0,3.7980851608381165,-0.5,
SS-001359-PV1,2022-04-28,SLURRY,0.0,0.0,0.0,0.0,0.0,
SS-003429-PV1,2022-04-28,SLURRY,0.0,0.0,0.0,0.0,0.0,
SS-001230-PV1,2022-04-28,SLURRY,0.5,0.0,3.8701477472881476,0.0,0.5,100.0
SS-023426-PV1,2022-04-28,SLURRY,1.0,0.0,8.995062426244322,0.0,1.0,100.0
SS-023425-PV1,2022-04-28,SLURRY,0.0,0.0,0.0,0.0,0.0,
SS-002259-PV1,2022-04-28,SLURRY,0.0,0.5,0.0,3.728278540819566,-0.5,
SS-019943-PV1,2022-05-03,SLURRY,0.0,0.0,0.0,0.0,0.0,
SS-019951-PV1,2022-05-03,SLURRY,0.0,0.0,0.0,0.0,0.0,
SS-021152-PV1,2022-05-06,SLURRY,1.0,0.0,12.829366030074173,0.0,1.0,100.0
SS-019930-PV1,2022-05-10,SLURRY,0.0,0.0,0.0,0.0,0.0,
SS-019928-PV1,2022-05-10,SLURRY,3.5,4.5,17.62591008782911,22.661884398637426,-1.0,-28.57142857142857
SS-019932-PV1,2022-05-10,SLURRY,2.0,2.0,10.169780439640764,10.169780439640764,0.0,0.0
SS-019944-PV1,2022-05-10,SLURRY,0.0,0.0,0.0,0.0,0.0,
SS-019945-PV1,2022-05-10,SLURRY,0.0,0.0,0.0,0.0,0.0,
SS-019946-PV1,2022-05-10,SLURRY,2.5,2.0,43.44147298187207,34.753178385497655,0.5,20.0
SS-019926-PV1,2022-05-10,SLURRY,2.5,0.5,30.10715409845039,6.021430819690078,2.0,80.0
SS-019927-PV1,2022-05-10,SLURRY,0.0,0.0,0.0,0.0,0.0,
SS-022077-PV1,2022-05-11,SLURRY,0.0,0.0,0.0,0.0,0.0,
SS-022078-PV1,2022-05-11,SLURRY,0.0,0.0,0.0,0.0,0.0,
SS-002241-PV1,2022-05-11,SLURRY,0.0,1.5,0.0,6.180920217274954,-1.5,
SS-022072-PV1,2022-05-11,SLURRY,0.0,0.0,0.0,0.0,0.0,
SS-014507-PV1,2022-05-11,SLURRY,1.0,0.0,13.187399439835238,0.0,1.0,100.0
SS-014509-PV1,2022-05-11,SLURRY,0.0,0.0,0.0,0.0,0.0,
SS-002247-PV1,2022-05-11,SLURRY,4.0,4.5,10.47002842820929,11.778781981735452,-0.5,-12.5
SS-006598-PV1,2022-05-11,SLURRY,0.0,0.0,0.0,0.0,0.0,
SS-022073-PV1,2022-05-11,SLURRY,0.5,0.0,3.998725254858148,0.0,0.5,100.0
SS-021159-PV1,2022-05-11,SLURRY,0.5,1.0,3.353620194891065,6.70724038978213,-0.5,-100.0
SS-022074-PV1,2022-05-11,SLURRY,0.5,0.0,3.9963620994706637,0.0,0.5,100.0
SS-021150-PV1,2022-05-11,SLURRY,0.0,0.0,0.0,0.0,0.0,
SS-019956-PV1,2022-05-11,SLURRY,0.0,0.0,0.0,0.0,0.0,
SS-002246-PV1,2022-05-11,SLURRY,0.0,0.0,0.0,0.0,0.0,
SS-021154-PV1,2022-05-11,SLURRY,0.0,0.5,0.0,1.7741654097421573,-0.5,
SS-006599-PV1,2022-05-11,SLURRY,0.5,0.0,4.81662436004121,0.0,0.5,100.0
SS-028134-PV1,2022-05-12,SLURRY,0.5,0.0,10.060741728183912,0.0,0.5,100.0
SS-028131-PV1,2022-05-12,SLURRY,0.0,0.0,0.0,0.0,0.0,
SS-022076-PV1,2022-05-12,SLURRY,0.0,0.0,0.0,0.0,0.0,
SS-028133-PV1,2022-05-12,SLURRY,0.0,0.0,0.0,0.0,0.0,
SS-022081-PV1,2022-05-12,SLURRY,0.0,0.0,0.0,0.0,0.0,
SS-022080-PV1,2022-05-12,SLURRY,0.0,0.0,0.0,0.0,0.0,
SS-027353-PV1,2022-05-12,SLURRY,0.0,0.0,0.0,0.0,0.0,
SS-028132-PV1,2022-05-12,SLURRY,2.0,0.5,80.36523564289524,20.09130891072381,1.5,75.0
SS-022075-PV1,2022-05-12,SLURRY,0.0,0.0,0.0,0.0,0.0,
SS-016282-PV1,2022-05-12,SLURRY,0.0,0.0,0.0,0.0,0.0,
SS-022082-PV1,2022-05-12,SLURRY,0.0,0.0,0.0,0.0,0.0,
SS-006600-PV1,2022-05-12,SLURRY,0.0,0.5,0.0,3.067543116410008,-0.5,
SS-013995-PV1,2022-05-12,SLURRY,0.0,0.5,0.0,1.5568497852254957,-0.5,
SS-014506-PV1,2022-05-12,SLURRY,0.5,0.0,7.7079256745748825,0.0,0.5,100.0
SS-019953-PV1,2022-05-12,SLURRY,0.0,0.0,0.0,0.0,0.0,
SS-013996-PV1,2022-05-12,SLURRY,1.0,0.0,96.1424656536504,0.0,1.0,100.0
SS-019954-PV1,2022-05-12,SLURRY,0.0,0.0,0.0,0.0,0.0,
SS-008478-PV1,2022-05-12,SLURRY,0.0,0.0,0.0,0.0,0.0,
SS-019955-PV1,2022-05-12,SLURRY,0.0,0.0,0.0,0.0,0.0,
SS-013997-PV1,2022-05-12,SLURRY,0.0,0.0,0.0,0.0,0.0,
SS-032338-PV1,2022-05-12,SLURRY,0.5,0.5,9.041095890410958,9.041095890410958,0.0,0.0
SS-013998-PV1,2022-05-12,SLURRY,1.0,1.0,29.404885220703708,29.404885220703708,0.0,0.0
SS-028130-PV1,2022-05-12,SLURRY,0.0,0.0,0.0,0.0,0.0,
SS-009377-PV1,2022-05-12,SLURRY,0.0,0.5,0.0,2.922085900027915,-0.5,
SS-014056-PV1,2022-05-12,SLURRY,0.0,0.5,0.0,1.8249506001771723,-0.5,
SS-022083-PV1,2022-05-12,SLURRY,0.0,0.0,0.0,0.0,0.0,
SS-028129-PV1,2022-05-12,SLURRY,0.0,0.0,0.0,0.0,0.0,
SS-029085-PV1,2022-05-12,SLURRY,0.0,0.5,0.0,2.7204017456323384,-0.5,
SS-022079-PV1,2022-05-12,SLURRY,0.5,2.0,4.062575355771573,16.25030142308629,-1.5,-300.0
SS-028135-PV1,2022-05-12,SLURRY,0.0,0.0,0.0,0.0,0.0,
SS-029084-PV1,2022-05-12,SLURRY,0.0,0.0,0.0,0.0,0.0,
SS-029083-PV1,2022-05-12,SLURRY,1.5,0.5,28.489915756901876,9.49663858563396,1.0,66.66666666666666
SS-028149-PV1,2022-05-12,SLURRY,2.0,2.0,18.36848857953138,18.36848857953138,0.0,0.0
SS-006890-PV1,2022-05-13,SLURRY,1.0,0.0,9.07838723138591,0.0,1.0,100.0
SS-018657-PV1,2022-05-13,SLURRY,0.0,0.0,0.0,0.0,0.0,
SS-002550-PV1,2022-05-13,SLURRY,0.0,0.0,0.0,0.0,0.0,
SS-016196-PV1,2022-05-13,SLURRY,0.0,0.0,0.0,0.0,0.0,
SS-016197-PV1,2022-05-13,SLURRY,0.0,0.0,0.0,0.0,0.0,
SS-014629-PV1,2022-05-13,SLURRY,0.0,0.0,0.0,0.0,0.0,
SS-004861-PV1,2022-05-13,SLURRY,0.5,0.0,1.5895410128073655,0.0,0.5,100.0
SS-016195-PV1,2022-05-13,SLURRY,0.0,0.0,0.0,0.0,0.0,
SS-006597-PV1,2022-05-13,SLURRY,0.0,0.0,0.0,0.0,0.0,
SS-014630-PV1,2022-05-13,SLURRY,1.0,1.5,7.527594407510599,11.2913916112659,-0.5,-50.0
SS-026627-PV1,2022-05-13,SLURRY,0.0,1.0,0.0,4.195361455815852,-1.0,
SS-006876-PV1,2022-05-13,SLURRY,0.5,0.0,4.535407618041715,0.0,0.5,100.0
SS-006877-PV1,2022-05-13,SLURRY,0.0,0.0,0.0,0.0,0.0,
SS-006884-PV1,2022-05-13,SLURRY,0.5,0.0,4.579292266910988,0.0,0.5,100.0
SS-009376-PV1,2022-05-13,SLURRY,1.0,0.5,5.163207220041223,2.5816036100206117,0.5,50.0
SS-014626-PV1,2022-05-16,SLURRY,2.5,0.0,37.636013559229255,0.0,2.5,100.0
SS-014627-PV1,2022-05-16,SLURRY,0.0,0.0,0.0,0.0,0.0,
SS-014628-PV1,2022-05-16,SLURRY,0.0,0.5,0.0,7.475873317928504,-0.5,
SS-013754-PV1,2022-05-16,SLURRY,0.5,0.0,4.556210434101579,0.0,0.5,100.0
SS-015926-PV1,2022-05-16,SLURRY,0.0,0.0,0.0,0.0,0.0,
SS-015094-PV1,2022-05-16,SLURRY,0.0,0.0,0.0,0.0,0.0,
SS-015927-PV1,2022-05-16,SLURRY,1.5,0.5,22.320466091914664,7.440155363971555,1.0,66.66666666666666
SS-015928-PV1,2022-05-16,SLURRY,2.0,0.5,30.277868254572642,7.5694670636431605,1.5,75.0
SS-020568-PV1,2022-05-16,SLURRY,0.0,0.0,0.0,0.0,0.0,
SS-014625-PV1,2022-05-16,SLURRY,0.0,0.0,0.0,0.0,0.0,
SS-006885-PV1,2022-05-16,SLURRY,0.0,0.0,0.0,0.0,0.0,
SS-009182-PV1,2022-05-16,SLURRY,2.5,1.0,11.369322982655753,4.547729193062302,1.5,60.0
SS-020965-PV1,2022-05-16,SLURRY,0.5,0.0,4.565202504774441,0.0,0.5,100.0
SS-020567-PV1,2022-05-16,SLURRY,0.0,0.0,0.0,0.0,0.0,
SS-015924-PV1,2022-05-17,SLURRY,0.5,0.0,7.375741799865392,0.0,0.5,100.0
SS-015923-PV1,2022-05-17,SLURRY,0.5,0.5,7.543120074471168,7.543120074471168,0.0,0.0
SS-015922-PV1,2022-05-17,SLURRY,0.0,0.0,0.0,0.0,0.0,
SS-015925-PV1,2022-05-17,SLURRY,0.5,2.5,7.683949829628786,38.41974914814393,-2.0,-400.0
SS-024246-PV1,2022-05-17,SLURRY,0.5,0.0,7.29278947539982,0.0,0.5,100.0
SS-015095-PV1,2022-05-17,SLURRY,0.0,0.0,0.0,0.0,0.0,
SS-024231-PV1,2022-05-17,SLURRY,0.0,0.0,0.0,0.0,0.0,
SS-005831-PV1,2022-05-18,SLURRY,0.0,0.0,0.0,0.0,0.0,
SS-013282-PV1,2022-05-19,SLURRY,0.0,0.0,0.0,0.0,0.0,
SS-010488-PV1,2022-05-19,SLURRY,0.0,0.0,0.0,0.0,0.0,
SS-015126-PV1,2022-05-19,SLURRY,0.0,0.0,0.0,0.0,0.0,
SS-015127-PV1,2022-05-19,SLURRY,0.0,0.0,0.0,0.0,0.0,
SS-030483-PV1,2022-05-19,SLURRY,0.0,0.0,0.0,0.0,0.0,
SS-030484-PV1,2022-05-19,SLURRY,0.0,0.0,0.0,0.0,0.0,
SS-021809-PV1,2022-05-19,SLURRY,0.0,0.0,0.0,0.0,0.0,
SS-030485-PV1,2022-05-19,SLURRY,0.0,0.0,0.0,0.0,0.0,
SS-030482-PV1,2022-05-19,SLURRY,0.0,0.0,0.0,0.0,0.0,
SS-030486-PV1,2022-05-19,SLURRY,0.0,0.0,0.0,0.0,0.0,
SS-030469-PV1,2022-05-20,SLURRY,0.0,0.5,0.0,4.172558034118248,-0.5,
SS-030470-PV1,2022-05-20,SLURRY,0.0,0.0,0.0,0.0,0.0,
SS-006748-PV1,2022-05-20,SLURRY,0.0,0.0,0.0,0.0,0.0,
SS-030471-PV1,2022-05-20,SLURRY,0.0,0.0,0.0,0.0,0.0,
SS-015125-PV1,2022-05-20,SLURRY,0.0,0.0,0.0,0.0,0.0,
SS-005832-PV1,2022-05-20,SLURRY,0.0,0.5,0.0,1.9806177051467926,-0.5,
SS-030472-PV1,2022-05-20,SLURRY,0.0,0.0,0.0,0.0,0.0,
SS-030480-PV1,2022-05-20,SLURRY,0.0,0.0,0.0,0.0,0.0,
SS-017264-PV1,2022-05-20,SLURRY,0.0,0.0,0.0,0.0,0.0,
SS-030481-PV1,2022-05-20,SLURRY,0.0,1.0,0.0,42.92609638372028,-1.0,
SS-017265-PV1,2022-05-20,SLURRY,0.0,0.0,0.0,0.0,0.0,
SS-005829-PV1,2022-05-20,SLURRY,0.5,0.0,1.9934545222799502,0.0,0.5,100.0
SS-010847-PV1,2022-05-20,SLURRY,0.0,0.0,0.0,0.0,0.0,
SS-015124-PV1,2022-05-20,SLURRY,0.0,0.0,0.0,0.0,0.0,
SS-020516-PV1,2022-05-22,SLURRY,0.5,0.0,6.252430513945051,0.0,0.5,100.0
SS-005830-PV1,2022-05-23,SLURRY,0.0,0.0,0.0,0.0,0.0,
SS-030476-PV1,2022-05-23,SLURRY,0.0,0.0,0.0,0.0,0.0,
SS-030477-PV1,2022-05-23,SLURRY,0.0,0.0,0.0,0.0,0.0,
SS-011308-PV1,2022-05-23,SLURRY,0.0,0.0,0.0,0.0,0.0,
SS-030478-PV1,2022-05-23,SLURRY,0.0,0.0,0.0,0.0,0.0,
SS-030479-PV1,2022-05-23,SLURRY,0.0,0.0,0.0,0.0,0.0,
SS-020760-PV1,2022-05-23,SLURRY,0.0,0.0,0.0,0.0,0.0,
SS-017031-PV1,2022-05-23,SLURRY,0.0,0.0,0.0,0.0,0.0,
SS-003572-PV1,2022-05-23,SLURRY,0.0,0.0,0.0,0.0,0.0,
SS-015123-PV1,2022-05-23,SLURRY,0.0,0.0,0.0,0.0,0.0,
SS-002684-PV1,2022-05-24,SLURRY,0.0,0.0,0.0,0.0,0.0,
SS-023010-PV1,2022-05-25,OVERLAY,0.0,0.0,0.0,0.0,0.0,
SS-024448-PV1,2022-05-25,OVERLAY,0.0,0.0,0.0,0.0,0.0,
SS-028224-PV1,2022-05-25,OVERLAY,0.0,0.0,0.0,0.0,0.0,
SS-024449-PV1,2022-05-25,OVERLAY,0.0,0.0,0.0,0.0,0.0,
SS-021612-PV1,2022-05-25,OVERLAY,0.0,0.0,0.0,0.0,0.0,
SS-023011-PV1,2022-05-25,OVERLAY,0.0,0.5,0.0,3.9377348657485975,-0.5,
SS-017332-PV1,2022-05-25,OVERLAY,0.0,0.0,0.0,0.0,0.0,
SS-013409-PV1,2022-05-25,OVERLAY,0.0,0.0,0.0,0.0,0.0,
SS-024447-PV1,2022-05-25,OVERLAY,0.0,0.0,0.0,0.0,0.0,
SS-022875-PV1,2022-05-25,OVERLAY,0.0,0.0,0.0,0.0,0.0,
SS-017333-PV1,2022-05-25,OVERLAY,0.0,0.0,0.0,0.0,0.0,
SS-023012-PV1,2022-05-25,OVERLAY,0.0,0.0,0.0,0.0,0.0,
SS-017331-PV1,2022-05-25,OVERLAY,0.0,0.0,0.0,0.0,0.0,
SS-002281-PV1,2022-05-26,SLURRY,0.0,0.0,0.0,0.0,0.0,
SS-002026-PV1,2022-05-26,SLURRY,0.0,0.0,0.0,0.0,0.0,
SS-002282-PV1,2022-05-26,SLURRY,0.0,0.0,0.0,0.0,0.0,
SS-028637-PV1,2022-05-31,SLURRY,0.0,0.0,0.0,0.0,0.0,
SS-008537-PV1,2022-06-01,CONCRETE,0.0,0.0,0.0,0.0,0.0,
SS-017426-PV1,2022-06-01,SLURRY,0.0,0.0,0.0,0.0,0.0,
SS-017424-PV1,2022-06-01,SLURRY,0.5,0.5,9.428328985826077,9.428328985826077,0.0,0.0
SS-017427-PV1,2022-06-01,SLURRY,0.0,0.0,0.0,0.0,0.0,
SS-008541-PV1,2022-06-01,CONCRETE,0.0,0.0,0.0,0.0,0.0,
SS-012069-PV1,2022-06-01,SLURRY,1.0,0.0,7.353751227888433,0.0,1.0,100.0
SS-008200-PV1,2022-06-01,OVERLAY,0.0,0.0,0.0,0.0,0.0,
SS-008538-PV1,2022-06-01,CONCRETE,0.0,0.0,0.0,0.0,0.0,
SS-021652-PV1,2022-06-01,OVERLAY,0.0,0.0,0.0,0.0,0.0,
SS-002610-PV1,2022-06-01,SLURRY,0.0,0.5,0.0,9.777705350330738,-0.5,
SS-008540-PV1,2022-06-01,CONCRETE,0.0,0.0,0.0,0.0,0.0,
SS-029909-PV1,2022-06-01,SLURRY,0.5,0.0,9.394479533379048,0.0,0.5,100.0
SS-004780-PV1,2022-06-01,SLURRY,0.0,0.0,0.0,0.0,0.0,
SS-017713-PV1,2022-06-01,SLURRY,0.0,0.0,0.0,0.0,0.0,
SS-000194-PV1,2022-06-01,SLURRY,0.0,0.0,0.0,0.0,0.0,
SS-029910-PV1,2022-06-01,SLURRY,0.0,0.0,0.0,0.0,0.0,
SS-000193-PV1,2022-06-01,SLURRY,0.5,0.0,9.634016837633974,0.0,0.5,100.0
SS-008539-PV1,2022-06-01,CONCRETE,0.0,0.0,0.0,0.0,0.0,
SS-012337-PV1,2022-06-01,SLURRY,0.0,0.0,0.0,0.0,0.0,
SS-011412-PV1,2022-06-01,SLURRY,0.0,0.0,0.0,0.0,0.0,
SS-011413-PV1,2022-06-01,SLURRY,0.0,0.0,0.0,0.0,0.0,
SS-026327-PV1,2022-06-01,SLURRY,0.0,0.0,0.0,0.0,0.0,
SS-026328-PV1,2022-06-01,SLURRY,2.5,0.5,37.929519481836785,7.585903896367357,2.0,80.0
SS-026340-PV1,2022-06-01,SLURRY,3.0,5.5,9.569739902444235,17.544523154481098,-2.5,-83.33333333333334
SS-017429-PV1,2022-06-01,SLURRY,0.5,0.0,9.564974801363734,0.0,0.5,100.0
SS-019589-PV1,2022-06-02,SLURRY,0.0,0.0,0.0,0.0,0.0,
SS-001995-PV1,2022-06-02,SLURRY,0.0,0.0,0.0,0.0,0.0,
SS-019587-PV1,2022-06-02,SLURRY,0.0,0.5,0.0,8.023352819342358,-0.5,
SS-014407-PV1,2022-06-02,SLURRY,0.0,0.0,0.0,0.0,0.0,
SS-019584-PV1,2022-06-02,SLURRY,0.0,0.0,0.0,0.0,0.0,
SS-011572-PV1,2022-06-02,SLURRY,0.0,0.0,0.0,0.0,0.0,
SS-014410-PV1,2022-06-02,SLURRY,0.0,0.0,0.0,0.0,0.0,
SS-014409-PV1,2022-06-02,SLURRY,0.0,0.5,0.0,7.232769706968719,-0.5,
SS-014408-PV1,2022-06-02,SLURRY,0.0,0.0,0.0,0.0,0.0,
SS-012801-PV1,2022-06-02,OVERLAY,0.0,0.0,0.0,0.0,0.0,
SS-003104-PV1,2022-06-02,OVERLAY,0.0,0.0,0.0,0.0,0.0,
SS-000003-PV1,2022-06-02,SLURRY,0.5,0.5,7.394957983193278,7.394957983193278,0.0,0.0
SS-019585-PV1,2022-06-02,SLURRY,0.0,0.0,0.0,0.0,0.0,
SS-029903-PV1,2022-06-02,SLURRY,0.5,0.0,7.313839918328788,0.0,0.5,100.0
SS-014411-PV1,2022-06-02,SLURRY,0.5,0.0,7.478634899842948,0.0,0.5,100.0
SS-026449-PV1,2022-06-02,SLURRY,0.0,0.5,0.0,8.888080881536023,-0.5,
SS-003476-PV1,2022-06-02,SLURRY,0.5,0.0,4.050647205966357,0.0,0.5,100.0
SS-002612-PV1,2022-06-02,SLURRY,0.5,0.0,9.428507449413736,0.0,0.5,100.0
SS-016138-PV1,2022-06-02,SLURRY,1.0,0.5,18.857014898827472,9.428507449413736,0.5,50.0
SS-016140-PV1,2022-06-02,SLURRY,0.0,0.0,0.0,0.0,0.0,
SS-016139-PV1,2022-06-02,SLURRY,0.5,0.0,9.428578163270117,0.0,0.5,100.0
SS-026448-PV1,2022-06-02,SLURRY,0.0,0.0,0.0,0.0,0.0,
SS-029876-PV1,2022-06-02,SLURRY,1.0,0.5,18.857014898827472,9.428507449413736,0.5,50.0
SS-002047-PV1,2022-06-03,SLURRY,0.0,0.0,0.0,0.0,0.0,
SS-020714-PV1,2022-06-03,OVERLAY,0.0,0.0,0.0,0.0,0.0,
SS-020713-PV1,2022-06-03,OVERLAY,0.0,0.0,0.0,0.0,0.0,
SS-018857-PV1,2022-06-03,SLURRY,0.0,0.0,0.0,0.0,0.0,
SS-017714-PV1,2022-06-03,SLURRY,0.0,0.0,0.0,0.0,0.0,
SS-003248-PV1,2022-06-03,SLURRY,0.0,0.0,0.0,0.0,0.0,
SS-016972-PV1,2022-06-03,SLURRY,0.0,0.0,0.0,0.0,0.0,
SS-031393-PV1,2022-06-03,SLURRY,0.0,0.0,0.0,0.0,0.0,
SS-018452-PV1,2022-06-03,SLURRY,0.0,0.0,0.0,0.0,0.0,
SS-011585-PV1,2022-06-03,OVERLAY,2.5,3.0,34.73684210526316,41.68421052631579,-0.5,-20.0
SS-018858-PV1,2022-06-03,SLURRY,0.0,0.0,0.0,0.0,0.0,
SS-003260-PV1,2022-06-03,SLURRY,0.0,0.0,0.0,0.0,0.0,
SS-018856-PV1,2022-06-03,SLURRY,0.5,0.0,9.361625773974184,0.0,0.5,100.0
SS-011557-PV1,2022-06-03,SLURRY,1.0,1.5,14.993776730737613,22.49066509610642,-0.5,-50.0
SS-016971-PV1,2022-06-03,SLURRY,0.5,0.5,2.677242857668744,2.677242857668744,0.0,0.0
SS-025045-PV1,2022-06-03,SLURRY,0.0,0.0,0.0,0.0,0.0,
SS-020716-PV1,2022-06-03,OVERLAY,0.0,0.0,0.0,0.0,0.0,
SS-031394-PV1,2022-06-03,SLURRY,0.0,0.0,0.0,0.0,0.0,
SS-020717-PV1,2022-06-03,OVERLAY,0.0,0.0,0.0,0.0,0.0,
SS-003249-PV1,2022-06-03,SLURRY,0.0,0.0,0.0,0.0,0.0,
SS-004080-PV1,2022-06-03,SLURRY,0.0,0.0,0.0,0.0,0.0,
SS-016800-PV1,2022-06-03,SLURRY,0.0,0.0,0.0,0.0,0.0,
SS-012802-PV1,2022-06-03,OVERLAY,0.0,0.0,0.0,0.0,0.0,
SS-022673-PV1,2022-06-03,SLURRY,0.0,0.0,0.0,0.0,0.0,
SS-020715-PV1,2022-06-03,OVERLAY,0.0,0.0,0.0,0.0,0.0,
SS-021479-PV1,2022-06-03,SLURRY,0.0,0.0,0.0,0.0,0.0,
SS-026699-PV1,2022-06-03,OVERLAY,0.0,0.0,0.0,0.0,0.0,
SS-005603-PV1,2022-06-03,SLURRY,0.0,0.0,0.0,0.0,0.0,
SS-002048-PV1,2022-06-03,SLURRY,0.0,0.0,0.0,0.0,0.0,
SS-029904-PV1,2022-06-03,SLURRY,0.0,0.0,0.0,0.0,0.0,
SS-023351-PV1,2022-06-03,OVERLAY,0.0,0.0,0.0,0.0,0.0,
SS-023352-PV1,2022-06-03,OVERLAY,0.0,0.0,0.0,0.0,0.0,
SS-016980-PV1,2022-06-03,SLURRY,0.0,0.0,0.0,0.0,0.0,
SS-027557-PV1,2022-06-03,SLURRY,0.0,0.0,0.0,0.0,0.0,
SS-029942-PV1,2022-06-03,SLURRY,0.0,0.5,0.0,9.962188964611588,-0.5,
SS-022672-PV1,2022-06-03,SLURRY,0.0,0.0,0.0,0.0,0.0,
SS-027268-PV1,2022-06-03,SLURRY,0.0,0.0,0.0,0.0,0.0,
SS-017715-PV1,2022-06-03,SLURRY,0.0,0.0,0.0,0.0,0.0,
SS-026447-PV1,2022-06-03,SLURRY,0.5,0.0,8.072774842053407,0.0,0.5,100.0
SS-027251-PV1,2022-06-03,SLURRY,0.0,0.0,0.0,0.0,0.0,
SS-017710-PV1,2022-06-03,SLURRY,0.0,0.0,0.0,0.0,0.0,
SS-012338-PV1,2022-06-03,SLURRY,0.0,0.0,0.0,0.0,0.0,
SS-026446-PV1,2022-06-03,SLURRY,0.0,0.0,0.0,0.0,0.0,
SS-016973-PV1,2022-06-03,SLURRY,0.0,0.0,0.0,0.0,0.0,
SS-004081-PV1,2022-06-03,SLURRY,0.0,0.0,0.0,0.0,0.0,
SS-014524-PV1,2022-06-03,SLURRY,0.0,0.0,0.0,0.0,0.0,
SS-017717-PV1,2022-06-03,SLURRY,0.5,0.0,11.874999437736768,0.0,0.5,100.0
SS-025372-PV1,2022-06-05,OVERLAY,1.0,1.0,19.033494985863662,19.033494985863662,0.0,0.0
SS-025377-PV1,2022-06-05,OVERLAY,9.0,7.0,73.76419363100827,57.37215060189533,2.0,22.22222222222222
SS-004812-PV1,2022-06-06,OVERLAY,0.0,0.0,0.0,0.0,0.0,
SS-026698-PV1,2022-06-07,OVERLAY,0.0,0.0,0.0,0.0,0.0,
SS-018264-PV1,2022-06-07,OVERLAY,1.5,4.0,13.427966588777677,35.80791090340714,-2.5,-166.66666666666669
SS-025634-PV1,2022-06-08,SLURRY,0.0,0.0,0.0,0.0,0.0,
SS-004070-PV1,2022-06-08,SLURRY,0.5,0.0,2.228873947553583,0.0,0.5,100.0
SS-018257-PV1,2022-06-08,OVERLAY,5.5,5.0,27.821389743564193,25.29217249414927,0.5,9.090909090909092
SS-004072-PV1,2022-06-08,SLURRY,0.0,0.0,0.0,0.0,0.0,
SS-010579-PV1,2022-06-08,SLURRY,1.0,0.0,7.207043902636114,0.0,1.0,100.0
SS-005624-PV1,2022-06-08,SLURRY,0.0,0.0,0.0,0.0,0.0,
SS-016393-PV1,2022-06-08,SLURRY,0.0,0.0,0.0,0.0,0.0,
SS-025047-PV1,2022-06-08,SLURRY,0.0,0.0,0.0,0.0,0.0,
SS-007836-PV1,2022-06-08,SLURRY,0.0,0.0,0.0,0.0,0.0,
SS-001183-PV1,2022-06-08,SLURRY,0.0,0.0,0.0,0.0,0.0,
SS-001754-PV1,2022-06-08,SLURRY,0.0,0.0,0.0,0.0,0.0,
SS-001156-PV1,2022-06-08,SLURRY,0.0,0.0,0.0,0.0,0.0,
SS-001184-PV1,2022-06-08,SLURRY,0.0,0.5,0.0,3.333237376499768,-0.5,
SS-018409-PV1,2022-06-08,SLURRY,0.0,0.0,0.0,0.0,0.0,
SS-018410-PV1,2022-06-08,SLURRY,0.0,0.0,0.0,0.0,0.0,
SS-001755-PV1,2022-06-08,SLURRY,0.0,0.0,0.0,0.0,0.0,
SS-004082-PV1,2022-06-08,SLURRY,0.0,0.0,0.0,0.0,0.0,
SS-005364-PV1,2022-06-08,SLURRY,0.0,0.0,0.0,0.0,0.0,
SS-004083-PV1,2022-06-08,SLURRY,0.0,0.0,0.0,0.0,0.0,
SS-003190-PV1,2022-06-08,SLURRY,0.0,0.0,0.0,0.0,0.0,
SS-025046-PV1,2022-06-08,SLURRY,0.0,0.0,0.0,0.0,0.0,
SS-016888-PV1,2022-06-08,SLURRY,0.0,0.0,0.0,0.0,0.0,
SS-016799-PV1,2022-06-08,SLURRY,0.0,0.0,0.0,0.0,0.0,
SS-016887-PV1,2022-06-08,SLURRY,0.0,0.0,0.0,0.0,0.0,
SS-025043-PV1,2022-06-08,SLURRY,0.0,0.0,0.0,0.0,0.0,
SS-002258-PV1,2022-06-09,SLURRY,0.0,0.0,0.0,0.0,0.0,
SS-004071-PV1,2022-06-09,SLURRY,1.0,0.5,4.123015476691259,2.0615077383456293,0.5,50.0
SS-016976-PV1,2022-06-09,SLURRY,0.0,0.0,0.0,0.0,0.0,
SS-016975-PV1,2022-06-09,SLURRY,0.0,0.0,0.0,0.0,0.0,
SS-028975-PV1,2022-06-09,SLURRY,0.0,0.0,0.0,0.0,0.0,
SS-018259-PV1,2022-06-09,OVERLAY,2.5,3.5,29.586223219985225,41.42071250797931,-1.0,-40.0
SS-018258-PV1,2022-06-09,OVERLAY,2.0,2.5,16.082821657956156,20.103527072445193,-0.5,-25.0
SS-016885-PV1,2022-06-09,SLURRY,0.0,0.0,0.0,0.0,0.0,
SS-004079-PV1,2022-06-09,SLURRY,0.0,0.5,0.0,4.217252396166134,-0.5,
SS-004078-PV1,2022-06-09,SLURRY,0.0,0.0,0.0,0.0,0.0,
SS-028979-PV1,2022-06-09,SLURRY,0.0,0.0,0.0,0.0,0.0,
SS-018451-PV1,2022-06-09,SLURRY,0.0,0.0,0.0,0.0,0.0,
SS-028980-PV1,2022-06-09,SLURRY,0.5,0.0,3.7175878093536485,0.0,0.5,100.0
SS-016920-PV1,2022-06-09,SLURRY,0.0,0.0,0.0,0.0,0.0,
SS-016794-PV1,2022-06-09,SLURRY,0.0,0.0,0.0,0.0,0.0,
SS-027759-PV1,2022-06-09,SLURRY,0.0,0.0,0.0,0.0,0.0,
SS-016886-PV1,2022-06-09,SLURRY,0.0,0.0,0.0,0.0,0.0,
SS-019670-PV1,2022-06-09,SLURRY,0.0,0.0,0.0,0.0,0.0,
SS-016983-PV1,2022-06-09,SLURRY,0.0,0.0,0.0,0.0,0.0,
SS-019671-PV1,2022-06-09,SLURRY,0.0,0.0,0.0,0.0,0.0,
SS-003095-PV1,2022-06-09,SLURRY,0.0,0.0,0.0,0.0,0.0,
SS-025635-PV1,2022-06-09,SLURRY,0.0,0.0,0.0,0.0,0.0,
SS-005440-PV1,2022-06-09,SLURRY,0.0,0.0,0.0,0.0,0.0,
SS-002046-PV1,2022-06-09,SLURRY,0.0,0.0,0.0,0.0,0.0,
SS-005363-PV1,2022-06-09,SLURRY,0.0,0.0,0.0,0.0,0.0,
SS-007633-PV1,2022-06-09,SLURRY,0.0,0.0,0.0,0.0,0.0,
SS-016982-PV1,2022-06-09,SLURRY,0.0,0.0,0.0,0.0,0.0,
SS-007613-PV1,2022-06-09,SLURRY,0.0,0.0,0.0,0.0,0.0,
SS-005604-PV1,2022-06-09,SLURRY,0.0,0.0,0.0,0.0,0.0,
SS-001145-PV1,2022-06-09,SLURRY,0.0,0.0,0.0,0.0,0.0,
SS-001153-PV1,2022-06-09,SLURRY,0.0,0.0,0.0,0.0,0.0,
SS-018450-PV1,2022-06-10,SLURRY,0.0,0.0,0.0,0.0,0.0,
SS-028978-PV1,2022-06-10,SLURRY,0.0,0.0,0.0,0.0,0.0,
SS-016796-PV1,2022-06-10,SLURRY,0.0,0.0,0.0,0.0,0.0,
SS-021561-PV1,2022-06-10,SLURRY,0.0,0.0,0.0,0.0,0.0,
SS-028977-PV1,2022-06-10,SLURRY,0.0,0.0,0.0,0.0,0.0,
SS-027608-PV1,2022-06-10,SLURRY,0.0,0.0,0.0,0.0,0.0,
SS-004068-PV1,2022-06-10,SLURRY,0.0,0.0,0.0,0.0,0.0,
SS-003258-PV1,2022-06-10,SLURRY,0.0,0.0,0.0,0.0,0.0,
SS-027758-PV1,2022-06-10,SLURRY,0.0,0.0,0.0,0.0,0.0,
SS-005601-PV1,2022-06-10,SLURRY,0.0,0.0,0.0,0.0,0.0,
SS-004067-PV1,2022-06-10,SLURRY,1.5,0.5,7.68007596293316,2.56002532097772,1.0,66.66666666666666
SS-001758-PV1,2022-06-10,SLURRY,0.0,0.0,0.0,0.0,0.0,
SS-005439-PV1,2022-06-10,SLURRY,0.0,0.0,0.0,0.0,0.0,
SS-004084-PV1,2022-06-10,SLURRY,0.0,0.0,0.0,0.0,0.0,
SS-001757-PV1,2022-06-10,SLURRY,0.0,0.0,0.0,0.0,0.0,
SS-003259-PV1,2022-06-10,SLURRY,0.0,0.0,0.0,0.0,0.0,
SS-016978-PV1,2022-06-10,SLURRY,0.0,0.0,0.0,0.0,0.0,
SS-016979-PV1,2022-06-10,SLURRY,0.0,0.0,0.0,0.0,0.0,
SS-017168-PV1,2022-06-10,SLURRY,0.0,0.0,0.0,0.0,0.0,
SS-006522-PV1,2022-06-10,SLURRY,0.0,0.0,0.0,0.0,0.0,
SS-016974-PV1,2022-06-10,SLURRY,0.0,0.0,0.0,0.0,0.0,
SS-010541-PV1,2022-06-10,SLURRY,0.0,0.5,0.0,7.837397746451276,-0.5,
SS-001751-PV1,2022-06-10,SLURRY,0.0,0.0,0.0,0.0,0.0,
SS-001753-PV1,2022-06-10,SLURRY,0.0,0.0,0.0,0.0,0.0,
SS-027556-PV1,2022-06-10,SLURRY,0.0,0.0,0.0,0.0,0.0,
SS-016981-PV1,2022-06-10,SLURRY,0.0,0.0,0.0,0.0,0.0,
SS-004085-PV1,2022-06-10,SLURRY,0.0,0.0,0.0,0.0,0.0,
SS-017169-PV1,2022-06-10,SLURRY,0.0,0.0,0.0,0.0,0.0,
SS-017170-PV1,2022-06-10,SLURRY,0.5,0.0,7.999282488601022,0.0,0.5,100.0
SS-018265-PV1,2022-06-12,OVERLAY,2.5,2.0,10.255218196859168,8.204174557487335,0.5,20.0
SS-018260-PV1,2022-06-12,OVERLAY,4.5,5.0,74.46856523897641,82.74285026552934,-0.5,-11.11111111111111
SS-018261-PV1,2022-06-13,OVERLAY,1.5,2.5,24.18805110275524,40.313418504592065,-1.0,-66.66666666666666
SS-003192-PV1,2022-06-13,SLURRY,0.0,0.0,0.0,0.0,0.0,
SS-001157-PV1,2022-06-13,SLURRY,0.0,0.0,0.0,0.0,0.0,
SS-009219-PV1,2022-06-13,SLURRY,0.0,0.0,0.0,0.0,0.0,
SS-020012-PV1,2022-06-13,SLURRY,0.0,0.0,0.0,0.0,0.0,
SS-005602-PV1,2022-06-13,SLURRY,0.0,0.0,0.0,0.0,0.0,
SS-017116-PV1,2022-06-13,SLURRY,0.0,0.0,0.0,0.0,0.0,
SS-001154-PV1,2022-06-13,SLURRY,1.0,0.0,5.103159696713807,0.0,1.0,100.0
SS-004066-PV1,2022-06-13,SLURRY,0.5,0.0,3.155120042756657,0.0,0.5,100.0
SS-028981-PV1,2022-06-13,SLURRY,0.5,1.0,3.0909197558594883,6.181839511718977,-0.5,-100.0
SS-028976-PV1,2022-06-13,SLURRY,0.0,0.0,0.0,0.0,0.0,
SS-007835-PV1,2022-06-13,SLURRY,0.0,0.0,0.0,0.0,0.0,
SS-010512-PV1,2022-06-13,SLURRY,0.0,0.0,0.0,0.0,0.0,
SS-004069-PV1,2022-06-13,SLURRY,0.5,0.5,3.4390489153904085,3.4390489153904085,0.0,0.0
SS-001188-PV1,2022-06-13,SLURRY,0.0,1.5,0.0,11.54396443059687,-1.5,
SS-013934-PV1,2022-06-13,SLURRY,0.0,0.5,0.0,5.1080141840266595,-0.5,
SS-016795-PV1,2022-06-13,SLURRY,0.0,0.0,0.0,0.0,0.0,
SS-010520-PV1,2022-06-13,SLURRY,0.0,0.0,0.0,0.0,0.0,
SS-017114-PV1,2022-06-13,SLURRY,0.5,0.0,15.038827518320025,0.0,0.5,100.0
SS-005600-PV1,2022-06-13,SLURRY,0.0,0.0,0.0,0.0,0.0,
SS-017163-PV1,2022-06-13,SLURRY,0.0,0.0,0.0,0.0,0.0,
SS-005452-PV1,2022-06-13,SLURRY,0.0,0.0,0.0,0.0,0.0,
SS-005453-PV1,2022-06-13,SLURRY,0.0,0.0,0.0,0.0,0.0,
SS-018194-PV1,2022-06-14,SLURRY,0.5,0.0,7.926640146450682,0.0,0.5,100.0
SS-001739-PV1,2022-06-14,SLURRY,0.0,0.0,0.0,0.0,0.0,
SS-020196-PV1,2022-06-14,OVERLAY,0.0,0.0,0.0,0.0,0.0,
SS-001738-PV1,2022-06-14,SLURRY,0.0,0.0,0.0,0.0,0.0,
SS-002828-PV1,2022-06-14,SLURRY,0.5,0.0,5.276187426965275,0.0,0.5,100.0
SS-002829-PV1,2022-06-14,SLURRY,0.0,0.0,0.0,0.0,0.0,
SS-017117-PV1,2022-06-14,SLURRY,0.0,0.0,0.0,0.0,0.0,
SS-007810-PV1,2022-06-14,SLURRY,0.0,0.0,0.0,0.0,0.0,
SS-008231-PV1,2022-06-14,SLURRY,0.0,0.0,0.0,0.0,0.0,
SS-018193-PV1,2022-06-14,SLURRY,0.0,0.0,0.0,0.0,0.0,
SS-001774-PV1,2022-06-14,SLURRY,0.0,0.0,0.0,0.0,0.0,
SS-015213-PV1,2022-06-14,OVERLAY,0.0,0.0,0.0,0.0,0.0,
SS-001778-PV1,2022-06-14,SLURRY,0.5,0.0,8.122692032439078,0.0,0.5,100.0
SS-017167-PV1,2022-06-14,SLURRY,0.0,0.0,0.0,0.0,0.0,
SS-017165-PV1,2022-06-14,SLURRY,0.0,0.0,0.0,0.0,0.0,
SS-019672-PV1,2022-06-14,SLURRY,0.0,0.0,0.0,0.0,0.0,
SS-022128-PV1,2022-06-15,OVERLAY,0.0,0.0,0.0,0.0,0.0,
SS-010380-PV1,2022-06-15,OVERLAY,0.0,0.0,0.0,0.0,0.0,
SS-010381-PV1,2022-06-15,OVERLAY,0.0,0.5,0.0,4.8221441627488275,-0.5,
SS-022129-PV1,2022-06-15,OVERLAY,0.5,0.5,6.947267868491378,6.947267868491378,0.0,0.0
SS-020459-PV1,2022-06-15,OVERLAY,0.0,0.5,0.0,4.086667695557498,-0.5,
SS-022133-PV1,2022-06-15,OVERLAY,0.0,0.0,0.0,0.0,0.0,
SS-022127-PV1,2022-06-15,OVERLAY,0.0,0.0,0.0,0.0,0.0,
SS-022131-PV1,2022-06-15,OVERLAY,0.0,0.0,0.0,0.0,0.0,
SS-022132-PV1,2022-06-15,OVERLAY,0.0,0.0,0.0,0.0,0.0,
SS-013960-PV1,2022-06-15,OVERLAY,0.5,0.5,3.9051717787436173,3.9051717787436173,0.0,0.0
SS-003238-PV1,2022-06-15,OVERLAY,0.0,0.0,0.0,0.0,0.0,
SS-022130-PV1,2022-06-15,OVERLAY,1.5,0.0,20.84182005930445,0.0,1.5,100.0
SS-022526-PV1,2022-06-15,OVERLAY,0.0,0.0,0.0,0.0,0.0,
SS-012680-PV1,2022-06-15,OVERLAY,0.0,0.0,0.0,0.0,0.0,
SS-026968-PV1,2022-06-17,OVERLAY,0.0,0.0,0.0,0.0,0.0,
SS-026967-PV1,2022-06-17,OVERLAY,0.0,0.0,0.0,0.0,0.0,
SS-010999-PV1,2022-06-17,OVERLAY,0.5,0.0,3.9995406588152456,0.0,0.5,100.0
SS-011000-PV1,2022-06-17,OVERLAY,0.0,0.0,0.0,0.0,0.0,
SS-011001-PV1,2022-06-17,OVERLAY,0.0,0.0,0.0,0.0,0.0,
SS-011002-PV1,2022-06-17,OVERLAY,0.0,0.0,0.0,0.0,0.0,
SS-012990-PV1,2022-06-20,OVERLAY,0.0,0.0,0.0,0.0,0.0,
SS-012984-PV1,2022-06-20,OVERLAY,0.0,0.0,0.0,0.0,0.0,
SS-012989-PV1,2022-06-20,OVERLAY,1.5,1.0,6.825380314586259,4.550253543057506,0.5,33.33333333333333
SS-020211-PV1,2022-06-21,OVERLAY,0.0,0.0,0.0,0.0,0.0,
SS-000800-PV1,2022-06-21,OVERLAY,0.0,0.0,0.0,0.0,0.0,
SS-000799-PV1,2022-06-21,OVERLAY,0.0,0.0,0.0,0.0,0.0,
SS-000798-PV1,2022-06-21,OVERLAY,0.5,0.0,3.999627913403207,0.0,0.5,100.0
SS-020860-PV1,2022-06-21,OVERLAY,1.0,1.0,9.025641025641026,9.025641025641026,0.0,0.0
SS-020861-PV1,2022-06-21,OVERLAY,0.0,0.0,0.0,0.0,0.0,
SS-020862-PV1,2022-06-21,OVERLAY,0.0,0.0,0.0,0.0,0.0,
SS-020863-PV1,2022-06-21,OVERLAY,0.0,1.0,0.0,36.92307692307692,-1.0,
SS-005396-PV1,2022-06-22,OVERLAY,0.0,0.0,0.0,0.0,0.0,
SS-021061-PV1,2022-06-22,OVERLAY,0.0,0.0,0.0,0.0,0.0,
SS-021062-PV1,2022-06-22,OVERLAY,0.0,0.0,0.0,0.0,0.0,
SS-005395-PV1,2022-06-22,OVERLAY,0.0,0.0,0.0,0.0,0.0,
SS-021074-PV1,2022-06-22,OVERLAY,0.0,0.0,0.0,0.0,0.0,
SS-006895-PV1,2022-06-22,OVERLAY,0.0,0.0,0.0,0.0,0.0,
SS-002931-PV1,2022-06-23,SLURRY,0.0,0.0,0.0,0.0,0.0,
SS-009078-PV1,2022-06-23,SLURRY,0.0,0.0,0.0,0.0,0.0,
SS-021121-PV1,2022-06-23,SLURRY,0.0,0.0,0.0,0.0,0.0,
SS-029219-PV1,2022-06-23,SLURRY,0.0,0.0,0.0,0.0,0.0,
SS-028896-PV1,2022-06-23,SLURRY,0.0,0.0,0.0,0.0,0.0,
SS-020811-PV1,2022-06-23,SLURRY,0.5,0.0,2.4304406057394488,0.0,0.5,100.0
SS-028895-PV1,2022-06-23,SLURRY,0.0,0.0,0.0,0.0,0.0,
SS-003774-PV1,2022-06-23,SLURRY,0.0,0.0,0.0,0.0,0.0,
SS-002930-PV1,2022-06-23,SLURRY,0.0,0.0,0.0,0.0,0.0,
SS-024329-PV1,2022-06-23,SLURRY,0.0,0.0,0.0,0.0,0.0,
SS-015376-PV1,2022-06-23,OVERLAY,0.5,0.0,6.838529622878404,0.0,0.5,100.0
SS-015375-PV1,2022-06-23,OVERLAY,0.0,0.0,0.0,0.0,0.0,
SS-015733-PV1,2022-06-23,SLURRY,0.5,0.0,6.071952638769417,0.0,0.5,100.0
SS-002932-PV1,2022-06-23,SLURRY,0.0,0.0,0.0,0.0,0.0,
SS-021533-PV1,2022-06-23,SLURRY,0.0,0.0,0.0,0.0,0.0,
SS-013152-PV1,2022-06-23,SLURRY,0.0,0.0,0.0,0.0,0.0,
SS-013151-PV1,2022-06-23,SLURRY,0.0,0.0,0.0,0.0,0.0,
SS-015374-PV1,2022-06-23,OVERLAY,0.0,0.0,0.0,0.0,0.0,
SS-028897-PV1,2022-06-23,SLURRY,0.0,0.0,0.0,0.0,0.0,
SS-015219-PV1,2022-06-24,SLURRY,0.5,0.0,5.598776412863952,0.0,0.5,100.0
SS-024197-PV1,2022-06-24,SLURRY,0.0,0.0,0.0,0.0,0.0,
SS-024198-PV1,2022-06-24,SLURRY,0.0,0.0,0.0,0.0,0.0,
SS-017555-PV1,2022-06-24,SLURRY,0.0,0.0,0.0,0.0,0.0,
SS-015015-PV1,2022-06-24,SLURRY,0.0,0.0,0.0,0.0,0.0,
SS-017355-PV1,2022-06-24,SLURRY,0.0,0.0,0.0,0.0,0.0,
SS-021531-PV1,2022-06-24,SLURRY,0.0,0.0,0.0,0.0,0.0,
SS-024693-PV1,2022-06-24,SLURRY,0.0,0.0,0.0,0.0,0.0,
SS-016954-PV1,2022-06-24,SLURRY,0.5,0.0,2.93323686243208,0.0,0.5,100.0
SS-008102-PV1,2022-06-24,SLURRY,0.0,0.0,0.0,0.0,0.0,
SS-003823-PV1,2022-06-24,SLURRY,0.0,0.0,0.0,0.0,0.0,
SS-024692-PV1,2022-06-24,SLURRY,0.0,0.0,0.0,0.0,0.0,
SS-012520-PV1,2022-06-24,SLURRY,0.0,0.0,0.0,0.0,0.0,
SS-020810-PV1,2022-06-24,SLURRY,0.0,0.0,0.0,0.0,0.0,
SS-017460-PV1,2022-06-24,SLURRY,0.0,0.0,0.0,0.0,0.0,
SS-024196-PV1,2022-06-24,SLURRY,0.0,0.0,0.0,0.0,0.0,
SS-002948-PV1,2022-06-24,SLURRY,0.0,0.0,0.0,0.0,0.0,
SS-014538-PV1,2022-06-24,SLURRY,0.0,0.0,0.0,0.0,0.0,
SS-012521-PV1,2022-06-24,SLURRY,0.0,0.0,0.0,0.0,0.0,
SS-025108-PV1,2022-06-24,SLURRY,0.0,0.0,0.0,0.0,0.0,
SS-025107-PV1,2022-06-24,SLURRY,0.0,0.0,0.0,0.0,0.0,
SS-012519-PV1,2022-06-24,SLURRY,0.0,0.0,0.0,0.0,0.0,
SS-002937-PV1,2022-06-24,SLURRY,0.0,0.0,0.0,0.0,0.0,
SS-015217-PV1,2022-06-24,SLURRY,0.0,0.0,0.0,0.0,0.0,
SS-015216-PV1,2022-06-24,SLURRY,0.0,0.0,0.0,0.0,0.0,
SS-020812-PV1,2022-06-24,SLURRY,0.0,0.0,0.0,0.0,0.0,
SS-018305-PV1,2022-06-24,SLURRY,0.0,0.0,0.0,0.0,0.0,
SS-030091-PV1,2022-06-26,OVERLAY,4.0,2.0,80.98681203390402,40.49340601695201,2.0,50.0
SS-024192-PV1,2022-06-27,SLURRY,0.0,0.0,0.0,0.0,0.0,
SS-002936-PV1,2022-06-27,SLURRY,0.0,0.0,0.0,0.0,0.0,
SS-002935-PV1,2022-06-27,SLURRY,0.0,0.0,0.0,0.0,0.0,
SS-010523-PV1,2022-06-27,OVERLAY,0.0,0.0,0.0,0.0,0.0,
SS-016952-PV1,2022-06-27,SLURRY,0.0,0.0,0.0,0.0,0.0,
SS-020000-PV1,2022-06-27,SLURRY,0.0,0.0,0.0,0.0,0.0,
SS-016951-PV1,2022-06-27,SLURRY,0.0,0.0,0.0,0.0,0.0,
SS-025968-PV1,2022-06-27,SLURRY,0.0,0.0,0.0,0.0,0.0,
SS-015732-PV1,2022-06-27,SLURRY,0.0,0.0,0.0,0.0,0.0,
SS-013153-PV1,2022-06-27,SLURRY,0.0,0.0,0.0,0.0,0.0,
SS-012588-PV1,2022-06-27,SLURRY,0.0,0.0,0.0,0.0,0.0,
SS-007764-PV1,2022-06-27,SLURRY,0.0,0.0,0.0,0.0,0.0,
SS-013150-PV1,2022-06-27,SLURRY,0.0,0.0,0.0,0.0,0.0,
SS-013149-PV1,2022-06-27,SLURRY,0.0,0.0,0.0,0.0,0.0,
SS-020001-PV1,2022-06-27,SLURRY,0.0,0.0,0.0,0.0,0.0,
SS-013254-PV1,2022-06-27,SLURRY,0.0,0.0,0.0,0.0,0.0,
SS-023287-PV1,2022-06-27,SLURRY,0.0,0.0,0.0,0.0,0.0,
SS-011402-PV1,2022-06-27,SLURRY,0.0,0.0,0.0,0.0,0.0,
SS-020340-PV1,2022-06-27,SLURRY,0.0,0.0,0.0,0.0,0.0,
SS-003777-PV1,2022-06-27,SLURRY,0.0,0.0,0.0,0.0,0.0,
SS-023663-PV1,2022-06-27,SLURRY,0.0,0.0,0.0,0.0,0.0,
SS-020807-PV1,2022-06-27,SLURRY,0.0,0.0,0.0,0.0,0.0,
SS-011980-PV1,2022-06-27,SLURRY,0.0,0.0,0.0,0.0,0.0,
SS-021532-PV1,2022-06-28,SLURRY,0.0,0.0,0.0,0.0,0.0,
SS-021120-PV1,2022-06-28,SLURRY,0.0,0.0,0.0,0.0,0.0,
SS-017849-PV1,2022-06-28,SLURRY,0.0,0.0,0.0,0.0,0.0,
SS-010582-PV1,2022-06-28,SLURRY,1.5,0.5,19.070473345040487,6.356824448346829,1.0,66.66666666666666
SS-002938-PV1,2022-06-28,SLURRY,0.0,0.0,0.0,0.0,0.0,
SS-006394-PV1,2022-06-28,SLURRY,0.0,0.0,0.0,0.0,0.0,
SS-017850-PV1,2022-06-28,SLURRY,0.0,0.0,0.0,0.0,0.0,
SS-017848-PV1,2022-06-28,SLURRY,0.0,0.0,0.0,0.0,0.0,
SS-008692-PV1,2022-06-28,SLURRY,0.0,0.0,0.0,0.0,0.0,
SS-021534-PV1,2022-06-28,SLURRY,0.0,0.0,0.0,0.0,0.0,
SS-025299-PV1,2022-06-28,SLURRY,0.0,0.0,0.0,0.0,0.0,
SS-013441-PV1,2022-06-28,SLURRY,0.0,0.0,0.0,0.0,0.0,
SS-021122-PV1,2022-06-28,SLURRY,0.0,0.0,0.0,0.0,0.0,
SS-015215-PV1,2022-06-28,SLURRY,0.0,0.0,0.0,0.0,0.0,
SS-013406-PV1,2022-06-28,SLURRY,0.0,0.0,0.0,0.0,0.0,
SS-002939-PV1,2022-06-28,SLURRY,0.0,0.0,0.0,0.0,0.0,
SS-013442-PV1,2022-06-28,SLURRY,0.0,0.0,0.0,0.0,0.0,
SS-017998-PV1,2022-06-28,SLURRY,0.0,0.0,0.0,0.0,0.0,
SS-018000-PV1,2022-06-28,SLURRY,0.0,0.0,0.0,0.0,0.0,
SS-015218-PV1,2022-06-28,SLURRY,0.0,0.0,0.0,0.0,0.0,
SS-017999-PV1,2022-06-28,SLURRY,0.0,0.0,0.0,0.0,0.0,
SS-028153-PV1,2022-06-28,SLURRY,0.0,0.0,0.0,0.0,0.0,
SS-027804-PV1,2022-06-28,SLURRY,0.0,0.0,0.0,0.0,0.0,
SS-000382-PV1,2022-06-28,OVERLAY,0.0,0.0,0.0,0.0,0.0,
SS-028198-PV1,2022-06-29,SLURRY,0.0,0.0,0.0,0.0,0.0,
SS-002940-PV1,2022-06-29,SLURRY,0.0,0.0,0.0,0.0,0.0,
SS-017508-PV1,2022-06-29,SLURRY,0.0,0.0,0.0,0.0,0.0,
SS-015965-PV1,2022-06-29,SLURRY,0.0,0.0,0.0,0.0,0.0,
SS-016955-PV1,2022-06-29,SLURRY,0.0,0.0,0.0,0.0,0.0,
SS-006091-PV1,2022-06-29,SLURRY,0.0,0.0,0.0,0.0,0.0,
SS-015966-PV1,2022-06-29,SLURRY,0.0,0.0,0.0,0.0,0.0,
SS-015964-PV1,2022-06-29,SLURRY,0.0,0.0,0.0,0.0,0.0,
SS-015961-PV1,2022-06-29,SLURRY,0.0,0.0,0.0,0.0,0.0,
SS-004750-PV1,2022-06-29,SLURRY,0.0,0.0,0.0,0.0,0.0,
SS-004749-PV1,2022-06-29,SLURRY,0.0,0.0,0.0,0.0,0.0,
SS-004748-PV1,2022-06-29,SLURRY,0.0,0.0,0.0,0.0,0.0,
SS-004747-PV1,2022-06-29,SLURRY,0.0,0.0,0.0,0.0,0.0,
SS-006092-PV1,2022-06-29,SLURRY,0.5,0.5,13.052622835563652,13.052622835563652,0.0,0.0
SS-012913-PV1,2022-06-29,SLURRY,0.0,0.0,0.0,0.0,0.0,
SS-012917-PV1,2022-06-29,SLURRY,0.0,0.0,0.0,0.0,0.0,
SS-014679-PV1,2022-06-29,SLURRY,0.0,0.0,0.0,0.0,0.0,
SS-014525-PV1,2022-06-29,SLURRY,0.0,0.0,0.0,0.0,0.0,
SS-014406-PV1,2022-06-29,SLURRY,0.0,0.0,0.0,0.0,0.0,
SS-025594-PV1,2022-06-29,SLURRY,0.0,0.0,0.0,0.0,0.0,
SS-020808-PV1,2022-06-29,SLURRY,0.0,0.0,0.0,0.0,0.0,
SS-020809-PV1,2022-06-29,SLURRY,0.0,0.0,0.0,0.0,0.0,
SS-020888-PV1,2022-06-29,SLURRY,0.0,0.0,0.0,0.0,0.0,
SS-012914-PV1,2022-06-29,SLURRY,0.0,0.0,0.0,0.0,0.0,
SS-006941-PV1,2022-06-29,SLURRY,0.0,0.0,0.0,0.0,0.0,
SS-004751-PV1,2022-06-29,SLURRY,0.0,0.0,0.0,0.0,0.0,
SS-016953-PV1,2022-06-29,SLURRY,0.0,0.0,0.0,0.0,0.0,
SS-002027-PV1,2022-06-30,SLURRY,0.0,0.0,0.0,0.0,0.0,
SS-012590-PV1,2022-06-30,SLURRY,0.0,0.0,0.0,0.0,0.0,
SS-029120-PV1,2022-06-30,SLURRY,0.0,0.0,0.0,0.0,0.0,
SS-029121-PV1,2022-06-30,SLURRY,0.0,0.0,0.0,0.0,0.0,
SS-013461-PV1,2022-06-30,SLURRY,0.0,0.0,0.0,0.0,0.0,
SS-000380-PV1,2022-06-30,OVERLAY,0.0,0.5,0.0,6.947273353101483,-0.5,
SS-016830-PV1,2022-06-30,SLURRY,0.0,0.0,0.0,0.0,0.0,
SS-015397-PV1,2022-06-30,OVERLAY,0.5,0.0,11.256349284518299,0.0,0.5,100.0
SS-016829-PV1,2022-06-30,SLURRY,0.0,0.0,0.0,0.0,0.0,
SS-016828-PV1,2022-06-30,SLURRY,0.0,0.0,0.0,0.0,0.0,
SS-013467-PV1,2022-06-30,SLURRY,0.0,0.5,0.0,9.361078055789188,-0.5,
SS-006246-PV1,2022-06-30,SLURRY,0.0,0.0,0.0,0.0,0.0,
SS-021530-PV1,2022-06-30,SLURRY,0.0,0.0,0.0,0.0,0.0,
SS-013463-PV1,2022-06-30,SLURRY,0.0,0.0,0.0,0.0,0.0,
SS-016827-PV1,2022-06-30,SLURRY,0.0,0.0,0.0,0.0,0.0,
SS-020405-PV1,2022-06-30,SLURRY,0.0,0.0,0.0,0.0,0.0,
SS-002941-PV1,2022-06-30,SLURRY,0.0,0.0,0.0,0.0,0.0,
SS-002942-PV1,2022-06-30,SLURRY,0.0,0.0,0.0,0.0,0.0,
SS-006393-PV1,2022-06-30,SLURRY,0.0,0.0,0.0,0.0,0.0,
SS-013459-PV1,2022-06-30,SLURRY,0.0,0.0,0.0,0.0,0.0,
SS-013460-PV1,2022-06-30,SLURRY,0.0,0.0,0.0,0.0,0.0,
SS-012589-PV1,2022-06-30,SLURRY,0.0,0.0,0.0,0.0,0.0,
SS-029119-PV1,2022-06-30,SLURRY,0.0,0.0,0.0,0.0,0.0,
SS-013462-PV1,2022-06-30,SLURRY,0.0,0.0,0.0,0.0,0.0,
SS-002934-PV1,2022-06-30,SLURRY,0.0,0.0,0.0,0.0,0.0,
SS-002933-PV1,2022-06-30,SLURRY,0.0,0.0,0.0,0.0,0.0,
SS-027115-PV1,2022-06-30,OVERLAY,2.0,0.0,41.44654729851718,0.0,2.0,100.0
SS-017237-PV1,2022-07-01,CONCRETE,0.0,0.0,0.0,0.0,0.0,
SS-017236-PV1,2022-07-01,CONCRETE,0.0,0.0,0.0,0.0,0.0,
SS-020304-PV1,2022-07-05,SLURRY,1.5,2.0,11.999860001633314,15.999813335511085,-0.5,-33.33333333333333
SS-020327-PV1,2022-07-05,SLURRY,3.0,2.5,41.65241219795099,34.71034349829249,0.5,16.666666666666664
SS-020303-PV1,2022-07-05,SLURRY,1.0,2.5,7.951798845995191,19.879497114987977,-1.5,-150.0
SS-027387-PV1,2022-07-07,SLURRY,0.0,0.5,0.0,2.063318234637423,-0.5,
SS-025516-PV1,2022-07-08,SLURRY,0.0,0.0,0.0,0.0,0.0,
SS-019424-PV1,2022-07-08,SLURRY,0.0,0.0,0.0,0.0,0.0,
SS-019423-PV1,2022-07-08,SLURRY,0.0,0.5,0.0,2.3930573056549664,-0.5,
SS-006864-PV1,2022-07-08,SLURRY,0.0,0.0,0.0,0.0,0.0,
SS-009250-PV1,2022-07-08,SLURRY,0.0,0.0,0.0,0.0,0.0,
SS-009232-PV1,2022-07-08,SLURRY,0.0,0.0,0.0,0.0,0.0,
SS-009249-PV1,2022-07-08,SLURRY,0.0,0.0,0.0,0.0,0.0,
SS-021959-PV1,2022-07-08,SLURRY,0.0,0.0,0.0,0.0,0.0,
SS-021958-PV1,2022-07-08,SLURRY,0.0,0.0,0.0,0.0,0.0,
SS-009251-PV1,2022-07-08,SLURRY,0.0,0.0,0.0,0.0,0.0,
SS-025517-PV1,2022-07-08,SLURRY,0.0,0.0,0.0,0.0,0.0,
SS-021930-PV1,2022-07-08,SLURRY,0.5,0.0,2.640184812936906,0.0,0.5,100.0
SS-025518-PV1,2022-07-08,SLURRY,0.0,0.0,0.0,0.0,0.0,
SS-012713-PV1,2022-07-08,SLURRY,0.0,0.0,0.0,0.0,0.0,
SS-021886-PV1,2022-07-08,SLURRY,0.0,0.0,0.0,0.0,0.0,
SS-011206-PV1,2022-07-08,SLURRY,0.0,0.0,0.0,0.0,0.0,
SS-003038-PV1,2022-07-08,SLURRY,0.0,0.0,0.0,0.0,0.0,
SS-006840-PV1,2022-07-11,SLURRY,0.0,0.0,0.0,0.0,0.0,
SS-023114-PV1,2022-07-11,SLURRY,0.5,0.0,7.8019164343823375,0.0,0.5,100.0
SS-006839-PV1,2022-07-11,SLURRY,0.0,0.0,0.0,0.0,0.0,
SS-023118-PV1,2022-07-11,SLURRY,0.0,0.0,0.0,0.0,0.0,
SS-004161-PV1,2022-07-11,SLURRY,0.0,0.0,0.0,0.0,0.0,
SS-020235-PV1,2022-07-11,SLURRY,0.0,0.0,0.0,0.0,0.0,
SS-023117-PV1,2022-07-11,SLURRY,0.5,0.0,10.120987977109698,0.0,0.5,100.0
SS-004162-PV1,2022-07-11,SLURRY,0.0,0.0,0.0,0.0,0.0,
SS-012719-PV1,2022-07-11,SLURRY,0.0,0.0,0.0,0.0,0.0,
SS-012714-PV1,2022-07-11,SLURRY,0.0,0.0,0.0,0.0,0.0,
SS-012715-PV1,2022-07-11,SLURRY,0.0,0.0,0.0,0.0,0.0,
SS-017668-PV1,2022-07-11,SLURRY,0.5,0.0,18.02603943332687,0.0,0.5,100.0
SS-009262-PV1,2022-07-11,SLURRY,0.0,0.0,0.0,0.0,0.0,
SS-009266-PV1,2022-07-11,SLURRY,0.0,0.0,0.0,0.0,0.0,
SS-017670-PV1,2022-07-11,SLURRY,0.0,0.0,0.0,0.0,0.0,
SS-017669-PV1,2022-07-11,SLURRY,0.0,0.0,0.0,0.0,0.0,
SS-009269-PV1,2022-07-11,SLURRY,0.0,0.0,0.0,0.0,0.0,
SS-009268-PV1,2022-07-11,SLURRY,0.0,0.0,0.0,0.0,0.0,
SS-028432-PV1,2022-07-11,SLURRY,0.0,0.0,0.0,0.0,0.0,
SS-004160-PV1,2022-07-12,SLURRY,0.0,0.0,0.0,0.0,0.0,
SS-025628-PV1,2022-07-12,SLURRY,0.0,0.0,0.0,0.0,0.0,
SS-012716-PV1,2022-07-12,SLURRY,0.0,0.0,0.0,0.0,0.0,
SS-012718-PV1,2022-07-12,SLURRY,0.0,0.0,0.0,0.0,0.0,
SS-021957-PV1,2022-07-12,SLURRY,0.0,0.0,0.0,0.0,0.0,
SS-006837-PV1,2022-07-12,SLURRY,0.0,0.0,0.0,0.0,0.0,
SS-020234-PV1,2022-07-12,SLURRY,0.0,0.0,0.0,0.0,0.0,
SS-021931-PV1,2022-07-12,SLURRY,0.0,0.0,0.0,0.0,0.0,
SS-017558-PV1,2022-07-12,SLURRY,0.0,0.0,0.0,0.0,0.0,
SS-017557-PV1,2022-07-12,SLURRY,0.5,0.0,7.624407808779853,0.0,0.5,100.0
SS-021294-PV1,2022-07-12,SLURRY,0.0,0.0,0.0,0.0,0.0,
SS-013094-PV1,2022-07-12,SLURRY,0.0,0.0,0.0,0.0,0.0,
SS-006838-PV1,2022-07-12,SLURRY,0.0,0.0,0.0,0.0,0.0,
SS-021929-PV1,2022-07-12,SLURRY,0.0,0.0,0.0,0.0,0.0,
SS-009233-PV1,2022-07-13,SLURRY,0.0,0.0,0.0,0.0,0.0,
SS-031344-PV1,2022-07-13,SLURRY,0.5,0.0,4.271754801274406,0.0,0.5,100.0
SS-009260-PV1,2022-07-13,SLURRY,0.5,0.0,15.299256942907114,0.0,0.5,100.0
SS-029542-PV1,2022-07-13,SLURRY,0.0,0.0,0.0,0.0,0.0,
SS-009234-PV1,2022-07-13,SLURRY,0.0,0.0,0.0,0.0,0.0,
SS-029543-PV1,2022-07-13,SLURRY,1.0,0.0,7.880036003406922,0.0,1.0,100.0
SS-017559-PV1,2022-07-13,SLURRY,0.0,0.0,0.0,0.0,0.0,
SS-016226-PV1,2022-07-13,SLURRY,0.0,0.0,0.0,0.0,0.0,
SS-024983-PV1,2022-07-13,SLURRY,0.5,0.0,12.22011198992026,0.0,0.5,100.0
SS-024984-PV1,2022-07-13,SLURRY,0.0,0.0,0.0,0.0,0.0,
SS-024985-PV1,2022-07-13,SLURRY,1.0,0.0,20.448242516156242,0.0,1.0,100.0
SS-017671-PV1,2022-07-13,SLURRY,0.0,0.0,0.0,0.0,0.0,
SS-018974-PV1,2022-07-13,SLURRY,0.0,0.0,0.0,0.0,0.0,
SS-001868-PV1,2022-07-13,SLURRY,0.0,0.0,0.0,0.0,0.0,
SS-017560-PV1,2022-07-13,SLURRY,0.0,0.0,0.0,0.0,0.0,
SS-021887-PV1,2022-07-13,SLURRY,0.0,0.0,0.0,0.0,0.0,
SS-025099-PV1,2022-07-14,SLURRY,0.0,0.0,0.0,0.0,0.0,
SS-025103-PV1,2022-07-14,SLURRY,0.0,0.0,0.0,0.0,0.0,
SS-025101-PV1,2022-07-14,SLURRY,1.0,0.0,14.996131679668993,0.0,1.0,100.0
SS-025100-PV1,2022-07-14,SLURRY,0.5,2.0,8.022499464406996,32.089997857627985,-1.5,-300.0
SS-025098-PV1,2022-07-14,SLURRY,1.0,1.5,8.805926388459433,13.208889582689151,-0.5,-50.0
SS-025097-PV1,2022-07-14,SLURRY,0.0,0.0,0.0,0.0,0.0,
SS-025096-PV1,2022-07-14,SLURRY,0.0,0.0,0.0,0.0,0.0,
SS-025095-PV1,2022-07-14,SLURRY,3.5,2.5,15.591468429470035,11.136763163907167,1.0,28.57142857142857
SS-024727-PV1,2022-07-20,CONCRETE,0.0,0.0,0.0,0.0,0.0,
SS-016528-PV1,2022-07-22,SLURRY,0.0,0.0,0.0,0.0,0.0,
SS-016527-PV1,2022-07-22,SLURRY,0.0,0.0,0.0,0.0,0.0,
SS-022089-PV1,2022-07-22,SLURRY,0.0,0.0,0.0,0.0,0.0,
SS-028180-PV1,2022-07-22,SLURRY,0.0,0.0,0.0,0.0,0.0,
SS-028179-PV1,2022-07-22,SLURRY,0.0,0.0,0.0,0.0,0.0,
SS-016529-PV1,2022-07-22,SLURRY,0.0,0.5,0.0,10.895709896771402,-0.5,
SS-017266-PV1,2022-07-22,SLURRY,0.0,0.0,0.0,0.0,0.0,
SS-019538-PV1,2022-07-22,SLURRY,0.0,0.0,0.0,0.0,0.0,
SS-022315-PV1,2022-07-22,SLURRY,0.0,0.0,0.0,0.0,0.0,
SS-014920-PV1,2022-07-22,SLURRY,0.0,0.0,0.0,0.0,0.0,
SS-018720-PV1,2022-07-25,SLURRY,0.0,0.0,0.0,0.0,0.0,
SS-018719-PV1,2022-07-25,SLURRY,0.0,0.0,0.0,0.0,0.0,
SS-022318-PV1,2022-07-25,SLURRY,0.0,0.0,0.0,0.0,0.0,
SS-005208-PV1,2022-07-25,SLURRY,0.0,0.0,0.0,0.0,0.0,
SS-024887-PV1,2022-07-25,SLURRY,0.0,0.0,0.0,0.0,0.0,
SS-011940-PV1,2022-07-25,SLURRY,0.0,0.0,0.0,0.0,0.0,
SS-006930-PV1,2022-07-25,SLURRY,0.0,0.0,0.0,0.0,0.0,
SS-006931-PV1,2022-07-25,SLURRY,0.0,0.0,0.0,0.0,0.0,
SS-023147-PV1,2022-07-25,SLURRY,0.0,0.0,0.0,0.0,0.0,
SS-028181-PV1,2022-07-25,SLURRY,0.0,0.0,0.0,0.0,0.0,
SS-016284-PV1,2022-07-25,SLURRY,0.0,0.0,0.0,0.0,0.0,
SS-024888-PV1,2022-07-25,SLURRY,0.0,0.0,0.0,0.0,0.0,
SS-011936-PV1,2022-07-25,SLURRY,0.0,0.0,0.0,0.0,0.0,
SS-006929-PV1,2022-07-25,SLURRY,0.0,0.0,0.0,0.0,0.0,
SS-016283-PV1,2022-07-25,SLURRY,0.0,0.5,0.0,9.496153518270923,-0.5,
SS-024794-PV1,2022-07-25,SLURRY,0.0,0.0,0.0,0.0,0.0,
SS-021701-PV1,2022-07-25,SLURRY,0.0,0.0,0.0,0.0,0.0,
SS-011938-PV1,2022-07-25,SLURRY,0.5,0.0,3.981610989970262,0.0,0.5,100.0
SS-006588-PV1,2022-07-25,SLURRY,0.0,0.5,0.0,2.3403220017128676,-0.5,
SS-011939-PV1,2022-07-25,SLURRY,0.0,0.0,0.0,0.0,0.0,
SS-021753-PV1,2022-07-26,SLURRY,0.0,0.0,0.0,0.0,0.0,
SS-021751-PV1,2022-07-26,SLURRY,0.0,0.0,0.0,0.0,0.0,
SS-021752-PV1,2022-07-26,SLURRY,0.0,0.0,0.0,0.0,0.0,
SS-015239-PV1,2022-07-26,SLURRY,0.0,0.0,0.0,0.0,0.0,
SS-015238-PV1,2022-07-26,SLURRY,0.0,0.0,0.0,0.0,0.0,
SS-009054-PV1,2022-07-26,SLURRY,0.0,0.0,0.0,0.0,0.0,
SS-002200-PV1,2022-07-26,SLURRY,0.0,0.0,0.0,0.0,0.0,
SS-023854-PV1,2022-07-26,SLURRY,0.0,0.0,0.0,0.0,0.0,
SS-031251-PV1,2022-07-26,SLURRY,0.0,0.0,0.0,0.0,0.0,
SS-015240-PV1,2022-07-26,SLURRY,0.0,0.0,0.0,0.0,0.0,
SS-021754-PV1,2022-07-26,SLURRY,0.0,0.0,0.0,0.0,0.0,
SS-008733-PV1,2022-07-26,SLURRY,0.0,0.0,0.0,0.0,0.0,
SS-002199-PV1,2022-07-26,SLURRY,0.0,0.0,0.0,0.0,0.0,
SS-031252-PV1,2022-07-26,SLURRY,0.5,0.0,4.77689978118542,0.0,0.5,100.0
SS-009055-PV1,2022-07-26,SLURRY,0.0,0.0,0.0,0.0,0.0,
SS-031253-PV1,2022-07-26,SLURRY,0.0,0.0,0.0,0.0,0.0,
SS-020791-PV1,2022-07-27,SLURRY,0.0,0.0,0.0,0.0,0.0,
SS-017061-PV1,2022-07-27,SLURRY,0.0,0.0,0.0,0.0,0.0,
SS-016285-PV1,2022-07-27,SLURRY,0.0,0.0,0.0,0.0,0.0,
SS-017062-PV1,2022-07-27,SLURRY,0.0,0.0,0.0,0.0,0.0,
SS-010361-PV1,2022-07-27,SLURRY,0.0,0.5,0.0,5.879423709577848,-0.5,
SS-017060-PV1,2022-07-27,SLURRY,0.0,0.0,0.0,0.0,0.0,
SS-021702-PV1,2022-07-27,SLURRY,0.0,0.0,0.0,0.0,0.0,
SS-021704-PV1,2022-07-27,SLURRY,0.0,0.0,0.0,0.0,0.0,
SS-031255-PV1,2022-07-27,SLURRY,0.0,0.0,0.0,0.0,0.0,
SS-031256-PV1,2022-07-27,SLURRY,0.0,0.0,0.0,0.0,0.0,
SS-031257-PV1,2022-07-27,SLURRY,0.0,0.0,0.0,0.0,0.0,
SS-031258-PV1,2022-07-27,SLURRY,0.0,0.0,0.0,0.0,0.0,
SS-031259-PV1,2022-07-27,SLURRY,0.0,0.0,0.0,0.0,0.0,
SS-024409-PV1,2022-07-27,SLURRY,0.0,1.0,0.0,5.279997360001319,-1.0,
SS-031260-PV1,2022-07-27,SLURRY,0.0,0.0,0.0,0.0,0.0,
SS-010362-PV1,2022-07-27,SLURRY,0.0,0.0,0.0,0.0,0.0,
SS-014264-PV1,2022-07-27,SLURRY,0.0,0.0,0.0,0.0,0.0,
SS-021703-PV1,2022-07-27,SLURRY,0.0,0.0,0.0,0.0,0.0,
SS-024410-PV1,2022-07-27,SLURRY,0.0,0.0,0.0,0.0,0.0,
SS-014790-PV1,2022-07-28,SLURRY,0.0,0.0,0.0,0.0,0.0,
SS-031254-PV1,2022-07-28,SLURRY,0.0,1.0,0.0,3.164072436884096,-1.0,
SS-014788-PV1,2022-07-28,SLURRY,0.0,0.0,0.0,0.0,0.0,
SS-014853-PV1,2022-07-28,SLURRY,0.0,0.5,0.0,14.98043181094695,-0.5,
SS-014789-PV1,2022-07-28,SLURRY,0.0,0.0,0.0,0.0,0.0,
SS-014854-PV1,2022-07-28,SLURRY,0.0,0.0,0.0,0.0,0.0,
SS-024889-PV1,2022-07-28,SLURRY,0.0,0.0,0.0,0.0,0.0,
SS-014852-PV1,2022-07-28,SLURRY,0.0,0.0,0.0,0.0,0.0,
SS-005207-PV1,2022-07-28,SLURRY,0.0,0.5,0.0,2.442094832647589,-0.5,
SS-022316-PV1,2022-07-28,SLURRY,0.0,0.0,0.0,0.0,0.0,
SS-016298-PV1,2022-07-28,SLURRY,0.0,0.0,0.0,0.0,0.0,
SS-005209-PV1,2022-07-29,SLURRY,0.0,0.0,0.0,0.0,0.0,
SS-005205-PV1,2022-07-29,SLURRY,0.5,0.0,3.0320083609927533,0.0,0.5,100.0
SS-028040-PV1,2022-07-29,SLURRY,0.0,0.0,0.0,0.0,0.0,
SS-028041-PV1,2022-07-29,SLURRY,0.0,0.0,0.0,0.0,0.0,
SS-028039-PV1,2022-07-29,SLURRY,0.0,0.0,0.0,0.0,0.0,
SS-022943-PV1,2022-08-02,SLURRY,0.0,0.0,0.0,0.0,0.0,
SS-026452-PV1,2022-08-02,SLURRY,0.0,0.0,0.0,0.0,0.0,
SS-026451-PV1,2022-08-02,SLURRY,0.5,0.0,8.858260781157673,0.0,0.5,100.0
SS-022944-PV1,2022-08-02,SLURRY,0.0,0.0,0.0,0.0,0.0,
SS-026423-PV1,2022-08-02,SLURRY,0.0,0.0,0.0,0.0,0.0,
SS-022946-PV1,2022-08-02,SLURRY,0.0,0.0,0.0,0.0,0.0,
SS-026450-PV1,2022-08-02,SLURRY,0.0,0.0,0.0,0.0,0.0,
SS-022945-PV1,2022-08-02,SLURRY,0.0,0.0,0.0,0.0,0.0,
SS-020210-PV1,2022-08-03,SLURRY,0.0,0.0,0.0,0.0,0.0,
SS-017864-PV1,2022-08-03,SLURRY,0.0,0.0,0.0,0.0,0.0,
SS-016600-PV1,2022-08-03,SLURRY,0.0,0.0,0.0,0.0,0.0,
SS-008122-PV1,2022-08-04,SLURRY,0.0,0.0,0.0,0.0,0.0,
SS-004691-PV1,2022-08-05,SLURRY,0.0,0.0,0.0,0.0,0.0,
SS-004694-PV1,2022-08-05,SLURRY,0.0,0.0,0.0,0.0,0.0,
SS-004693-PV1,2022-08-05,SLURRY,0.0,0.0,0.0,0.0,0.0,
SS-024276-PV1,2022-08-12,CONCRETE,0.0,1.0,0.0,4.9382762236029025,-1.0,
SS-024579-PV1,2022-08-27,SLURRY,0.0,0.0,0.0,0.0,0.0,
SS-003201-PV1,2022-08-27,SLURRY,0.0,0.0,0.0,0.0,0.0,
SS-003200-PV1,2022-08-27,SLURRY,0.0,0.0,0.0,0.0,0.0,
SS-003202-PV1,2022-08-27,SLURRY,0.0,0.0,0.0,0.0,0.0,
SS-026324-PV1,2022-08-30,SLURRY,0.0,0.0,0.0,0.0,0.0,
SS-006188-PV1,2022-08-30,SLURRY,0.0,0.0,0.0,0.0,0.0,
SS-018012-PV1,2022-08-30,SLURRY,0.0,0.0,0.0,0.0,0.0,
SS-006186-PV1,2022-08-30,SLURRY,0.0,0.0,0.0,0.0,0.0,
SS-006185-PV1,2022-08-30,SLURRY,0.0,0.0,0.0,0.0,0.0,
SS-024715-PV1,2022-08-30,SLURRY,0.0,0.0,0.0,0.0,0.0,
SS-000791-PV1,2022-08-30,OVERLAY,1.0,0.0,11.36515044510277,0.0,1.0,100.0
SS-003071-PV1,2022-08-30,SLURRY,0.0,0.0,0.0,0.0,0.0,
SS-006187-PV1,2022-08-30,SLURRY,0.0,0.0,0.0,0.0,0.0,
SS-003070-PV1,2022-08-30,SLURRY,0.0,0.0,0.0,0.0,0.0,
SS-021271-PV1,2022-08-30,SLURRY,0.0,0.0,0.0,0.0,0.0,
SS-003073-PV1,2022-08-30,SLURRY,0.0,0.0,0.0,0.0,0.0,
SS-021802-PV1,2022-08-30,SLURRY,0.0,0.0,0.0,0.0,0.0,
SS-021801-PV1,2022-08-30,SLURRY,0.0,0.0,0.0,0.0,0.0,
SS-021268-PV1,2022-08-30,SLURRY,0.0,0.0,0.0,0.0,0.0,
SS-021269-PV1,2022-08-30,SLURRY,0.0,0.0,0.0,0.0,0.0,
SS-011808-PV1,2022-08-30,SLURRY,0.0,0.0,0.0,0.0,0.0,
SS-003072-PV1,2022-08-30,SLURRY,0.0,0.0,0.0,0.0,0.0,
SS-011807-PV1,2022-08-30,SLURRY,0.0,0.0,0.0,0.0,0.0,
SS-027533-PV1,2022-08-30,SLURRY,0.0,0.0,0.0,0.0,0.0,
SS-028737-PV1,2022-08-30,OVERLAY,0.5,0.0,8.766768104372359,0.0,0.5,100.0
SS-021270-PV1,2022-08-30,SLURRY,0.5,1.0,10.731358329810412,21.462716659620824,-0.5,-100.0
SS-021803-PV1,2022-08-30,SLURRY,0.0,0.0,0.0,0.0,0.0,
SS-028741-PV1,2022-08-31,OVERLAY,0.0,1.5,0.0,20.838507878639895,-1.5,
SS-021285-PV1,2022-08-31,SLURRY,0.0,0.0,0.0,0.0,0.0,
SS-021804-PV1,2022-08-31,SLURRY,0.0,0.0,0.0,0.0,0.0,
SS-021805-PV1,2022-08-31,SLURRY,0.0,0.0,0.0,0.0,0.0,
SS-003075-PV1,2022-08-31,SLURRY,0.0,1.5,0.0,8.824673787911,-1.5,
SS-021799-PV1,2022-08-31,SLURRY,0.0,0.0,0.0,0.0,0.0,
SS-028742-PV1,2022-08-31,OVERLAY,0.0,0.0,0.0,0.0,0.0,
SS-014316-PV1,2022-08-31,SLURRY,0.0,0.0,0.0,0.0,0.0,
SS-028929-PV1,2022-08-31,SLURRY,0.0,0.0,0.0,0.0,0.0,
SS-028928-PV1,2022-08-31,SLURRY,0.0,0.0,0.0,0.0,0.0,
SS-026326-PV1,2022-08-31,SLURRY,0.0,0.5,0.0,2.814012631718975,-0.5,
SS-011806-PV1,2022-08-31,SLURRY,0.0,0.0,0.0,0.0,0.0,
SS-028740-PV1,2022-08-31,OVERLAY,0.0,0.5,0.0,6.946163810012948,-0.5,
SS-003074-PV1,2022-08-31,SLURRY,0.0,0.0,0.0,0.0,0.0,
SS-015072-PV1,2022-08-31,SLURRY,0.0,0.0,0.0,0.0,0.0,
SS-028739-PV1,2022-08-31,OVERLAY,0.0,0.5,0.0,6.9461656376343255,-0.5,
SS-021273-PV1,2022-08-31,SLURRY,0.0,0.0,0.0,0.0,0.0,
SS-021272-PV1,2022-08-31,SLURRY,0.0,0.0,0.0,0.0,0.0,
SS-004977-PV1,2022-09-01,SLURRY,0.0,0.0,0.0,0.0,0.0,
SS-021325-PV1,2022-09-01,SLURRY,0.0,0.0,0.0,0.0,0.0,
SS-021267-PV1,2022-09-01,SLURRY,0.0,0.0,0.0,0.0,0.0,
SS-021800-PV1,2022-09-01,SLURRY,0.0,0.0,0.0,0.0,0.0,
SS-002333-PV1,2022-09-01,SLURRY,0.5,0.0,8.351996142896326,0.0,0.5,100.0
SS-001822-PV1,2022-09-01,SLURRY,0.0,0.0,0.0,0.0,0.0,
SS-028745-PV1,2022-09-01,OVERLAY,1.5,1.0,21.116249754043682,14.077499836029123,0.5,33.33333333333333
SS-028744-PV1,2022-09-01,OVERLAY,0.0,0.0,0.0,0.0,0.0,
SS-021286-PV1,2022-09-01,SLURRY,0.0,0.0,0.0,0.0,0.0,
SS-002332-PV1,2022-09-01,SLURRY,0.0,0.0,0.0,0.0,0.0,
SS-027532-PV1,2022-09-01,SLURRY,0.0,0.0,0.0,0.0,0.0,
SS-021328-PV1,2022-09-01,SLURRY,0.0,0.0,0.0,0.0,0.0,
SS-028743-PV1,2022-09-01,OVERLAY,0.0,0.5,0.0,6.909800924447609,-0.5,
SS-021857-PV1,2022-09-02,SLURRY,0.0,0.0,0.0,0.0,0.0,
SS-001046-PV1,2022-09-02,OVERLAY,1.0,3.0,7.774915031811625,23.324745095434878,-2.0,-200.0
SS-024548-PV1,2022-09-02,SLURRY,1.5,0.0,13.62786030204294,0.0,1.5,100.0
SS-027534-PV1,2022-09-02,SLURRY,0.0,0.0,0.0,0.0,0.0,
SS-024550-PV1,2022-09-02,SLURRY,0.0,0.5,0.0,2.0841124084974,-0.5,
SS-004978-PV1,2022-09-02,SLURRY,0.0,0.0,0.0,0.0,0.0,
SS-024547-PV1,2022-09-02,SLURRY,0.0,0.0,0.0,0.0,0.0,
SS-022629-PV1,2022-09-02,SLURRY,0.0,0.0,0.0,0.0,0.0,
SS-024549-PV1,2022-09-02,SLURRY,0.0,0.0,0.0,0.0,0.0,
SS-027535-PV1,2022-09-02,SLURRY,0.0,0.0,0.0,0.0,0.0,
SS-024554-PV1,2022-09-02,SLURRY,0.0,0.0,0.0,0.0,0.0,
SS-026325-PV1,2022-09-02,SLURRY,0.0,0.0,0.0,0.0,0.0,
SS-028755-PV1,2022-09-02,OVERLAY,0.0,0.0,0.0,0.0,0.0,
SS-027188-PV1,2022-09-07,OVERLAY,8.5,5.5,132.76016910947743,85.90363883554423,3.0,35.294117647058826
SS-028157-PV1,2022-09-08,OVERLAY,1.0,1.0,18.002763833402152,18.002763833402152,0.0,0.0
SS-019619-PV1,2022-09-13,SLURRY,1.0,1.0,0.7073585951986909,0.7073585951986909,0.0,0.0
SS-004707-PV1,2022-09-13,OVERLAY,0.0,0.0,0.0,0.0,0.0,
SS-004696-PV1,2022-09-13,OVERLAY,0.0,0.0,0.0,0.0,0.0,
SS-004173-PV1,2022-09-15,SLURRY,0.0,0.5,0.0,4.245714281119357,-0.5,
SS-004174-PV1,2022-09-15,SLURRY,0.5,1.0,4.7341165905322695,9.468233181064539,-0.5,-100.0
SS-021084-PV1,2022-09-16,SLURRY,1.5,0.0,4.296217934116956,0.0,1.5,100.0
SS-021082-PV1,2022-09-16,SLURRY,1.0,1.5,4.233798024740777,6.350697037111165,-0.5,-50.0
SS-006979-PV1,2022-09-16,SLURRY,3.0,2.0,3.4099183632391856,2.2732789088261236,1.0,33.33333333333333
SS-029177-PV1,2022-09-16,SLURRY,0.0,0.0,0.0,0.0,0.0,
SS-021083-PV1,2022-09-16,SLURRY,0.0,0.0,0.0,0.0,0.0,
SS-021098-PV1,2022-09-16,SLURRY,0.0,0.0,0.0,0.0,0.0,
SS-024505-PV1,2022-09-17,SLURRY,1.5,0.0,17.27805606161983,0.0,1.5,100.0
SS-024506-PV1,2022-09-17,SLURRY,0.0,0.5,0.0,4.143465613473044,-0.5,
SS-009131-PV1,2022-09-20,SLURRY,0.0,0.5,0.0,1.0168213840002076,-0.5,
SS-022252-PV1,2022-09-20,SLURRY,0.0,0.0,0.0,0.0,0.0,
SS-007964-PV1,2022-09-20,SLURRY,0.5,0.5,4.960786299661181,4.960786299661181,0.0,0.0
SS-007965-PV1,2022-09-20,SLURRY,0.0,0.0,0.0,0.0,0.0,
SS-020250-PV1,2022-09-20,SLURRY,0.0,1.5,0.0,4.178595933730212,-1.5,
SS-022251-PV1,2022-09-20,SLURRY,0.0,0.0,0.0,0.0,0.0,
SS-020251-PV1,2022-09-20,SLURRY,0.0,0.0,0.0,0.0,0.0,
SS-007761-PV1,2022-09-26,SLURRY,1.5,1.0,12.52964320575351,8.35309547050234,0.5,33.33333333333333
SS-013595-PV1,2022-09-26,OVERLAY,0.0,0.5,0.0,11.044486270323006,-0.5,
SS-022499-PV1,2022-09-30,SLURRY,0.0,0.0,0.0,0.0,0.0,
SS-026094-PV1,2022-09-30,SLURRY,0.5,0.0,4.567517510979775,0.0,0.5,100.0
SS-007705-PV1,2022-09-30,SLURRY,0.0,0.0,0.0,0.0,0.0,
SS-016498-PV1,2022-09-30,SLURRY,1.0,1.5,7.726047241559695,11.589070862339543,-0.5,-50.0
SS-016499-PV1,2022-09-30,SLURRY,1.0,0.5,6.41103008011602,3.20551504005801,0.5,50.0
SS-026090-PV1,2022-09-30,SLURRY,1.5,1.0,47.32008211707179,31.546721411381196,0.5,33.33333333333333
SS-026089-PV1,2022-09-30,SLURRY,0.0,0.0,0.0,0.0,0.0,
SS-016500-PV1,2022-09-30,SLURRY,1.5,1.0,7.454185699389444,4.969457132926296,0.5,33.33333333333333
SS-026098-PV1,2022-09-30,SLURRY,0.0,0.5,0.0,9.589319241877137,-0.5,
SS-007747-PV1,2022-09-30,SLURRY,0.0,0.0,0.0,0.0,0.0,
SS-003914-PV1,2022-09-30,SLURRY,0.0,0.0,0.0,0.0,0.0,
SS-011658-PV1,2022-09-30,SLURRY,0.0,0.0,0.0,0.0,0.0,
SS-020718-PV1,2022-09-30,SLURRY,0.0,0.0,0.0,0.0,0.0,
SS-022349-PV1,2022-09-30,SLURRY,0.0,0.0,0.0,0.0,0.0,
SS-016515-PV1,2022-09-30,SLURRY,0.0,0.5,0.0,1.898502872276637,-0.5,
SS-016516-PV1,2022-09-30,SLURRY,0.5,1.0,3.4004286858618293,6.800857371723659,-0.5,-100.0
SS-007749-PV1,2022-09-30,SLURRY,0.0,0.0,0.0,0.0,0.0,
SS-020214-PV1,2022-09-30,SLURRY,0.5,0.5,2.0478289057565866,2.0478289057565866,0.0,0.0
SS-007748-PV1,2022-09-30,SLURRY,0.0,0.0,0.0,0.0,0.0,
SS-022500-PV1,2022-09-30,SLURRY,0.0,0.0,0.0,0.0,0.0,
SS-002549-PV1,2022-10-03,SLURRY,0.0,0.0,0.0,0.0,0.0,
SS-028469-PV1,2022-10-03,SLURRY,1.0,0.5,3.8399648119588137,1.9199824059794068,0.5,50.0
SS-007746-PV1,2022-10-03,SLURRY,0.5,0.5,4.38460492135364,4.38460492135364,0.0,0.0
SS-011659-PV1,2022-10-03,SLURRY,2.5,1.5,75.58301993101331,45.34981195860799,1.0,40.0
SS-022350-PV1,2022-10-03,SLURRY,0.0,0.0,0.0,0.0,0.0,
SS-011770-PV1,2022-10-03,SLURRY,0.0,0.0,0.0,0.0,0.0,
SS-009749-PV1,2022-10-03,SLURRY,0.0,0.5,0.0,15.004313740200308,-0.5,
SS-013504-PV1,2022-10-03,SLURRY,0.0,0.0,0.0,0.0,0.0,
SS-013503-PV1,2022-10-03,SLURRY,0.0,0.0,0.0,0.0,0.0,
SS-013502-PV1,2022-10-03,SLURRY,0.0,0.0,0.0,0.0,0.0,
SS-007751-PV1,2022-10-03,SLURRY,0.0,0.0,0.0,0.0,0.0,
SS-007750-PV1,2022-10-03,SLURRY,0.0,0.0,0.0,0.0,0.0,
SS-026093-PV1,2022-10-03,SLURRY,0.5,1.0,14.93048839663521,29.86097679327042,-0.5,-100.0
SS-009818-PV1,2022-10-03,SLURRY,0.0,0.5,0.0,27.16463000539177,-0.5,
SS-007709-PV1,2022-10-03,SLURRY,0.0,0.0,0.0,0.0,0.0,
SS-009819-PV1,2022-10-03,SLURRY,1.5,1.5,5.339597382221932,5.339597382221932,0.0,0.0
SS-007706-PV1,2022-10-03,SLURRY,0.0,0.0,0.0,0.0,0.0,
SS-027073-PV1,2022-10-03,SLURRY,1.0,1.0,9.574514383531834,9.574514383531834,0.0,0.0
SS-027072-PV1,2022-10-03,SLURRY,1.5,1.5,13.791912088401977,13.791912088401977,0.0,0.0
SS-027068-PV1,2022-10-03,SLURRY,1.0,2.0,7.403672333654347,14.807344667308694,-1.0,-100.0
SS-027067-PV1,2022-10-03,SLURRY,0.0,0.0,0.0,0.0,0.0,
SS-009552-PV1,2022-10-03,SLURRY,0.0,0.5,0.0,6.968098514132175,-0.5,
SS-027057-PV1,2022-10-03,SLURRY,0.0,0.0,0.0,0.0,0.0,
SS-007707-PV1,2022-10-03,SLURRY,0.0,0.0,0.0,0.0,0.0,
SS-007708-PV1,2022-10-04,SLURRY,0.0,0.0,0.0,0.0,0.0,
SS-017494-PV1,2022-10-04,SLURRY,0.0,0.0,0.0,0.0,0.0,
SS-017493-PV1,2022-10-04,SLURRY,0.0,0.0,0.0,0.0,0.0,
SS-011662-PV1,2022-10-04,SLURRY,0.5,0.0,2.8576321183994917,0.0,0.5,100.0
SS-011666-PV1,2022-10-04,SLURRY,1.5,2.5,7.514310634580687,12.523851057634477,-1.0,-66.66666666666666
SS-022351-PV1,2022-10-04,SLURRY,0.5,0.0,2.3210827640086573,0.0,0.5,100.0
SS-007360-PV1,2022-10-04,SLURRY,0.0,0.0,0.0,0.0,0.0,
SS-009748-PV1,2022-10-04,SLURRY,1.0,0.0,4.840950924126529,0.0,1.0,100.0
SS-022501-PV1,2022-10-04,SLURRY,0.0,0.0,0.0,0.0,0.0,
SS-013505-PV1,2022-10-04,SLURRY,0.0,0.0,0.0,0.0,0.0,
SS-027058-PV1,2022-10-04,SLURRY,0.0,0.0,0.0,0.0,0.0,
SS-027059-PV1,2022-10-04,SLURRY,0.0,0.5,0.0,2.635177624946348,-0.5,
SS-018299-PV1,2022-10-04,SLURRY,0.0,0.0,0.0,0.0,0.0,
SS-007409-PV1,2022-10-04,SLURRY,0.0,0.0,0.0,0.0,0.0,
SS-012416-PV1,2022-10-04,SLURRY,0.0,0.0,0.0,0.0,0.0,
SS-026091-PV1,2022-10-04,SLURRY,0.0,0.0,0.0,0.0,0.0,
SS-010574-PV1,2022-10-13,OVERLAY,3.5,5.0,26.17538527957521,37.3934075422503,-1.5,-42.857142857142854
SS-010573-PV1,2022-10-13,OVERLAY,3.0,2.0,31.55071777882947,21.03381185255298,1.0,33.33333333333333
SS-010585-PV1,2022-10-13,OVERLAY,2.5,2.0,19.90779673777571,15.926237390220567,0.5,20.0
SS-009584-PV1,2022-10-19,OVERLAY,0.0,0.5,0.0,17.254935793991756,-0.5,
SS-010466-PV1,2022-10-19,OVERLAY,0.5,0.0,10.958440115860599,0.0,0.5,100.0
SS-008067-PV1,2022-10-20,OVERLAY,0.0,0.0,0.0,0.0,0.0,
SS-005398-PV1,2022-10-20,OVERLAY,0.0,0.0,0.0,0.0,0.0,
SS-005397-PV1,2022-10-20,OVERLAY,0.0,0.0,0.0,0.0,0.0,
SS-030076-PV1,2022-10-20,OVERLAY,0.0,0.5,0.0,9.859734078490206,-0.5,
SS-017621-PV1,2022-10-21,OVERLAY,3.5,2.0,8.991496613202942,5.1379980646873955,1.5,42.857142857142854
SS-017608-PV1,2022-10-21,OVERLAY,4.0,1.5,26.083966659948068,9.781487497480526,2.5,62.5
SS-005250-PV1,2022-10-21,OVERLAY,0.0,0.0,0.0,0.0,0.0,
SS-001064-PV1,2022-10-26,OVERLAY,0.0,0.0,0.0,0.0,0.0,
SS-001062-PV1,2022-10-26,OVERLAY,0.0,0.0,0.0,0.0,0.0,
SS-001066-PV1,2022-10-26,OVERLAY,0.0,0.5,0.0,5.197958541161433,-0.5,
SS-026801-PV1,2022-10-26,OVERLAY,0.0,0.0,0.0,0.0,0.0,
SS-026802-PV1,2022-10-26,OVERLAY,0.0,0.0,0.0,0.0,0.0,
SS-001065-PV1,2022-10-26,OVERLAY,0.0,0.0,0.0,0.0,0.0,
SS-010739-PV1,2022-10-27,OVERLAY,0.0,0.5,0.0,2.007068377854646,-0.5,
SS-011697-PV1,2022-10-27,OVERLAY,0.5,0.0,5.343504343014117,0.0,0.5,100.0
SS-008179-PV1,2022-10-27,OVERLAY,0.0,0.0,0.0,0.0,0.0,
SS-010743-PV1,2022-10-27,OVERLAY,0.0,0.0,0.0,0.0,0.0,
SS-011698-PV1,2022-10-27,OVERLAY,0.0,0.0,0.0,0.0,0.0,
SS-008180-PV1,2022-10-28,OVERLAY,1.5,0.0,6.028317565071196,0.0,1.5,100.0
SS-004738-PV1,2022-10-28,OVERLAY,1.0,0.0,10.902751995017772,0.0,1.0,100.0
SS-006521-PV1,2022-11-07,OVERLAY,0.0,0.0,0.0,0.0,0.0,
SS-008742-PV1,2022-11-07,OVERLAY,0.0,0.0,0.0,0.0,0.0,
SS-015713-PV1,2022-11-07,OVERLAY,0.0,0.0,0.0,0.0,0.0,
SS-008743-PV1,2022-11-07,OVERLAY,0.5,0.5,9.78738028532438,9.78738028532438,0.0,0.0
SS-012912-PV1,2022-11-09,OVERLAY,0.0,0.0,0.0,0.0,0.0,
SS-013594-PV1,2022-11-09,OVERLAY,0.0,0.0,0.0,0.0,0.0,
SS-001087-PV1,2022-11-21,OVERLAY,0.0,1.0,0.0,15.998015407405642,-1.0,
SS-029389-PV1,2022-11-30,SLURRY,0.0,0.5,0.0,3.6923030446535106,-0.5,
SS-029645-PV1,2022-11-30,SLURRY,0.0,0.0,0.0,0.0,0.0,
SS-011454-PV1,2022-11-30,SLURRY,0.0,0.0,0.0,0.0,0.0,
SS-028368-PV1,2022-11-30,SLURRY,0.0,0.5,0.0,21.999981666681943,-0.5,
SS-029438-PV1,2022-11-30,SLURRY,0.0,0.0,0.0,0.0,0.0,
SS-029646-PV1,2022-11-30,SLURRY,0.0,0.0,0.0,0.0,0.0,
SS-029444-PV1,2022-11-30,SLURRY,0.0,0.5,0.0,7.542068457984107,-0.5,
SS-029443-PV1,2022-11-30,SLURRY,0.0,0.0,0.0,0.0,0.0,
SS-016733-PV1,2022-11-30,SLURRY,0.0,0.0,0.0,0.0,0.0,
SS-029442-PV1,2022-11-30,SLURRY,0.0,0.0,0.0,0.0,0.0,
SS-029439-PV1,2022-11-30,SLURRY,0.0,0.5,0.0,26.137397566647888,-0.5,
SS-026555-PV1,2022-12-08,OVERLAY,0.0,0.0,0.0,0.0,0.0,
SS-026553-PV1,2022-12-08,OVERLAY,0.0,0.0,0.0,0.0,0.0,
SS-026554-PV1,2022-12-08,OVERLAY,0.0,0.0,0.0,0.0,0.0,
SS-010333-PV1,2022-12-10,SLURRY,0.0,0.0,0.0,0.0,0.0,
SS-029425-PV1,2022-12-12,SLURRY,0.5,0.5,7.905786976174235,7.905786976174235,0.0,0.0
SS-029419-PV1,2022-12-12,SLURRY,0.0,0.5,0.0,13.74700000364504,-0.5,
SS-029424-PV1,2022-12-12,SLURRY,0.0,0.0,0.0,0.0,0.0,
SS-029423-PV1,2022-12-12,SLURRY,0.0,0.0,0.0,0.0,0.0,
SS-017171-PV1,2022-12-20,OVERLAY,0.0,0.0,0.0,0.0,0.0,
SS-017122-PV1,2022-12-20,OVERLAY,0.0,0.0,0.0,0.0,0.0,
SS-003470-PV1,2022-12-20,OVERLAY,0.0,0.0,0.0,0.0,0.0,
SS-004742-PV1,2022-12-22,CONCRETE,0.5,0.0,8.537000621842886,0.0,0.5,100.0
SS-001438-PV1,2022-12-27,CONCRETE,0.0,0.0,0.0,0.0,0.0,
SS-001437-PV1,2022-12-27,CONCRETE,0.5,0.5,2.8814518326033656,2.8814518326033656,0.0,0.0
SS-001177-PV1,2023-01-11,SLURRY,0.0,0.5,0.0,2.3437658137608177,-0.5,
SS-006519-PV1,2023-01-13,SLURRY,0.0,0.0,0.0,0.0,0.0,
SS-009585-PV1,2023-01-13,SLURRY,0.0,1.0,0.0,5.145029915717979,-1.0,
SS-001155-PV1,2023-01-13,SLURRY,0.5,0.0,2.4950948703117732,0.0,0.5,100.0
SS-001063-PV1,2023-01-13,SLURRY,0.0,0.0,0.0,0.0,0.0,
SS-008741-PV1,2023-01-13,SLURRY,0.0,0.0,0.0,0.0,0.0,
SS-006518-PV1,2023-01-13,SLURRY,0.0,0.0,0.0,0.0,0.0,
SS-006520-PV1,2023-01-13,SLURRY,0.0,0.0,0.0,0.0,0.0,
SS-010470-PV1,2023-01-13,SLURRY,0.0,0.0,0.0,0.0,0.0,
SS-016585-PV1,2023-01-19,SLURRY,0.0,0.0,0.0,0.0,0.0,
SS-016584-PV1,2023-01-19,SLURRY,0.0,0.0,0.0,0.0,0.0,
SS-001128-PV1,2023-01-26,SLURRY,0.0,0.0,0.0,0.0,0.0,
SS-012876-PV1,2023-01-26,SLURRY,0.5,0.5,11.478260869565217,11.478260869565217,0.0,0.0
SS-001129-PV1,2023-01-26,SLURRY,2.0,0.0,45.70745927556274,0.0,2.0,100.0
SS-012877-PV1,2023-01-26,SLURRY,0.0,0.0,0.0,0.0,0.0,
SS-001142-PV1,2023-01-26,SLURRY,1.0,1.0,7.292414783713607,7.292414783713607,0.0,0.0
SS-012878-PV1,2023-01-26,SLURRY,0.0,0.0,0.0,0.0,0.0,
SS-012879-PV1,2023-01-26,SLURRY,0.0,0.0,0.0,0.0,0.0,
SS-001127-PV1,2023-01-26,SLURRY,2.0,2.0,17.085943753267323,17.085943753267323,0.0,0.0
SS-012875-PV1,2023-01-26,SLURRY,0.0,0.0,0.0,0.0,0.0,
SS-012882-PV1,2023-01-27,SLURRY,0.5,0.5,1.4844414510707575,1.4844414510707575,0.0,0.0
SS-012880-PV1,2023-01-27,SLURRY,0.0,0.0,0.0,0.0,0.0,
SS-017605-PV1,2023-01-27,SLURRY,0.0,0.0,0.0,0.0,0.0,
SS-017604-PV1,2023-01-27,SLURRY,3.5,2.5,20.50051883618288,14.64322774013063,1.0,28.57142857142857
SS-017620-PV1,2023-01-27,SLURRY,4.0,4.0,15.76314560138453,15.76314560138453,0.0,0.0
SS-001084-PV1,2023-01-28,SLURRY,0.0,0.0,0.0,0.0,0.0,
SS-001085-PV1,2023-01-28,SLURRY,0.0,0.0,0.0,0.0,0.0,
SS-017127-PV1,2023-01-28,OVERLAY,0.0,0.0,0.0,0.0,0.0,
SS-001086-PV1,2023-01-28,SLURRY,0.0,0.0,0.0,0.0,0.0,
SS-017126-PV1,2023-01-28,OVERLAY,0.0,0.0,0.0,0.0,0.0,
SS-001082-PV1,2023-01-28,SLURRY,0.0,0.0,0.0,0.0,0.0,
SS-001083-PV1,2023-01-28,SLURRY,1.0,0.0,22.46078296247518,0.0,1.0,100.0
SS-001389-PV1,2023-01-28,OVERLAY,0.0,0.0,0.0,0.0,0.0,
SS-001390-PV1,2023-01-28,OVERLAY,1.0,0.5,12.20603792009114,6.10301896004557,0.5,50.0
SS-016752-PV1,2023-02-21,OVERLAY,0.0,0.0,0.0,0.0,0.0,
SS-016753-PV1,2023-02-21,OVERLAY,0.0,1.0,0.0,16.146788990825687,-1.0,
SS-016754-PV1,2023-02-21,OVERLAY,0.0,0.0,0.0,0.0,0.0,
SS-026078-PV1,2023-02-22,OVERLAY,0.0,0.0,0.0,0.0,0.0,
SS-026079-PV1,2023-02-22,OVERLAY,0.0,0.0,0.0,0.0,0.0,
SS-026082-PV1,2023-02-22,OVERLAY,0.0,0.0,0.0,0.0,0.0,
SS-029525-PV1,2023-02-28,OVERLAY,0.0,0.0,0.0,0.0,0.0,
SS-013586-PV1,2023-03-03,SLURRY,1.0,0.5,5.616300717163309,2.8081503585816545,0.5,50.0
SS-013587-PV1,2023-03-03,SLURRY,0.0,0.0,0.0,0.0,0.0,
SS-013589-PV1,2023-03-03,SLURRY,0.0,0.0,0.0,0.0,0.0,
SS-013590-PV1,2023-03-03,SLURRY,0.0,0.0,0.0,0.0,0.0,
SS-013605-PV1,2023-03-03,SLURRY,0.0,0.0,0.0,0.0,0.0,
SS-029582-PV1,2023-03-08,OVERLAY,0.5,0.0,3.864703748499134,0.0,0.5,100.0
SS-029580-PV1,2023-03-08,OVERLAY,0.0,0.0,0.0,0.0,0.0,
SS-029578-PV1,2023-03-08,OVERLAY,0.0,0.0,0.0,0.0,0.0,
SS-029577-PV1,2023-03-08,OVERLAY,1.0,0.0,16.758861565455415,0.0,1.0,100.0
SS-029579-PV1,2023-03-08,OVERLAY,0.5,0.0,6.856012060348489,0.0,0.5,100.0
SS-029576-PV1,2023-03-08,OVERLAY,0.0,0.0,0.0,0.0,0.0,
SS-001439-PV1,2023-03-08,OVERLAY,0.0,1.0,0.0,11.160296737071652,-1.0,
SS-029575-PV1,2023-03-08,OVERLAY,0.0,0.0,0.0,0.0,0.0,
SS-029574-PV1,2023-03-08,OVERLAY,0.0,0.5,0.0,8.541497279177221,-0.5,
SS-025376-PV1,2023-04-03,OVERLAY,0.0,0.0,0.0,0.0,0.0,
SS-001475-PV1,2023-04-12,OVERLAY,0.0,0.0,0.0,0.0,0.0,
SS-001473-PV1,2023-04-12,OVERLAY,0.5,0.0,5.248343044424639,0.0,0.5,100.0
SS-001474-PV1,2023-04-12,OVERLAY,0.0,0.5,0.0,5.592767703969721,-0.5,
SS-029524-PV1,2023-04-17,OVERLAY,0.0,0.0,0.0,0.0,0.0,
SS-015334-PV1,2023-04-21,OVERLAY,0.0,0.0,0.0,0.0,0.0,
SS-017606-PV1,2023-04-28,OVERLAY,0.0,0.0,0.0,0.0,0.0,
SS-026048-PV1,2023-05-01,OVERLAY,0.5,0.0,5.368271562964132,0.0,0.5,100.0
SS-026049-PV1,2023-05-01,OVERLAY,0.0,0.0,0.0,0.0,0.0,
SS-030014-PV1,2023-05-24,OVERLAY,0.0,0.0,0.0,0.0,0.0,
SS-029268-PV1,2023-05-24,OVERLAY,0.0,0.0,0.0,0.0,0.0,
SS-005039-PV1,2023-05-24,SLURRY,0.0,0.0,0.0,0.0,0.0,
SS-004740-PV1,2023-05-24,OVERLAY,0.0,0.0,0.0,0.0,0.0,
SS-013305-PV1,2023-05-24,SLURRY,0.0,0.5,0.0,4.512650806294464,-0.5,
SS-030015-PV1,2023-05-24,OVERLAY,3.5,4.0,128.06981190785902,146.36549932326747,-0.5,-14.285714285714285
SS-025769-PV1,2023-05-24,SLURRY,0.0,0.5,0.0,2.4222021248768137,-0.5,
SS-009290-PV1,2023-05-24,SLURRY,0.0,0.0,0.0,0.0,0.0,
SS-004822-PV1,2023-05-27,SLURRY,0.0,0.0,0.0,0.0,0.0,
SS-025930-PV1,2023-06-05,OVERLAY,1.0,1.5,3.1483619037238086,4.722542855585712,-0.5,-50.0
SS-029830-PV1,2023-06-06,OVERLAY,0.0,0.0,0.0,0.0,0.0,
SS-029831-PV1,2023-06-06,OVERLAY,0.0,0.0,0.0,0.0,0.0,
SS-009784-PV1,2023-06-07,OVERLAY,0.0,0.0,0.0,0.0,0.0,
SS-012930-PV1,2023-06-07,OVERLAY,0.0,0.0,0.0,0.0,0.0,
SS-028503-PV1,2023-06-07,OVERLAY,0.0,0.0,0.0,0.0,0.0,
SS-012929-PV1,2023-06-07,OVERLAY,1.0,0.0,29.98790260747085,0.0,1.0,100.0
SS-011214-PV1,2023-06-08,OVERLAY,0.0,0.0,0.0,0.0,0.0,
SS-008079-PV1,2023-06-08,OVERLAY,1.0,1.0,26.00981377860033,26.00981377860033,0.0,0.0
SS-008078-PV1,2023-06-08,OVERLAY,0.0,0.0,0.0,0.0,0.0,
SS-008077-PV1,2023-06-08,OVERLAY,1.0,1.5,31.300945549396804,46.95141832409521,-0.5,-50.0
SS-022304-PV1,2023-06-08,OVERLAY,0.0,0.5,0.0,3.6460044555831725,-0.5,
SS-022303-PV1,2023-06-08,OVERLAY,0.0,0.5,0.0,8.296397603598123,-0.5,
SS-022302-PV1,2023-06-08,OVERLAY,0.0,0.0,0.0,0.0,0.0,
SS-022301-PV1,2023-06-08,OVERLAY,0.5,0.5,7.984698414311483,7.984698414311483,0.0,0.0
SS-022300-PV1,2023-06-08,OVERLAY,0.0,0.0,0.0,0.0,0.0,
SS-023054-PV1,2023-06-12,OVERLAY,0.0,0.0,0.0,0.0,0.0,
SS-030011-PV1,2023-06-13,OVERLAY,1.0,4.5,6.075949367088608,27.341772151898734,-3.5,-350.0
SS-030012-PV1,2023-06-13,OVERLAY,1.0,1.5,7.068273092369478,10.602409638554217,-0.5,-50.0
SS-030018-PV1,2023-07-13,SLURRY,1.0,1.5,10.352941176470589,15.529411764705882,-0.5,-50.0
SS-025927-PV1,2023-07-13,SLURRY,0.0,0.0,0.0,0.0,0.0,
SS-014058-PV1,2023-09-06,OVERLAY,2.0,1.5,12.628509434070569,9.471382075552928,0.5,25.0
SS-013483-PV1,2023-09-19,OVERLAY,1.0,1.5,7.950505692818059,11.925758539227088,-0.5,-50.0
SS-028750-PV1,2023-09-19,OVERLAY,0.5,0.5,6.982911440283674,6.982911440283674,0.0,0.0
SS-028753-PV1,2023-09-19,OVERLAY,0.0,0.0,0.0,0.0,0.0,
SS-028754-PV1,2023-09-19,OVERLAY,1.0,1.0,14.002849898200873,14.002849898200873,0.0,0.0
SS-013817-PV1,2023-09-28,OVERLAY,1.0,0.5,14.270274127101114,7.135137063550557,0.5,50.0
SS-013818-PV1,2023-09-28,OVERLAY,0.0,0.0,0.0,0.0,0.0,
SS-013819-PV1,2023-09-28,OVERLAY,0.0,0.0,0.0,0.0,0.0,
SS-013820-PV1,2023-09-28,OVERLAY,1.0,1.0,13.894546706202966,13.894546706202966,0.0,0.0
SS-013823-PV1,2023-09-28,OVERLAY,0.0,0.0,0.0,0.0,0.0,
SS-000736-PV1,2023-09-28,OVERLAY,0.0,0.0,0.0,0.0,0.0,
SS-022134-PV1,2023-09-28,OVERLAY,0.0,0.0,0.0,0.0,0.0,
SS-014210-PV1,2023-09-28,OVERLAY,0.5,0.5,6.013507157098546,6.013507157098546,0.0,0.0
SS-004856-PV1,2023-11-07,SLURRY,0.0,0.0,0.0,0.0,0.0,
SS-005012-PV1,2023-11-07,OVERLAY,0.0,0.0,0.0,0.0,0.0,
SS-004857-PV1,2023-11-07,SLURRY,0.0,0.0,0.0,0.0,0.0,
